SID,SEASON,NAME,ISO_TIME,LAT,LON,WMO_WIND,WMO_PRES,STORM_SPEED,STORM_DIR,DIST2LAND,previous_wind,wind_change,year,month,day,hour,intensifies
1932244N19296,1932,UNNAMED,1932-08-30 18:00:00+00:00,18.8,-63.6,30.0,995.0,9.0,305.0,215,35.0,0.0,1932,8,30,18,0
1932244N19296,1932,UNNAMED,1932-08-31 00:00:00+00:00,19.3,-64.4,30.0,995.0,9.0,305.0,161,30.0,0.0,1932,8,31,0,1
1932244N19296,1932,UNNAMED,1932-08-31 06:00:00+00:00,19.8,-65.2,35.0,995.0,9.0,300.0,162,30.0,5.0,1932,8,31,6,1
1932244N19296,1932,UNNAMED,1932-08-31 12:00:00+00:00,20.2,-66.0,40.0,995.0,7.0,295.0,201,35.0,5.0,1932,8,31,12,1
1932244N19296,1932,UNNAMED,1932-08-31 18:00:00+00:00,20.4,-66.6,45.0,995.0,5.0,290.0,223,40.0,5.0,1932,8,31,18,1
1932244N19296,1932,UNNAMED,1932-09-01 00:00:00+00:00,20.6,-67.1,50.0,995.0,5.0,285.0,246,45.0,5.0,1932,9,1,0,0
1932244N19296,1932,UNNAMED,1932-09-01 06:00:00+00:00,20.7,-67.6,50.0,995.0,5.0,290.0,236,50.0,0.0,1932,9,1,6,0
1932244N19296,1932,UNNAMED,1932-09-01 12:00:00+00:00,20.9,-68.0,50.0,995.0,4.0,305.0,224,50.0,0.0,1932,9,1,12,0
1932244N19296,1932,UNNAMED,1932-09-01 18:00:00+00:00,21.1,-68.3,50.0,995.0,3.0,305.0,226,50.0,0.0,1932,9,1,18,1
1932244N19296,1932,UNNAMED,1932-09-02 00:00:00+00:00,21.3,-68.6,55.0,995.0,3.0,305.0,235,50.0,5.0,1932,9,2,0,0
1932244N19296,1932,UNNAMED,1932-09-02 06:00:00+00:00,21.5,-68.9,55.0,995.0,3.0,305.0,241,55.0,0.0,1932,9,2,6,1
1932244N19296,1932,UNNAMED,1932-09-02 12:00:00+00:00,21.7,-69.2,60.0,995.0,4.0,300.0,249,55.0,5.0,1932,9,2,12,1
1932244N19296,1932,UNNAMED,1932-09-02 18:00:00+00:00,21.9,-69.7,65.0,995.0,5.0,285.0,252,60.0,5.0,1932,9,2,18,1
1932244N19296,1932,UNNAMED,1932-09-03 00:00:00+00:00,22.0,-70.3,70.0,995.0,6.0,285.0,247,65.0,5.0,1932,9,3,0,1
1932244N19296,1932,UNNAMED,1932-09-03 06:00:00+00:00,22.2,-71.0,80.0,995.0,6.0,290.0,234,70.0,10.0,1932,9,3,6,1
1932244N19296,1932,UNNAMED,1932-09-03 12:00:00+00:00,22.4,-71.5,85.0,995.0,5.0,300.0,204,80.0,5.0,1932,9,3,12,1
1932244N19296,1932,UNNAMED,1932-09-03 18:00:00+00:00,22.7,-71.9,95.0,995.0,4.0,315.0,202,85.0,10.0,1932,9,3,18,1
1932244N19296,1932,UNNAMED,1932-09-04 00:00:00+00:00,23.0,-72.2,100.0,995.0,5.0,325.0,217,95.0,5.0,1932,9,4,0,1
1932244N19296,1932,UNNAMED,1932-09-04 06:00:00+00:00,23.5,-72.6,110.0,995.0,7.0,320.0,260,100.0,10.0,1932,9,4,6,1
1932244N19296,1932,UNNAMED,1932-09-04 12:00:00+00:00,24.0,-73.2,115.0,995.0,8.0,305.0,313,110.0,5.0,1932,9,4,12,1
1932244N19296,1932,UNNAMED,1932-09-04 18:00:00+00:00,24.4,-74.0,120.0,995.0,8.0,295.0,366,115.0,5.0,1932,9,4,18,1
1932244N19296,1932,UNNAMED,1932-09-05 00:00:00+00:00,24.7,-74.8,125.0,995.0,8.0,295.0,293,120.0,5.0,1932,9,5,0,1
1932244N19296,1932,UNNAMED,1932-09-05 06:00:00+00:00,25.1,-75.6,130.0,995.0,8.0,300.0,222,125.0,5.0,1932,9,5,6,1
1932244N19296,1932,UNNAMED,1932-09-05 12:00:00+00:00,25.5,-76.4,135.0,995.0,8.0,305.0,165,130.0,5.0,1932,9,5,12,1
1932244N19296,1932,UNNAMED,1932-09-05 18:00:00+00:00,26.0,-77.0,140.0,995.0,7.0,320.0,141,135.0,5.0,1932,9,5,18,0
1932244N19296,1932,UNNAMED,1932-09-06 00:00:00+00:00,26.5,-77.4,140.0,995.0,6.0,330.0,167,140.0,0.0,1932,9,6,0,0
1932244N19296,1932,UNNAMED,1932-09-06 06:00:00+00:00,27.0,-77.6,140.0,995.0,5.0,0.0,215,140.0,0.0,1932,9,6,6,0
1932244N19296,1932,UNNAMED,1932-09-06 12:00:00+00:00,27.5,-77.4,140.0,995.0,6.0,20.0,268,140.0,0.0,1932,9,6,12,0
1932244N19296,1932,UNNAMED,1932-09-06 18:00:00+00:00,28.1,-77.2,135.0,995.0,6.0,20.0,310,140.0,-5.0,1932,9,6,18,0
1932244N19296,1932,UNNAMED,1932-09-07 00:00:00+00:00,28.7,-76.9,135.0,995.0,7.0,25.0,351,135.0,0.0,1932,9,7,0,0
1932244N19296,1932,UNNAMED,1932-09-07 06:00:00+00:00,29.3,-76.5,130.0,995.0,7.0,35.0,399,135.0,-5.0,1932,9,7,6,0
1932244N19296,1932,UNNAMED,1932-09-07 12:00:00+00:00,29.8,-76.0,130.0,995.0,8.0,50.0,459,130.0,0.0,1932,9,7,12,0
1932244N19296,1932,UNNAMED,1932-09-07 18:00:00+00:00,30.5,-75.0,125.0,995.0,14.0,50.0,472,130.0,-5.0,1932,9,7,18,0
1932244N19296,1932,UNNAMED,1932-09-08 00:00:00+00:00,31.7,-73.6,115.0,995.0,21.0,40.0,429,125.0,-10.0,1932,9,8,0,0
1932244N19296,1932,UNNAMED,1932-09-08 06:00:00+00:00,33.5,-71.8,110.0,995.0,25.0,40.0,423,115.0,-5.0,1932,9,8,6,0
1932244N19296,1932,UNNAMED,1932-09-08 12:00:00+00:00,35.5,-70.1,100.0,995.0,21.0,25.0,487,110.0,-10.0,1932,9,8,12,0
1932244N19296,1932,UNNAMED,1932-09-08 18:00:00+00:00,37.2,-69.5,90.0,995.0,16.0,10.0,481,100.0,-10.0,1932,9,8,18,0
1932244N19296,1932,UNNAMED,1932-09-09 00:00:00+00:00,38.6,-69.2,85.0,995.0,12.0,25.0,346,90.0,-5.0,1932,9,9,0,0
1932244N19296,1932,UNNAMED,1932-09-09 06:00:00+00:00,39.5,-68.2,85.0,995.0,12.0,45.0,287,85.0,0.0,1932,9,9,6,0
1932244N19296,1932,UNNAMED,1932-09-09 12:00:00+00:00,40.3,-67.0,80.0,995.0,15.0,50.0,295,85.0,-5.0,1932,9,9,12,0
1932244N19296,1932,UNNAMED,1932-09-09 18:00:00+00:00,41.4,-65.0,80.0,995.0,21.0,60.0,234,80.0,0.0,1932,9,9,18,0
1932244N19296,1932,UNNAMED,1932-09-10 00:00:00+00:00,42.4,-62.5,75.0,995.0,17.0,65.0,239,80.0,-5.0,1932,9,10,0,0
1932244N19296,1932,UNNAMED,1932-09-10 06:00:00+00:00,42.9,-61.0,75.0,995.0,11.0,65.0,242,75.0,0.0,1932,9,10,6,0
1932244N19296,1932,UNNAMED,1932-09-10 12:00:00+00:00,43.4,-59.6,70.0,995.0,10.0,65.0,232,75.0,-5.0,1932,9,10,12,0
1932244N19296,1932,UNNAMED,1932-09-10 18:00:00+00:00,43.7,-58.6,70.0,995.0,7.0,75.0,254,70.0,0.0,1932,9,10,18,0
1932244N19296,1932,UNNAMED,1932-09-11 00:00:00+00:00,43.8,-57.8,65.0,995.0,6.0,80.0,286,70.0,-5.0,1932,9,11,0,0
1932244N19296,1932,UNNAMED,1932-09-11 06:00:00+00:00,44.0,-57.0,65.0,995.0,7.0,55.0,314,65.0,0.0,1932,9,11,6,0
1932244N19296,1932,UNNAMED,1932-09-11 12:00:00+00:00,44.7,-56.0,60.0,995.0,14.0,45.0,234,65.0,-5.0,1932,9,11,12,0
1932244N19296,1932,UNNAMED,1932-09-11 18:00:00+00:00,46.0,-54.0,60.0,995.0,23.0,50.0,73,60.0,0.0,1932,9,11,18,0
1932244N19296,1932,UNNAMED,1932-09-12 00:00:00+00:00,47.8,-51.0,60.0,995.0,31.0,50.0,123,60.0,0.0,1932,9,12,0,0
1932244N19296,1932,UNNAMED,1932-09-12 06:00:00+00:00,50.0,-47.0,55.0,995.0,34.0,50.0,464,60.0,-5.0,1932,9,12,6,0
1932244N19296,1932,UNNAMED,1932-09-12 12:00:00+00:00,52.0,-43.0,55.0,995.0,28.0,50.0,794,55.0,0.0,1932,9,12,12,0
1932244N19296,1932,UNNAMED,1932-09-12 18:00:00+00:00,53.7,-40.2,55.0,995.0,20.0,40.0,729,55.0,0.0,1932,9,12,18,0
1932244N19296,1932,UNNAMED,1932-09-13 00:00:00+00:00,55.2,-38.5,50.0,995.0,17.0,35.0,606,55.0,-5.0,1932,9,13,0,0
1932244N19296,1932,UNNAMED,1932-09-13 06:00:00+00:00,56.5,-36.8,50.0,995.0,16.0,35.0,540,50.0,0.0,1932,9,13,6,0
1932244N19296,1932,UNNAMED,1932-09-13 12:00:00+00:00,57.8,-35.0,50.0,995.0,18.0,40.0,526,50.0,0.0,1932,9,13,12,0
1932244N19296,1932,UNNAMED,1932-09-13 18:00:00+00:00,59.3,-32.5,50.0,995.0,20.0,40.0,588,50.0,0.0,1932,9,13,18,0
1932244N19296,1932,UNNAMED,1932-09-14 00:00:00+00:00,61.0,-30.0,50.0,995.0,23.0,35.0,484,50.0,0.0,1932,9,14,0,0
1932244N19296,1932,UNNAMED,1932-09-14 06:00:00+00:00,63.0,-27.0,50.0,995.0,24.0,35.0,230,50.0,0.0,1932,9,14,6,0
1932244N19296,1932,UNNAMED,1932-09-14 12:00:00+00:00,65.0,-24.0,50.0,995.0,26.0,40.0,21,50.0,0.0,1932,9,14,12,0
1932244N19296,1932,UNNAMED,1932-09-14 18:00:00+00:00,67.0,-19.0,50.0,995.0,31.0,50.0,99,50.0,0.0,1932,9,14,18,0
1932244N19296,1932,UNNAMED,1932-09-15 00:00:00+00:00,69.0,-12.0,50.0,995.0,33.0,55.0,323,50.0,0.0,1932,9,15,0,0
1932244N19296,1932,UNNAMED,1932-09-15 06:00:00+00:00,70.8,-4.0,50.0,995.0,32.0,60.0,626,50.0,0.0,1932,9,15,6,0
1932244N19296,1932,UNNAMED,1932-09-15 12:00:00+00:00,72.0,5.0,50.0,995.0,29.0,75.0,521,50.0,0.0,1932,9,15,12,0
1932244N19296,1932,UNNAMED,1932-09-15 18:00:00+00:00,72.5,14.0,50.0,995.0,26.0,85.0,356,50.0,0.0,1932,9,15,18,0
1932244N19296,1932,UNNAMED,1932-09-16 00:00:00+00:00,72.5,22.0,50.0,995.0,21.0,95.0,198,50.0,0.0,1932,9,16,0,0
1951272N20274,1951,HOW,1951-09-29 00:00:00+00:00,20.2,-85.8,25.0,995.0,12.0,320.0,132,35.0,0.0,1951,9,29,0,0
1951272N20274,1951,HOW,1951-09-29 06:00:00+00:00,21.1,-86.6,25.0,995.0,11.0,320.0,10,25.0,0.0,1951,9,29,6,0
1951272N20274,1951,HOW,1951-09-29 12:00:00+00:00,21.9,-87.2,25.0,995.0,9.0,340.0,45,25.0,0.0,1951,9,29,12,0
1951272N20274,1951,HOW,1951-09-29 18:00:00+00:00,22.7,-87.3,25.0,995.0,7.0,0.0,135,25.0,0.0,1951,9,29,18,0
1951272N20274,1951,HOW,1951-09-30 00:00:00+00:00,23.3,-87.3,25.0,995.0,6.0,355.0,202,25.0,0.0,1951,9,30,0,1
1951272N20274,1951,HOW,1951-09-30 06:00:00+00:00,23.9,-87.4,30.0,995.0,6.0,350.0,270,25.0,5.0,1951,9,30,6,0
1951272N20274,1951,HOW,1951-09-30 12:00:00+00:00,24.5,-87.5,30.0,995.0,6.0,350.0,335,30.0,0.0,1951,9,30,12,1
1951272N20274,1951,HOW,1951-09-30 18:00:00+00:00,25.0,-87.6,35.0,995.0,5.0,350.0,391,30.0,5.0,1951,9,30,18,0
1951272N20274,1951,HOW,1951-10-01 00:00:00+00:00,25.5,-87.7,35.0,995.0,4.0,355.0,414,35.0,0.0,1951,10,1,0,0
1951272N20274,1951,HOW,1951-10-01 06:00:00+00:00,25.8,-87.6,35.0,995.0,5.0,55.0,386,35.0,0.0,1951,10,1,6,1
1951272N20274,1951,HOW,1951-10-01 12:00:00+00:00,26.1,-86.8,40.0,1003.0,8.0,70.0,395,35.0,5.0,1951,10,1,12,0
1951272N20274,1951,HOW,1951-10-01 18:00:00+00:00,26.3,-86.0,40.0,995.0,9.0,80.0,354,40.0,0.0,1951,10,1,18,1
1951272N20274,1951,HOW,1951-10-02 00:00:00+00:00,26.4,-84.8,45.0,995.0,12.0,85.0,240,40.0,5.0,1951,10,2,0,1
1951272N20274,1951,HOW,1951-10-02 06:00:00+00:00,26.6,-83.3,55.0,995.0,14.0,85.0,101,45.0,10.0,1951,10,2,6,0
1951272N20274,1951,HOW,1951-10-02 10:00:00+00:00,26.7,-82.3,55.0,995.0,16.0,80.0,11,55.0,0.0,1951,10,2,10,0
1951272N20274,1951,HOW,1951-10-02 12:00:00+00:00,26.8,-81.7,45.0,995.0,16.0,70.0,0,55.0,-10.0,1951,10,2,12,1
1951272N20274,1951,HOW,1951-10-02 18:00:00+00:00,27.6,-80.1,50.0,995.0,17.0,50.0,29,45.0,5.0,1951,10,2,18,1
1951272N20274,1951,HOW,1951-10-03 00:00:00+00:00,28.8,-78.7,60.0,995.0,18.0,45.0,178,50.0,10.0,1951,10,3,0,1
1951272N20274,1951,HOW,1951-10-03 06:00:00+00:00,30.1,-77.3,70.0,995.0,17.0,35.0,357,60.0,10.0,1951,10,3,6,1
1951272N20274,1951,HOW,1951-10-03 12:00:00+00:00,31.4,-76.5,75.0,982.0,11.0,25.0,312,70.0,5.0,1951,10,3,12,1
1951272N20274,1951,HOW,1951-10-03 18:00:00+00:00,32.1,-76.1,80.0,979.0,7.0,25.0,267,75.0,5.0,1951,10,3,18,1
1951272N20274,1951,HOW,1951-10-04 00:00:00+00:00,32.8,-75.7,85.0,995.0,8.0,25.0,224,80.0,5.0,1951,10,4,0,0
1951272N20274,1951,HOW,1951-10-04 06:00:00+00:00,33.6,-75.2,85.0,995.0,9.0,30.0,171,85.0,0.0,1951,10,4,6,0
1951272N20274,1951,HOW,1951-10-04 12:00:00+00:00,34.3,-74.6,85.0,995.0,8.0,40.0,169,85.0,0.0,1951,10,4,12,0
1951272N20274,1951,HOW,1951-10-04 18:00:00+00:00,34.9,-74.0,80.0,975.0,7.0,40.0,168,85.0,-5.0,1951,10,4,18,0
1951272N20274,1951,HOW,1951-10-05 00:00:00+00:00,35.4,-73.4,80.0,995.0,8.0,45.0,194,80.0,0.0,1951,10,5,0,0
1951272N20274,1951,HOW,1951-10-05 06:00:00+00:00,36.1,-72.6,80.0,995.0,11.0,45.0,262,80.0,0.0,1951,10,5,6,1
1951272N20274,1951,HOW,1951-10-05 12:00:00+00:00,36.9,-71.6,85.0,972.0,12.0,50.0,344,80.0,5.0,1951,10,5,12,0
1951272N20274,1951,HOW,1951-10-05 18:00:00+00:00,37.7,-70.4,85.0,995.0,12.0,50.0,392,85.0,0.0,1951,10,5,18,0
1951272N20274,1951,HOW,1951-10-06 00:00:00+00:00,38.4,-69.2,85.0,995.0,13.0,55.0,367,85.0,0.0,1951,10,6,0,0
1951272N20274,1951,HOW,1951-10-06 06:00:00+00:00,39.1,-67.6,85.0,995.0,15.0,65.0,353,85.0,0.0,1951,10,6,6,0
1951272N20274,1951,HOW,1951-10-06 12:00:00+00:00,39.7,-65.4,80.0,995.0,25.0,75.0,422,85.0,-5.0,1951,10,6,12,0
1951272N20274,1951,HOW,1951-10-06 18:00:00+00:00,40.3,-61.2,75.0,963.0,34.0,80.0,489,80.0,-5.0,1951,10,6,18,0
1951272N20274,1951,HOW,1951-10-07 00:00:00+00:00,41.2,-56.7,75.0,995.0,40.0,75.0,569,75.0,0.0,1951,10,7,0,0
1951272N20274,1951,HOW,1951-10-07 06:00:00+00:00,42.3,-51.0,75.0,995.0,43.0,75.0,508,75.0,0.0,1951,10,7,6,0
1951272N20274,1951,HOW,1951-10-07 12:00:00+00:00,43.5,-45.5,75.0,995.0,42.0,75.0,690,75.0,0.0,1951,10,7,12,0
1951272N20274,1951,HOW,1951-10-07 18:00:00+00:00,44.7,-39.8,75.0,995.0,44.0,70.0,1029,75.0,0.0,1951,10,7,18,0
1951272N20274,1951,HOW,1951-10-08 00:00:00+00:00,46.4,-34.0,75.0,995.0,44.0,60.0,1407,75.0,0.0,1951,10,8,0,0
1951272N20274,1951,HOW,1951-10-08 06:00:00+00:00,49.3,-29.3,75.0,995.0,38.0,40.0,1349,75.0,0.0,1951,10,8,6,0
1951272N20274,1951,HOW,1951-10-08 12:00:00+00:00,52.3,-26.3,75.0,995.0,40.0,30.0,1069,75.0,0.0,1951,10,8,12,0
1951272N20274,1951,HOW,1951-10-08 18:00:00+00:00,56.3,-23.0,75.0,995.0,38.0,25.0,811,75.0,0.0,1951,10,8,18,0
1951272N20274,1951,HOW,1951-10-09 00:00:00+00:00,59.3,-21.0,70.0,995.0,40.0,10.0,466,75.0,-5.0,1951,10,9,0,0
1951272N20274,1951,HOW,1951-10-09 06:00:00+00:00,64.0,-19.5,65.0,995.0,40.0,10.0,0,70.0,-5.0,1951,10,9,6,0
1951272N20274,1951,HOW,1951-10-09 12:00:00+00:00,67.0,-17.0,60.0,995.0,31.0,25.0,69,65.0,-5.0,1951,10,9,12,0
1951272N20274,1951,HOW,1951-10-09 18:00:00+00:00,70.0,-13.0,60.0,995.0,34.0,25.0,321,60.0,0.0,1951,10,9,18,0
1951272N20274,1951,HOW,1951-10-10 00:00:00+00:00,73.0,-8.0,55.0,995.0,32.0,30.0,376,60.0,-5.0,1951,10,10,0,0
1951272N20274,1951,HOW,1951-10-10 06:00:00+00:00,75.5,-2.0,55.0,995.0,30.0,30.0,451,55.0,0.0,1951,10,10,6,0
1951272N20274,1951,HOW,1951-10-10 12:00:00+00:00,78.0,5.0,50.0,995.0,26.0,40.0,163,55.0,-5.0,1951,10,10,12,0
1951272N20274,1951,HOW,1951-10-10 18:00:00+00:00,79.5,14.0,50.0,995.0,21.0,60.0,0,50.0,0.0,1951,10,10,18,0
1961249N14342,1961,DEBBIE,1961-09-05 12:00:00+00:00,13.5,-17.7,30.0,995.0,17.0,290.0,99,35.0,0.0,1961,9,5,12,0
1961249N14342,1961,DEBBIE,1961-09-05 18:00:00+00:00,14.1,-19.3,30.0,995.0,16.0,290.0,205,30.0,0.0,1961,9,5,18,0
1961249N14342,1961,DEBBIE,1961-09-06 00:00:00+00:00,14.6,-20.7,30.0,995.0,14.0,285.0,344,30.0,0.0,1961,9,6,0,1
1961249N14342,1961,DEBBIE,1961-09-06 06:00:00+00:00,14.9,-22.0,35.0,995.0,12.0,280.0,484,30.0,5.0,1961,9,6,6,1
1961249N14342,1961,DEBBIE,1961-09-06 12:00:00+00:00,15.0,-23.2,40.0,995.0,12.0,270.0,613,35.0,5.0,1961,9,6,12,0
1961249N14342,1961,DEBBIE,1961-09-06 13:00:00+00:00,15.0,-23.4,40.0,995.0,12.0,275.0,635,40.0,0.0,1961,9,6,13,1
1961249N14342,1961,DEBBIE,1961-09-06 18:00:00+00:00,15.1,-24.4,50.0,995.0,12.0,275.0,743,40.0,10.0,1961,9,6,18,1
1961249N14342,1961,DEBBIE,1961-09-07 00:00:00+00:00,15.2,-25.6,65.0,995.0,12.0,275.0,872,50.0,15.0,1961,9,7,0,1
1961249N14342,1961,DEBBIE,1961-09-07 06:00:00+00:00,15.4,-26.8,70.0,995.0,12.0,280.0,1002,65.0,5.0,1961,9,7,6,0
1961249N14342,1961,DEBBIE,1961-09-07 12:00:00+00:00,15.7,-28.1,70.0,995.0,13.0,285.0,1143,70.0,0.0,1961,9,7,12,0
1961249N14342,1961,DEBBIE,1961-09-07 18:00:00+00:00,16.1,-29.4,70.0,995.0,13.0,290.0,1285,70.0,0.0,1961,9,7,18,0
1961249N14342,1961,DEBBIE,1961-09-08 00:00:00+00:00,16.5,-30.7,70.0,995.0,13.0,290.0,1428,70.0,0.0,1961,9,8,0,0
1961249N14342,1961,DEBBIE,1961-09-08 06:00:00+00:00,17.0,-32.0,70.0,995.0,13.0,295.0,1572,70.0,0.0,1961,9,8,6,0
1961249N14342,1961,DEBBIE,1961-09-08 12:00:00+00:00,17.5,-33.2,70.0,995.0,13.0,295.0,1706,70.0,0.0,1961,9,8,12,0
1961249N14342,1961,DEBBIE,1961-09-08 18:00:00+00:00,18.0,-34.5,70.0,995.0,13.0,290.0,1850,70.0,0.0,1961,9,8,18,0
1961249N14342,1961,DEBBIE,1961-09-09 00:00:00+00:00,18.5,-35.7,70.0,995.0,13.0,295.0,1963,70.0,0.0,1961,9,9,0,0
1961249N14342,1961,DEBBIE,1961-09-09 06:00:00+00:00,19.1,-37.0,70.0,995.0,13.0,295.0,2087,70.0,0.0,1961,9,9,6,0
1961249N14342,1961,DEBBIE,1961-09-09 12:00:00+00:00,19.7,-38.2,70.0,995.0,13.0,300.0,2202,70.0,0.0,1961,9,9,12,0
1961249N14342,1961,DEBBIE,1961-09-09 18:00:00+00:00,20.4,-39.4,70.0,995.0,14.0,305.0,2215,70.0,0.0,1961,9,9,18,0
1961249N14342,1961,DEBBIE,1961-09-10 00:00:00+00:00,21.2,-40.6,70.0,995.0,14.0,305.0,2210,70.0,0.0,1961,9,10,0,0
1961249N14342,1961,DEBBIE,1961-09-10 06:00:00+00:00,22.0,-41.8,70.0,995.0,14.0,305.0,2211,70.0,0.0,1961,9,10,6,1
1961249N14342,1961,DEBBIE,1961-09-10 12:00:00+00:00,22.8,-43.0,75.0,995.0,14.0,310.0,2223,70.0,5.0,1961,9,10,12,0
1961249N14342,1961,DEBBIE,1961-09-10 18:00:00+00:00,23.8,-44.1,75.0,995.0,14.0,320.0,2270,75.0,0.0,1961,9,10,18,0
1961249N14342,1961,DEBBIE,1961-09-11 00:00:00+00:00,25.0,-45.0,75.0,995.0,16.0,330.0,2248,75.0,0.0,1961,9,11,0,0
1961249N14342,1961,DEBBIE,1961-09-11 06:00:00+00:00,26.5,-45.7,75.0,995.0,16.0,345.0,2232,75.0,0.0,1961,9,11,6,1
1961249N14342,1961,DEBBIE,1961-09-11 12:00:00+00:00,27.9,-46.0,80.0,995.0,14.0,355.0,2175,75.0,5.0,1961,9,11,12,0
1961249N14342,1961,DEBBIE,1961-09-11 18:00:00+00:00,29.2,-46.1,80.0,976.0,13.0,360.0,2032,80.0,0.0,1961,9,11,18,0
1961249N14342,1961,DEBBIE,1961-09-12 00:00:00+00:00,30.4,-46.1,80.0,995.0,12.0,0.0,1903,80.0,0.0,1961,9,12,0,0
1961249N14342,1961,DEBBIE,1961-09-12 06:00:00+00:00,31.5,-46.0,80.0,995.0,10.0,10.0,1789,80.0,0.0,1961,9,12,6,0
1961249N14342,1961,DEBBIE,1961-09-12 12:00:00+00:00,32.3,-45.8,80.0,975.0,8.0,15.0,1711,80.0,0.0,1961,9,12,12,0
1961249N14342,1961,DEBBIE,1961-09-12 18:00:00+00:00,33.1,-45.6,75.0,995.0,8.0,10.0,1633,80.0,-5.0,1961,9,12,18,0
1961249N14342,1961,DEBBIE,1961-09-13 00:00:00+00:00,33.9,-45.4,75.0,995.0,8.0,15.0,1557,75.0,0.0,1961,9,13,0,0
1961249N14342,1961,DEBBIE,1961-09-13 06:00:00+00:00,34.6,-45.0,70.0,980.0,8.0,40.0,1501,75.0,-5.0,1961,9,13,6,0
1961249N14342,1961,DEBBIE,1961-09-13 12:00:00+00:00,35.1,-44.2,70.0,995.0,9.0,60.0,1483,70.0,0.0,1961,9,13,12,0
1961249N14342,1961,DEBBIE,1961-09-13 18:00:00+00:00,35.5,-43.0,70.0,995.0,13.0,70.0,1497,70.0,0.0,1961,9,13,18,0
1961249N14342,1961,DEBBIE,1961-09-14 00:00:00+00:00,35.9,-41.3,70.0,995.0,15.0,75.0,1545,70.0,0.0,1961,9,14,0,0
1961249N14342,1961,DEBBIE,1961-09-14 06:00:00+00:00,36.2,-39.4,70.0,995.0,18.0,80.0,1624,70.0,0.0,1961,9,14,6,0
1961249N14342,1961,DEBBIE,1961-09-14 12:00:00+00:00,36.5,-37.0,70.0,995.0,20.0,80.0,1745,70.0,0.0,1961,9,14,12,0
1961249N14342,1961,DEBBIE,1961-09-14 18:00:00+00:00,37.0,-34.4,70.0,995.0,24.0,75.0,1874,70.0,0.0,1961,9,14,18,0
1961249N14342,1961,DEBBIE,1961-09-15 00:00:00+00:00,37.8,-31.0,70.0,995.0,34.0,70.0,1689,70.0,0.0,1961,9,15,0,0
1961249N14342,1961,DEBBIE,1961-09-15 06:00:00+00:00,39.5,-26.4,70.0,995.0,40.0,60.0,1452,70.0,0.0,1961,9,15,6,0
1961249N14342,1961,DEBBIE,1961-09-15 12:00:00+00:00,41.7,-22.2,70.0,995.0,40.0,50.0,1064,70.0,0.0,1961,9,15,12,0
1961249N14342,1961,DEBBIE,1961-09-15 18:00:00+00:00,44.6,-18.2,70.0,995.0,41.0,40.0,733,70.0,0.0,1961,9,15,18,0
1961249N14342,1961,DEBBIE,1961-09-16 00:00:00+00:00,48.0,-14.8,70.0,995.0,42.0,30.0,517,70.0,0.0,1961,9,16,0,1
1961249N14342,1961,DEBBIE,1961-09-16 06:00:00+00:00,51.7,-11.6,75.0,995.0,44.0,25.0,82,70.0,5.0,1961,9,16,6,0
1961249N14342,1961,DEBBIE,1961-09-16 12:00:00+00:00,56.0,-8.5,75.0,961.0,48.0,20.0,98,75.0,0.0,1961,9,16,12,0
1961249N14342,1961,DEBBIE,1961-09-16 18:00:00+00:00,60.5,-5.8,75.0,995.0,43.0,20.0,224,75.0,0.0,1961,9,16,18,0
1961249N14342,1961,DEBBIE,1961-09-17 00:00:00+00:00,64.0,-3.0,70.0,995.0,30.0,25.0,456,75.0,-5.0,1961,9,17,0,0
1961249N14342,1961,DEBBIE,1961-09-17 06:00:00+00:00,66.0,0.0,65.0,995.0,17.0,35.0,477,70.0,-5.0,1961,9,17,6,0
1961249N14342,1961,DEBBIE,1961-09-17 12:00:00+00:00,67.0,2.0,55.0,995.0,13.0,60.0,479,65.0,-10.0,1961,9,17,12,0
1961249N14342,1961,DEBBIE,1961-09-17 18:00:00+00:00,67.5,6.0,45.0,995.0,20.0,75.0,321,55.0,-10.0,1961,9,17,18,0
1961249N14342,1961,DEBBIE,1961-09-18 00:00:00+00:00,68.0,12.0,40.0,995.0,23.0,80.0,118,45.0,-5.0,1961,9,18,0,0
1961249N14342,1961,DEBBIE,1961-09-18 06:00:00+00:00,68.5,18.0,35.0,995.0,24.0,80.0,0,40.0,-5.0,1961,9,18,6,0
1966233N13340,1966,FAITH,1966-08-21 00:00:00+00:00,12.9,-20.5,25.0,995.0,18.0,285.0,381,35.0,0.0,1966,8,21,0,0
1966233N13340,1966,FAITH,1966-08-21 06:00:00+00:00,13.3,-22.3,25.0,995.0,18.0,285.0,541,25.0,0.0,1966,8,21,6,0
1966233N13340,1966,FAITH,1966-08-21 12:00:00+00:00,13.7,-24.1,25.0,995.0,18.0,280.0,720,25.0,0.0,1966,8,21,12,1
1966233N13340,1966,FAITH,1966-08-21 18:00:00+00:00,14.0,-25.9,30.0,1006.0,17.0,280.0,908,25.0,5.0,1966,8,21,18,1
1966233N13340,1966,FAITH,1966-08-22 00:00:00+00:00,14.3,-27.6,35.0,995.0,17.0,280.0,1088,30.0,5.0,1966,8,22,0,0
1966233N13340,1966,FAITH,1966-08-22 06:00:00+00:00,14.6,-29.3,35.0,995.0,16.0,280.0,1269,35.0,0.0,1966,8,22,6,1
1966233N13340,1966,FAITH,1966-08-22 12:00:00+00:00,14.8,-30.9,40.0,995.0,16.0,275.0,1441,35.0,5.0,1966,8,22,12,1
1966233N13340,1966,FAITH,1966-08-22 18:00:00+00:00,15.0,-32.7,45.0,995.0,19.0,275.0,1634,40.0,5.0,1966,8,22,18,1
1966233N13340,1966,FAITH,1966-08-23 00:00:00+00:00,15.1,-34.8,50.0,995.0,22.0,275.0,1859,45.0,5.0,1966,8,23,0,1
1966233N13340,1966,FAITH,1966-08-23 06:00:00+00:00,15.2,-37.2,60.0,995.0,24.0,270.0,1968,50.0,10.0,1966,8,23,6,1
1966233N13340,1966,FAITH,1966-08-23 12:00:00+00:00,15.2,-39.6,65.0,995.0,22.0,270.0,1769,60.0,5.0,1966,8,23,12,1
1966233N13340,1966,FAITH,1966-08-23 18:00:00+00:00,15.3,-41.8,70.0,984.0,20.0,270.0,1612,65.0,5.0,1966,8,23,18,0
1966233N13340,1966,FAITH,1966-08-24 00:00:00+00:00,15.3,-43.8,70.0,995.0,19.0,270.0,1480,70.0,0.0,1966,8,24,0,0
1966233N13340,1966,FAITH,1966-08-24 06:00:00+00:00,15.3,-45.7,70.0,995.0,19.0,270.0,1359,70.0,0.0,1966,8,24,6,0
1966233N13340,1966,FAITH,1966-08-24 12:00:00+00:00,15.3,-47.7,65.0,992.0,20.0,270.0,1251,70.0,-5.0,1966,8,24,12,0
1966233N13340,1966,FAITH,1966-08-24 18:00:00+00:00,15.5,-49.8,65.0,995.0,21.0,280.0,1177,65.0,0.0,1966,8,24,18,0
1966233N13340,1966,FAITH,1966-08-25 00:00:00+00:00,16.0,-52.0,65.0,993.0,21.0,285.0,1140,65.0,0.0,1966,8,25,0,0
1966233N13340,1966,FAITH,1966-08-25 06:00:00+00:00,16.4,-54.1,65.0,995.0,21.0,280.0,981,65.0,0.0,1966,8,25,6,1
1966233N13340,1966,FAITH,1966-08-25 12:00:00+00:00,16.7,-56.2,75.0,986.0,19.0,280.0,848,65.0,10.0,1966,8,25,12,0
1966233N13340,1966,FAITH,1966-08-25 18:00:00+00:00,17.0,-58.0,70.0,990.0,17.0,280.0,776,75.0,-5.0,1966,8,25,18,0
1966233N13340,1966,FAITH,1966-08-26 00:00:00+00:00,17.4,-59.6,60.0,994.0,15.0,290.0,641,70.0,-10.0,1966,8,26,0,0
1966233N13340,1966,FAITH,1966-08-26 06:00:00+00:00,17.9,-61.0,55.0,997.0,14.0,290.0,487,60.0,-5.0,1966,8,26,6,0
1966233N13340,1966,FAITH,1966-08-26 12:00:00+00:00,18.4,-62.3,55.0,995.0,14.0,295.0,348,55.0,0.0,1966,8,26,12,1
1966233N13340,1966,FAITH,1966-08-26 18:00:00+00:00,19.0,-63.7,60.0,994.0,15.0,295.0,211,55.0,5.0,1966,8,26,18,0
1966233N13340,1966,FAITH,1966-08-27 00:00:00+00:00,19.7,-65.1,60.0,995.0,14.0,300.0,154,60.0,0.0,1966,8,27,0,0
1966233N13340,1966,FAITH,1966-08-27 06:00:00+00:00,20.4,-66.3,60.0,993.0,13.0,300.0,223,60.0,0.0,1966,8,27,6,1
1966233N13340,1966,FAITH,1966-08-27 12:00:00+00:00,21.0,-67.5,65.0,989.0,14.0,300.0,267,60.0,5.0,1966,8,27,12,1
1966233N13340,1966,FAITH,1966-08-27 18:00:00+00:00,21.7,-68.9,70.0,983.0,14.0,295.0,261,65.0,5.0,1966,8,27,18,1
1966233N13340,1966,FAITH,1966-08-28 00:00:00+00:00,22.2,-70.0,75.0,979.0,8.0,305.0,275,70.0,5.0,1966,8,28,0,1
1966233N13340,1966,FAITH,1966-08-28 06:00:00+00:00,22.7,-70.4,80.0,973.0,6.0,335.0,316,75.0,5.0,1966,8,28,6,1
1966233N13340,1966,FAITH,1966-08-28 12:00:00+00:00,23.3,-70.7,95.0,962.0,6.0,335.0,333,80.0,15.0,1966,8,28,12,1
1966233N13340,1966,FAITH,1966-08-28 18:00:00+00:00,23.8,-71.0,100.0,957.0,5.0,335.0,355,95.0,5.0,1966,8,28,18,0
1966233N13340,1966,FAITH,1966-08-29 00:00:00+00:00,24.2,-71.1,100.0,955.0,4.0,355.0,387,100.0,0.0,1966,8,29,0,0
1966233N13340,1966,FAITH,1966-08-29 06:00:00+00:00,24.6,-71.1,95.0,960.0,4.0,0.0,426,100.0,-5.0,1966,8,29,6,0
1966233N13340,1966,FAITH,1966-08-29 12:00:00+00:00,25.0,-71.1,90.0,963.0,4.0,355.0,467,95.0,-5.0,1966,8,29,12,0
1966233N13340,1966,FAITH,1966-08-29 18:00:00+00:00,25.4,-71.2,90.0,963.0,4.0,335.0,504,90.0,0.0,1966,8,29,18,0
1966233N13340,1966,FAITH,1966-08-30 00:00:00+00:00,25.8,-71.5,90.0,963.0,6.0,325.0,536,90.0,0.0,1966,8,30,0,0
1966233N13340,1966,FAITH,1966-08-30 06:00:00+00:00,26.3,-71.9,85.0,965.0,7.0,330.0,580,90.0,-5.0,1966,8,30,6,0
1966233N13340,1966,FAITH,1966-08-30 12:00:00+00:00,26.9,-72.3,85.0,966.0,7.0,320.0,602,85.0,0.0,1966,8,30,12,0
1966233N13340,1966,FAITH,1966-08-30 18:00:00+00:00,27.4,-72.9,85.0,967.0,7.0,320.0,569,85.0,0.0,1966,8,30,18,0
1966233N13340,1966,FAITH,1966-08-31 00:00:00+00:00,28.0,-73.2,85.0,967.0,7.0,345.0,576,85.0,0.0,1966,8,31,0,0
1966233N13340,1966,FAITH,1966-08-31 06:00:00+00:00,28.7,-73.4,80.0,973.0,7.0,350.0,607,85.0,-5.0,1966,8,31,6,1
1966233N13340,1966,FAITH,1966-08-31 12:00:00+00:00,29.4,-73.5,85.0,995.0,9.0,0.0,654,80.0,5.0,1966,8,31,12,1
1966233N13340,1966,FAITH,1966-08-31 18:00:00+00:00,30.5,-73.3,90.0,963.0,13.0,20.0,555,85.0,5.0,1966,8,31,18,0
1966233N13340,1966,FAITH,1966-09-01 00:00:00+00:00,31.7,-72.5,90.0,995.0,15.0,35.0,499,90.0,0.0,1966,9,1,0,0
1966233N13340,1966,FAITH,1966-09-01 06:00:00+00:00,32.9,-71.4,90.0,963.0,15.0,40.0,495,90.0,0.0,1966,9,1,6,0
1966233N13340,1966,FAITH,1966-09-01 12:00:00+00:00,34.0,-70.3,90.0,963.0,14.0,40.0,513,90.0,0.0,1966,9,1,12,1
1966233N13340,1966,FAITH,1966-09-01 18:00:00+00:00,35.0,-69.2,95.0,957.0,13.0,45.0,576,90.0,5.0,1966,9,1,18,0
1966233N13340,1966,FAITH,1966-09-02 00:00:00+00:00,35.8,-68.0,95.0,958.0,12.0,50.0,674,95.0,0.0,1966,9,2,0,0
1966233N13340,1966,FAITH,1966-09-02 06:00:00+00:00,36.5,-66.8,95.0,960.0,13.0,60.0,640,95.0,0.0,1966,9,2,6,0
1966233N13340,1966,FAITH,1966-09-02 12:00:00+00:00,37.0,-65.2,95.0,995.0,15.0,80.0,665,95.0,0.0,1966,9,2,12,0
1966233N13340,1966,FAITH,1966-09-02 18:00:00+00:00,37.1,-63.0,95.0,995.0,21.0,90.0,738,95.0,0.0,1966,9,2,18,1
1966233N13340,1966,FAITH,1966-09-03 00:00:00+00:00,37.2,-60.1,100.0,995.0,24.0,85.0,826,95.0,5.0,1966,9,3,0,1
1966233N13340,1966,FAITH,1966-09-03 06:00:00+00:00,37.5,-57.0,105.0,950.0,25.0,80.0,921,100.0,5.0,1966,9,3,6,0
1966233N13340,1966,FAITH,1966-09-03 12:00:00+00:00,38.3,-54.0,105.0,995.0,28.0,65.0,923,105.0,0.0,1966,9,3,12,0
1966233N13340,1966,FAITH,1966-09-03 18:00:00+00:00,39.7,-50.5,100.0,995.0,33.0,55.0,797,105.0,-5.0,1966,9,3,18,0
1966233N13340,1966,FAITH,1966-09-04 00:00:00+00:00,41.9,-47.0,95.0,995.0,36.0,45.0,717,100.0,-5.0,1966,9,4,0,0
1966233N13340,1966,FAITH,1966-09-04 06:00:00+00:00,44.7,-43.5,90.0,995.0,38.0,40.0,764,95.0,-5.0,1966,9,4,6,0
1966233N13340,1966,FAITH,1966-09-04 12:00:00+00:00,47.5,-40.0,90.0,954.0,36.0,40.0,941,90.0,0.0,1966,9,4,12,0
1966233N13340,1966,FAITH,1966-09-04 18:00:00+00:00,50.2,-36.5,90.0,995.0,35.0,40.0,1172,90.0,0.0,1966,9,4,18,0
1966233N13340,1966,FAITH,1966-09-05 00:00:00+00:00,52.8,-33.0,90.0,995.0,33.0,40.0,1014,90.0,0.0,1966,9,5,0,0
1966233N13340,1966,FAITH,1966-09-05 06:00:00+00:00,55.2,-29.4,85.0,995.0,33.0,45.0,972,90.0,-5.0,1966,9,5,6,0
1966233N13340,1966,FAITH,1966-09-05 12:00:00+00:00,57.3,-24.5,80.0,995.0,32.0,60.0,724,85.0,-5.0,1966,9,5,12,0
1966233N13340,1966,FAITH,1966-09-05 18:00:00+00:00,58.7,-19.4,75.0,995.0,34.0,65.0,521,80.0,-5.0,1966,9,5,18,0
1966233N13340,1966,FAITH,1966-09-06 00:00:00+00:00,60.2,-12.7,70.0,995.0,35.0,65.0,393,75.0,-5.0,1966,9,6,0,0
1966233N13340,1966,FAITH,1966-09-06 06:00:00+00:00,61.5,-7.0,65.0,995.0,28.0,65.0,344,70.0,-5.0,1966,9,6,6,0
1966233N13340,1966,FAITH,1966-09-06 12:00:00+00:00,62.5,-2.0,60.0,995.0,23.0,75.0,366,65.0,-5.0,1966,9,6,12,0
1966233N13340,1966,FAITH,1966-09-06 18:00:00+00:00,62.8,3.0,60.0,995.0,25.0,85.0,132,60.0,0.0,1966,9,6,18,0
1966233N13340,1966,FAITH,1966-09-07 00:00:00+00:00,63.0,9.0,55.0,995.0,30.0,85.0,0,60.0,-5.0,1966,9,7,0,0
1966233N13340,1966,FAITH,1966-09-07 06:00:00+00:00,63.4,16.0,55.0,995.0,32.0,80.0,0,55.0,0.0,1966,9,7,6,0
1966233N13340,1966,FAITH,1966-09-07 12:00:00+00:00,64.0,23.0,50.0,995.0,32.0,80.0,19,55.0,-5.0,1966,9,7,12,0
1977194N06142,1977,SARAH,1977-07-17 00:00:00+00:00,12.2,125.4,35.0,996.0,15.0,305.0,0,35.0,0.0,1977,7,17,0,0
1977194N06142,1977,SARAH,1977-07-17 06:00:00+00:00,12.9,124.4,35.0,996.0,12.0,305.0,32,35.0,0.0,1977,7,17,6,1
1977194N06142,1977,SARAH,1977-07-17 12:00:00+00:00,13.6,123.4,45.0,990.0,13.0,300.0,0,35.0,10.0,1977,7,17,12,0
1977194N06142,1977,SARAH,1977-07-17 18:00:00+00:00,14.2,122.2,45.0,990.0,14.0,305.0,11,45.0,0.0,1977,7,17,18,0
1977194N06142,1977,SARAH,1977-07-18 00:00:00+00:00,15.0,121.1,40.0,990.0,13.0,305.0,0,45.0,-5.0,1977,7,18,0,0
1977194N06142,1977,SARAH,1977-07-18 06:00:00+00:00,15.7,120.0,40.0,990.0,13.0,295.0,0,40.0,0.0,1977,7,18,6,1
1977194N06142,1977,SARAH,1977-07-18 12:00:00+00:00,16.2,118.7,45.0,990.0,15.0,290.0,109,40.0,5.0,1977,7,18,12,0
1977194N06142,1977,SARAH,1977-07-18 18:00:00+00:00,16.7,117.1,45.0,990.0,16.0,290.0,288,45.0,0.0,1977,7,18,18,1
1977194N06142,1977,SARAH,1977-07-19 00:00:00+00:00,17.1,115.5,50.0,985.0,15.0,280.0,464,45.0,5.0,1977,7,19,0,1
1977194N06142,1977,SARAH,1977-07-19 06:00:00+00:00,17.2,114.0,55.0,985.0,12.0,270.0,411,50.0,5.0,1977,7,19,6,0
1977194N06142,1977,SARAH,1977-07-19 12:00:00+00:00,17.1,113.1,55.0,985.0,7.0,275.0,334,55.0,0.0,1977,7,19,12,0
1977194N06142,1977,SARAH,1977-07-19 18:00:00+00:00,17.3,112.4,55.0,980.0,6.0,295.0,261,55.0,0.0,1977,7,19,18,1
1977194N06142,1977,SARAH,1977-07-20 00:00:00+00:00,17.6,111.9,65.0,975.0,8.0,315.0,199,55.0,10.0,1977,7,20,0,1
1977194N06142,1977,SARAH,1977-07-20 06:00:00+00:00,18.4,111.3,70.0,970.0,11.0,325.0,95,65.0,5.0,1977,7,20,6,0
1977194N06142,1977,SARAH,1977-07-20 12:00:00+00:00,19.3,110.6,70.0,970.0,10.0,310.0,0,70.0,0.0,1977,7,20,12,0
1977194N06142,1977,SARAH,1977-07-20 18:00:00+00:00,19.6,109.7,60.0,975.0,11.0,290.0,0,70.0,-10.0,1977,7,20,18,0
1977194N06142,1977,SARAH,1977-07-21 00:00:00+00:00,20.2,108.5,55.0,980.0,13.0,295.0,88,60.0,-5.0,1977,7,21,0,0
1977194N06142,1977,SARAH,1977-07-21 06:00:00+00:00,20.6,107.2,55.0,980.0,13.0,290.0,33,55.0,0.0,1977,7,21,6,0
1977194N06142,1977,SARAH,1977-07-21 12:00:00+00:00,20.9,105.9,45.0,990.0,9.0,265.0,0,55.0,-10.0,1977,7,21,12,0
1977243N14129,1977,CARLA,1977-09-03 06:00:00+00:00,18.2,113.4,35.0,990.0,10.0,270.0,297,35.0,0.0,1977,9,3,6,0
1977243N14129,1977,CARLA,1977-09-03 12:00:00+00:00,18.2,112.3,35.0,990.0,11.0,260.0,200,35.0,0.0,1977,9,3,12,0
1977243N14129,1977,CARLA,1977-09-03 18:00:00+00:00,17.9,111.2,35.0,990.0,11.0,255.0,123,35.0,0.0,1977,9,3,18,0
1977243N14129,1977,CARLA,1977-09-04 00:00:00+00:00,17.7,110.0,35.0,990.0,11.0,265.0,64,35.0,0.0,1977,9,4,0,0
1977243N14129,1977,CARLA,1977-09-04 06:00:00+00:00,17.6,108.8,35.0,990.0,12.0,270.0,91,35.0,0.0,1977,9,4,6,0
1978217N16129,1978,BESS:BONNIE,1978-08-10 12:00:00+00:00,18.3,112.0,40.0,990.0,11.0,265.0,167,35.0,0.0,1978,8,10,12,0
1978217N16129,1978,BESS:BONNIE,1978-08-10 18:00:00+00:00,18.2,110.9,40.0,990.0,10.0,265.0,76,40.0,0.0,1978,8,10,18,0
1978217N16129,1978,BESS:BONNIE,1978-08-11 00:00:00+00:00,18.1,109.9,40.0,990.0,11.0,265.0,23,40.0,0.0,1978,8,11,0,0
1978217N16129,1978,BESS:BONNIE,1978-08-11 06:00:00+00:00,18.0,108.7,40.0,990.0,11.0,265.0,54,40.0,0.0,1978,8,11,6,0
1978217N16129,1978,BESS:BONNIE,1978-08-11 12:00:00+00:00,17.9,107.6,40.0,990.0,10.0,265.0,104,40.0,0.0,1978,8,11,12,0
1978217N16129,1978,BESS:BONNIE,1978-08-11 18:00:00+00:00,17.9,106.6,40.0,985.0,9.0,270.0,10,40.0,0.0,1978,8,11,18,0
1978262N14135,1978,KIT,1978-09-23 12:00:00+00:00,15.2,115.4,35.0,994.0,7.0,285.0,469,35.0,0.0,1978,9,23,12,0
1978262N14135,1978,KIT,1978-09-23 18:00:00+00:00,15.5,114.5,35.0,992.0,10.0,290.0,559,35.0,0.0,1978,9,23,18,0
1978262N14135,1978,KIT,1978-09-24 00:00:00+00:00,15.9,113.6,35.0,992.0,10.0,305.0,462,35.0,0.0,1978,9,24,0,1
1978262N14135,1978,KIT,1978-09-24 06:00:00+00:00,16.5,112.8,40.0,992.0,10.0,310.0,354,35.0,5.0,1978,9,24,6,0
1978262N14135,1978,KIT,1978-09-24 12:00:00+00:00,17.1,112.1,40.0,992.0,8.0,305.0,253,40.0,0.0,1978,9,24,12,1
1978262N14135,1978,KIT,1978-09-24 18:00:00+00:00,17.5,111.4,45.0,990.0,8.0,300.0,170,40.0,5.0,1978,9,24,18,1
1978262N14135,1978,KIT,1978-09-25 00:00:00+00:00,17.9,110.7,50.0,990.0,8.0,295.0,92,45.0,5.0,1978,9,25,0,0
1978262N14135,1978,KIT,1978-09-25 06:00:00+00:00,18.1,109.9,45.0,990.0,8.0,285.0,23,50.0,-5.0,1978,9,25,6,0
1978262N14135,1978,KIT,1978-09-25 12:00:00+00:00,18.2,109.1,45.0,990.0,7.0,270.0,22,45.0,0.0,1978,9,25,12,0
1978262N14135,1978,KIT,1978-09-25 18:00:00+00:00,18.1,108.3,40.0,990.0,7.0,260.0,61,45.0,-5.0,1978,9,25,18,0
1978262N14135,1978,KIT,1978-09-26 00:00:00+00:00,17.9,107.5,40.0,990.0,8.0,250.0,106,40.0,0.0,1978,9,26,0,0
1978262N14135,1978,KIT,1978-09-26 06:00:00+00:00,17.7,106.8,40.0,990.0,8.0,245.0,30,40.0,0.0,1978,9,26,6,0
1979205N10148,1979,HOPE,1979-07-29 00:00:00+00:00,16.7,135.7,35.0,994.0,3.0,250.0,1208,35.0,0.0,1979,7,29,0,1
1979205N10148,1979,HOPE,1979-07-29 06:00:00+00:00,16.6,135.4,45.0,975.0,4.0,265.0,1174,35.0,10.0,1979,7,29,6,1
1979205N10148,1979,HOPE,1979-07-29 12:00:00+00:00,16.6,134.8,65.0,970.0,7.0,275.0,1116,45.0,20.0,1979,7,29,12,1
1979205N10148,1979,HOPE,1979-07-29 18:00:00+00:00,16.7,134.1,70.0,965.0,7.0,285.0,1054,65.0,5.0,1979,7,29,18,1
1979205N10148,1979,HOPE,1979-07-30 00:00:00+00:00,16.9,133.5,75.0,955.0,7.0,285.0,1009,70.0,5.0,1979,7,30,0,1
1979205N10148,1979,HOPE,1979-07-30 06:00:00+00:00,17.1,132.7,80.0,950.0,8.0,290.0,949,75.0,5.0,1979,7,30,6,0
1979205N10148,1979,HOPE,1979-07-30 12:00:00+00:00,17.5,131.8,80.0,940.0,11.0,295.0,888,80.0,0.0,1979,7,30,12,1
1979205N10148,1979,HOPE,1979-07-30 18:00:00+00:00,18.0,130.7,90.0,935.0,13.0,300.0,815,80.0,10.0,1979,7,30,18,0
1979205N10148,1979,HOPE,1979-07-31 00:00:00+00:00,18.6,129.4,90.0,920.0,15.0,295.0,749,90.0,0.0,1979,7,31,0,0
1979205N10148,1979,HOPE,1979-07-31 06:00:00+00:00,19.2,127.8,90.0,905.0,16.0,285.0,585,90.0,0.0,1979,7,31,6,1
1979205N10148,1979,HOPE,1979-07-31 12:00:00+00:00,19.6,126.2,110.0,900.0,15.0,285.0,431,90.0,20.0,1979,7,31,12,0
1979205N10148,1979,HOPE,1979-07-31 18:00:00+00:00,20.1,124.7,110.0,900.0,15.0,290.0,315,110.0,0.0,1979,7,31,18,0
1979205N10148,1979,HOPE,1979-08-01 00:00:00+00:00,20.6,123.2,110.0,905.0,15.0,285.0,263,110.0,0.0,1979,8,1,0,0
1979205N10148,1979,HOPE,1979-08-01 06:00:00+00:00,20.9,121.7,105.0,915.0,15.0,285.0,139,110.0,-5.0,1979,8,1,6,0
1979205N10148,1979,HOPE,1979-08-01 12:00:00+00:00,21.4,120.1,100.0,925.0,17.0,285.0,76,105.0,-5.0,1979,8,1,12,0
1979205N10148,1979,HOPE,1979-08-01 18:00:00+00:00,21.8,118.3,95.0,930.0,17.0,285.0,220,100.0,-5.0,1979,8,1,18,0
1979205N10148,1979,HOPE,1979-08-02 00:00:00+00:00,22.2,116.5,90.0,940.0,20.0,280.0,78,95.0,-5.0,1979,8,2,0,0
1979205N10148,1979,HOPE,1979-08-02 06:00:00+00:00,22.5,114.1,80.0,960.0,22.0,275.0,0,90.0,-10.0,1979,8,2,6,0
1979205N10148,1979,HOPE,1979-08-02 12:00:00+00:00,22.6,111.9,70.0,970.0,19.0,270.0,0,80.0,-10.0,1979,8,2,12,0
1979205N10148,1979,HOPE,1979-08-02 18:00:00+00:00,22.4,109.9,60.0,975.0,19.0,260.0,0,70.0,-10.0,1979,8,2,18,0
1981283N07132,1981,FABIAN,1981-10-13 18:00:00+00:00,11.6,112.2,40.0,994.0,16.0,265.0,314,35.0,0.0,1981,10,13,18,0
1981283N07132,1981,FABIAN,1981-10-14 00:00:00+00:00,11.5,110.8,40.0,994.0,13.0,270.0,169,40.0,0.0,1981,10,14,0,1
1981283N07132,1981,FABIAN,1981-10-14 06:00:00+00:00,11.5,109.6,45.0,994.0,11.0,275.0,49,40.0,5.0,1981,10,14,6,0
1982120N11083,1982,UNNAMED,1982-05-01 03:00:00+00:00,14.4,82.3,25.0,995.0,6.0,30.0,209,35.0,0.0,1982,5,1,3,1
1982120N11083,1982,UNNAMED,1982-05-01 06:00:00+00:00,14.7,82.4,30.0,995.0,5.0,20.0,193,25.0,5.0,1982,5,1,6,1
1982120N11083,1982,UNNAMED,1982-05-01 12:00:00+00:00,15.1,82.5,35.0,995.0,5.0,20.0,159,30.0,5.0,1982,5,1,12,1
1982120N11083,1982,UNNAMED,1982-05-01 18:00:00+00:00,15.6,82.9,40.0,995.0,7.0,45.0,128,35.0,5.0,1982,5,1,18,1
1982120N11083,1982,UNNAMED,1982-05-02 00:00:00+00:00,16.1,83.4,45.0,995.0,8.0,50.0,130,40.0,5.0,1982,5,2,0,0
1982120N11083,1982,UNNAMED,1982-05-02 03:00:00+00:00,16.3,83.8,45.0,995.0,8.0,70.0,158,45.0,0.0,1982,5,2,3,1
1982120N11083,1982,UNNAMED,1982-05-02 06:00:00+00:00,16.4,84.1,50.0,995.0,7.0,75.0,164,45.0,5.0,1982,5,2,6,1
1982120N11083,1982,UNNAMED,1982-05-02 12:00:00+00:00,16.6,84.8,55.0,995.0,7.0,65.0,200,50.0,5.0,1982,5,2,12,0
1982120N11083,1982,UNNAMED,1982-05-02 18:00:00+00:00,17.0,85.5,55.0,995.0,8.0,70.0,207,55.0,0.0,1982,5,2,18,1
1982120N11083,1982,UNNAMED,1982-05-03 00:00:00+00:00,17.1,86.3,60.0,995.0,9.0,85.0,261,55.0,5.0,1982,5,3,0,1
1982120N11083,1982,UNNAMED,1982-05-03 03:00:00+00:00,17.2,86.8,65.0,995.0,12.0,75.0,293,60.0,5.0,1982,5,3,3,1
1982120N11083,1982,UNNAMED,1982-05-03 06:00:00+00:00,17.4,87.4,80.0,995.0,12.0,75.0,309,65.0,15.0,1982,5,3,6,1
1982120N11083,1982,UNNAMED,1982-05-03 12:00:00+00:00,17.4,88.5,90.0,995.0,11.0,90.0,365,80.0,10.0,1982,5,3,12,1
1982120N11083,1982,UNNAMED,1982-05-03 18:00:00+00:00,17.5,89.8,105.0,995.0,11.0,90.0,436,90.0,15.0,1982,5,3,18,1
1982120N11083,1982,UNNAMED,1982-05-04 00:00:00+00:00,17.5,90.9,115.0,995.0,11.0,90.0,340,105.0,10.0,1982,5,4,0,0
1982120N11083,1982,UNNAMED,1982-05-04 03:00:00+00:00,17.5,91.6,115.0,995.0,14.0,90.0,278,115.0,0.0,1982,5,4,3,0
1982120N11083,1982,UNNAMED,1982-05-04 06:00:00+00:00,17.5,92.3,115.0,995.0,15.0,90.0,222,115.0,0.0,1982,5,4,6,0
1982120N11083,1982,UNNAMED,1982-05-04 12:00:00+00:00,17.4,94.0,115.0,995.0,15.0,90.0,57,115.0,0.0,1982,5,4,12,0
1982120N11083,1982,UNNAMED,1982-05-04 18:00:00+00:00,17.4,95.3,115.0,995.0,13.0,85.0,0,115.0,0.0,1982,5,4,18,0
1982150N13087,1982,UNNAMED,1982-05-31 12:00:00+00:00,14.7,90.3,25.0,990.0,8.0,50.0,442,35.0,0.0,1982,5,31,12,1
1982150N13087,1982,UNNAMED,1982-05-31 18:00:00+00:00,15.1,90.5,30.0,988.0,5.0,345.0,409,25.0,5.0,1982,5,31,18,1
1982150N13087,1982,UNNAMED,1982-06-01 00:00:00+00:00,15.6,90.3,35.0,986.0,6.0,340.0,419,30.0,5.0,1982,6,1,0,1
1982150N13087,1982,UNNAMED,1982-06-01 03:00:00+00:00,15.9,90.2,40.0,984.0,6.0,355.0,427,35.0,5.0,1982,6,1,3,0
1982150N13087,1982,UNNAMED,1982-06-01 06:00:00+00:00,16.2,90.2,40.0,984.0,4.0,345.0,428,40.0,0.0,1982,6,1,6,0
1982150N13087,1982,UNNAMED,1982-06-01 12:00:00+00:00,16.4,90.0,40.0,984.0,4.0,320.0,450,40.0,0.0,1982,6,1,12,0
1982150N13087,1982,UNNAMED,1982-06-01 18:00:00+00:00,16.9,89.7,40.0,984.0,4.0,320.0,484,40.0,0.0,1982,6,1,18,0
1982150N13087,1982,UNNAMED,1982-06-02 00:00:00+00:00,17.1,89.4,40.0,984.0,5.0,330.0,453,40.0,0.0,1982,6,2,0,1
1982150N13087,1982,UNNAMED,1982-06-02 03:00:00+00:00,17.4,89.3,45.0,982.0,3.0,330.0,421,40.0,5.0,1982,6,2,3,0
1982150N13087,1982,UNNAMED,1982-06-02 06:00:00+00:00,17.5,89.2,45.0,982.0,4.0,320.0,406,45.0,0.0,1982,6,2,6,0
1982150N13087,1982,UNNAMED,1982-06-02 12:00:00+00:00,17.9,88.9,45.0,982.0,6.0,320.0,352,45.0,0.0,1982,6,2,12,1
1982150N13087,1982,UNNAMED,1982-06-02 18:00:00+00:00,18.3,88.5,50.0,979.0,5.0,330.0,291,45.0,5.0,1982,6,2,18,1
1982150N13087,1982,UNNAMED,1982-06-03 00:00:00+00:00,18.8,88.2,55.0,976.0,6.0,310.0,229,50.0,5.0,1982,6,3,0,1
1982150N13087,1982,UNNAMED,1982-06-03 03:00:00+00:00,18.9,87.9,65.0,972.0,9.0,315.0,199,55.0,10.0,1982,6,3,3,1
1982150N13087,1982,UNNAMED,1982-06-03 06:00:00+00:00,19.3,87.5,80.0,960.0,8.0,320.0,139,65.0,15.0,1982,6,3,6,1
1982150N13087,1982,UNNAMED,1982-06-03 09:00:00+00:00,19.5,87.3,90.0,952.0,8.0,320.0,109,80.0,10.0,1982,6,3,9,0
1982150N13087,1982,UNNAMED,1982-06-03 12:00:00+00:00,19.9,86.9,90.0,952.0,11.0,320.0,49,90.0,0.0,1982,6,3,12,0
1982150N13087,1982,UNNAMED,1982-06-03 18:00:00+00:00,20.9,86.3,90.0,952.0,11.0,325.0,0,90.0,0.0,1982,6,3,18,0
1982150N13087,1982,UNNAMED,1982-06-04 00:00:00+00:00,21.7,85.6,65.0,970.0,11.0,325.0,0,90.0,-25.0,1982,6,4,0,0
1982150N13087,1982,UNNAMED,1982-06-04 03:00:00+00:00,22.2,85.3,45.0,982.0,11.0,325.0,0,65.0,-20.0,1982,6,4,3,0
1982150N13087,1982,UNNAMED,1982-06-04 06:00:00+00:00,22.7,84.9,35.0,986.0,10.0,320.0,0,45.0,-10.0,1982,6,4,6,0
1982150N13087,1982,UNNAMED,1982-06-04 12:00:00+00:00,23.0,84.0,30.0,988.0,14.0,305.0,0,35.0,-5.0,1982,6,4,12,0
1982150N13087,1982,UNNAMED,1982-06-04 18:00:00+00:00,24.0,82.5,30.0,988.0,18.0,295.0,0,30.0,0.0,1982,6,4,18,0
1982150N13087,1982,UNNAMED,1982-06-05 00:00:00+00:00,24.5,81.0,25.0,990.0,8.0,0.0,0,30.0,-5.0,1982,6,5,0,0
1982168N23090,1982,UNNAMED,1982-06-17 03:00:00+00:00,23.0,90.0,25.0,995.0,5.0,45.0,0,35.0,0.0,1982,6,17,3,0
1982168N23090,1982,UNNAMED,1982-06-17 12:00:00+00:00,23.5,90.5,25.0,995.0,6.0,40.0,0,25.0,0.0,1982,6,17,12,0
1982196N20069,1982,UNNAMED,1982-07-15 03:00:00+00:00,20.5,69.0,25.0,995.0,7.0,300.0,137,35.0,0.0,1982,7,15,3,0
1982196N20069,1982,UNNAMED,1982-07-15 12:00:00+00:00,21.0,68.0,25.0,995.0,7.0,315.0,172,25.0,0.0,1982,7,15,12,0
1982199N18088,1982,UNNAMED,1982-07-18 03:00:00+00:00,18.0,88.0,25.0,995.0,7.0,290.0,279,35.0,0.0,1982,7,18,3,1
1982199N18088,1982,UNNAMED,1982-07-18 12:00:00+00:00,18.3,87.0,30.0,995.0,6.0,285.0,200,25.0,5.0,1982,7,18,12,0
1982199N18088,1982,UNNAMED,1982-07-18 18:00:00+00:00,18.4,86.5,30.0,995.0,5.0,280.0,172,30.0,0.0,1982,7,18,18,0
1982199N18088,1982,UNNAMED,1982-07-19 00:00:00+00:00,18.5,86.0,30.0,995.0,2.0,280.0,138,30.0,0.0,1982,7,19,0,0
1982199N18088,1982,UNNAMED,1982-07-19 03:00:00+00:00,18.5,86.0,30.0,995.0,3.0,315.0,138,30.0,0.0,1982,7,19,3,0
1982199N18088,1982,UNNAMED,1982-07-19 06:00:00+00:00,18.7,85.8,30.0,995.0,5.0,315.0,109,30.0,0.0,1982,7,19,6,0
1982199N18088,1982,UNNAMED,1982-07-19 12:00:00+00:00,19.0,85.5,25.0,995.0,4.0,315.0,64,30.0,-5.0,1982,7,19,12,0
1982214N23090,1982,UNNAMED,1982-08-02 03:00:00+00:00,23.0,90.0,25.0,995.0,2.0,170.0,0,35.0,0.0,1982,8,2,3,0
1982214N23090,1982,UNNAMED,1982-08-02 12:00:00+00:00,23.0,90.0,25.0,995.0,4.0,355.0,0,25.0,0.0,1982,8,2,12,0
1982214N23090,1982,UNNAMED,1982-08-03 03:00:00+00:00,25.0,90.0,25.0,995.0,6.0,20.0,0,25.0,0.0,1982,8,3,3,0
1982214N23090,1982,UNNAMED,1982-08-03 12:00:00+00:00,25.5,90.5,25.0,995.0,2.0,25.0,0,25.0,0.0,1982,8,3,12,0
1982224N20089,1982,UNNAMED,1982-08-12 03:00:00+00:00,20.0,88.5,25.0,995.0,7.0,300.0,174,35.0,0.0,1982,8,12,3,0
1982224N20089,1982,UNNAMED,1982-08-12 12:00:00+00:00,20.5,87.5,25.0,995.0,6.0,285.0,56,25.0,0.0,1982,8,12,12,0
1982230N21088,1982,UNNAMED,1982-08-18 03:00:00+00:00,21.0,88.0,25.0,995.0,5.0,320.0,70,35.0,0.0,1982,8,18,3,0
1982230N21088,1982,UNNAMED,1982-08-18 12:00:00+00:00,21.5,87.5,25.0,995.0,4.0,310.0,15,25.0,0.0,1982,8,18,12,0
1982230N21088,1982,UNNAMED,1982-08-19 03:00:00+00:00,22.0,86.5,25.0,995.0,4.0,295.0,0,25.0,0.0,1982,8,19,3,0
1982239N19089,1982,UNNAMED,1982-08-27 03:00:00+00:00,19.0,88.5,25.0,995.0,8.0,330.0,238,35.0,0.0,1982,8,27,3,0
1982239N19089,1982,UNNAMED,1982-08-27 12:00:00+00:00,20.0,88.0,25.0,995.0,6.0,345.0,130,25.0,0.0,1982,8,27,12,0
1982239N19089,1982,UNNAMED,1982-08-28 03:00:00+00:00,21.0,88.0,25.0,995.0,2.0,355.0,70,25.0,0.0,1982,8,28,3,0
1982239N19089,1982,UNNAMED,1982-08-28 12:00:00+00:00,21.2,87.7,25.0,995.0,5.0,260.0,54,25.0,0.0,1982,8,28,12,0
1982239N19089,1982,UNNAMED,1982-08-29 03:00:00+00:00,20.5,85.5,25.0,995.0,6.0,275.0,0,25.0,0.0,1982,8,29,3,0
1982239N19089,1982,UNNAMED,1982-08-29 12:00:00+00:00,21.0,85.0,25.0,995.0,4.0,340.0,0,25.0,0.0,1982,8,29,12,0
1982239N19089,1982,UNNAMED,1982-08-30 03:00:00+00:00,22.0,85.0,25.0,995.0,6.0,5.0,0,25.0,0.0,1982,8,30,3,0
1982239N19089,1982,UNNAMED,1982-08-30 12:00:00+00:00,23.0,85.0,25.0,995.0,6.0,5.0,0,25.0,0.0,1982,8,30,12,0
1982239N19089,1982,UNNAMED,1982-08-31 03:00:00+00:00,24.0,84.5,25.0,995.0,12.0,300.0,0,25.0,0.0,1982,8,31,3,0
1982239N19089,1982,UNNAMED,1982-08-31 12:00:00+00:00,25.0,82.0,25.0,995.0,12.0,290.0,0,25.0,0.0,1982,8,31,12,0
1982239N19089,1982,UNNAMED,1982-09-01 03:00:00+00:00,25.0,81.5,20.0,995.0,1.0,0.0,0,25.0,-5.0,1982,9,1,3,0
1982239N19089,1982,UNNAMED,1982-09-01 12:00:00+00:00,25.0,81.3,20.0,995.0,1.0,250.0,0,20.0,0.0,1982,9,1,12,0
1982239N19089,1982,UNNAMED,1982-09-02 03:00:00+00:00,25.0,81.0,20.0,995.0,4.0,295.0,0,20.0,0.0,1982,9,2,3,0
1982252N18089,1982,UNNAMED,1982-09-09 03:00:00+00:00,18.0,89.0,25.0,995.0,13.0,285.0,352,35.0,0.0,1982,9,9,3,0
1982252N18089,1982,UNNAMED,1982-09-09 12:00:00+00:00,18.5,87.0,25.0,995.0,11.0,300.0,179,25.0,0.0,1982,9,9,12,0
1982272N22092,1982,UNNAMED,1982-09-29 00:00:00+00:00,22.0,91.5,30.0,995.0,14.0,45.0,38,35.0,0.0,1982,9,29,0,0
1982274N13071,1982,UNNAMED,1982-10-01 03:00:00+00:00,13.5,71.0,25.0,995.0,7.0,295.0,360,35.0,0.0,1982,10,1,3,1
1982274N13071,1982,UNNAMED,1982-10-01 12:00:00+00:00,14.0,70.0,30.0,995.0,6.0,295.0,436,25.0,5.0,1982,10,1,12,0
1982287N13091,1982,UNNAMED,1982-10-15 03:00:00+00:00,15.0,86.1,30.0,995.0,8.0,290.0,424,35.0,0.0,1982,10,15,3,1
1982287N13091,1982,UNNAMED,1982-10-15 12:00:00+00:00,15.4,84.9,35.0,995.0,8.0,290.0,305,30.0,5.0,1982,10,15,12,1
1982287N13091,1982,UNNAMED,1982-10-15 18:00:00+00:00,15.8,84.0,45.0,995.0,9.0,300.0,202,35.0,10.0,1982,10,15,18,1
1982287N13091,1982,UNNAMED,1982-10-16 00:00:00+00:00,16.2,83.2,55.0,995.0,9.0,295.0,105,45.0,10.0,1982,10,16,0,0
1982287N13091,1982,UNNAMED,1982-10-16 03:00:00+00:00,16.3,82.8,50.0,995.0,7.0,290.0,63,55.0,-5.0,1982,10,16,3,0
1982287N13091,1982,UNNAMED,1982-10-16 12:00:00+00:00,16.8,81.9,40.0,995.0,6.0,300.0,0,50.0,-10.0,1982,10,16,12,0
1982290N09084,1982,UNNAMED,1982-10-16 12:00:00+00:00,9.4,84.0,25.0,990.0,3.0,290.0,307,35.0,0.0,1982,10,16,12,1
1982290N09084,1982,UNNAMED,1982-10-17 12:00:00+00:00,10.9,83.0,30.0,992.0,9.0,325.0,300,25.0,5.0,1982,10,17,12,1
1982290N09084,1982,UNNAMED,1982-10-17 18:00:00+00:00,11.6,82.3,35.0,994.0,9.0,315.0,249,30.0,5.0,1982,10,17,18,1
1982290N09084,1982,UNNAMED,1982-10-18 00:00:00+00:00,12.1,81.7,50.0,986.0,7.0,315.0,169,35.0,15.0,1982,10,18,0,1
1982290N09084,1982,UNNAMED,1982-10-18 03:00:00+00:00,12.4,81.5,55.0,982.0,9.0,325.0,141,50.0,5.0,1982,10,18,3,0
1982290N09084,1982,UNNAMED,1982-10-18 12:00:00+00:00,13.7,80.5,55.0,982.0,11.0,320.0,21,55.0,0.0,1982,10,18,12,0
1982290N09084,1982,UNNAMED,1982-10-18 18:00:00+00:00,14.4,79.9,50.0,986.0,8.0,325.0,0,55.0,-5.0,1982,10,18,18,0
1982290N09084,1982,UNNAMED,1982-10-19 00:00:00+00:00,15.0,79.5,30.0,995.0,7.0,300.0,0,50.0,-20.0,1982,10,19,0,0
1982290N09084,1982,UNNAMED,1982-10-19 03:00:00+00:00,15.0,79.0,30.0,996.0,8.0,295.0,0,30.0,0.0,1982,10,19,3,0
1982290N09084,1982,UNNAMED,1982-10-19 12:00:00+00:00,16.0,78.5,25.0,997.0,6.0,350.0,0,30.0,-5.0,1982,10,19,12,0
1982290N09084,1982,UNNAMED,1982-10-20 03:00:00+00:00,17.0,78.5,20.0,998.0,6.0,350.0,0,25.0,-5.0,1982,10,20,3,0
1982290N09084,1982,UNNAMED,1982-10-20 12:00:00+00:00,18.0,78.3,20.0,998.0,5.0,0.0,0,20.0,0.0,1982,10,20,12,0
1982290N09084,1982,UNNAMED,1982-10-21 03:00:00+00:00,19.0,79.2,20.0,998.0,13.0,45.0,0,20.0,0.0,1982,10,21,3,0
1982309N12066,1982,UNNAMED,1982-11-04 12:00:00+00:00,11.5,66.0,25.0,999.0,20.0,245.0,945,35.0,0.0,1982,11,4,12,1
1982309N12066,1982,UNNAMED,1982-11-05 00:00:00+00:00,11.7,64.3,30.0,997.0,9.0,320.0,1070,25.0,5.0,1982,11,5,0,1
1982309N12066,1982,UNNAMED,1982-11-05 03:00:00+00:00,12.1,64.0,35.0,995.0,5.0,355.0,1018,30.0,5.0,1982,11,5,3,1
1982309N12066,1982,UNNAMED,1982-11-05 12:00:00+00:00,12.5,64.4,40.0,994.0,4.0,60.0,1013,35.0,5.0,1982,11,5,12,1
1982309N12066,1982,UNNAMED,1982-11-06 00:00:00+00:00,13.2,65.0,45.0,992.0,6.0,35.0,965,40.0,5.0,1982,11,6,0,1
1982309N12066,1982,UNNAMED,1982-11-06 03:00:00+00:00,13.4,65.1,55.0,986.0,6.0,40.0,947,45.0,10.0,1982,11,6,3,1
1982309N12066,1982,UNNAMED,1982-11-06 12:00:00+00:00,14.0,65.7,60.0,982.0,5.0,45.0,862,55.0,5.0,1982,11,6,12,0
1982309N12066,1982,UNNAMED,1982-11-07 03:00:00+00:00,15.5,66.8,60.0,982.0,10.0,35.0,703,60.0,0.0,1982,11,7,3,1
1982309N12066,1982,UNNAMED,1982-11-07 12:00:00+00:00,16.8,67.8,65.0,980.0,12.0,40.0,538,60.0,5.0,1982,11,7,12,1
1982309N12066,1982,UNNAMED,1982-11-08 03:00:00+00:00,19.2,69.9,80.0,970.0,13.0,30.0,192,65.0,15.0,1982,11,8,3,1
1982309N12066,1982,UNNAMED,1982-11-08 12:00:00+00:00,21.0,71.0,90.0,962.0,14.0,35.0,0,80.0,10.0,1982,11,8,12,0
1982309N12066,1982,UNNAMED,1982-11-09 00:00:00+00:00,22.5,73.2,50.0,990.0,12.0,50.0,0,90.0,-40.0,1982,11,9,0,0
1982309N12066,1982,UNNAMED,1982-11-09 03:00:00+00:00,23.0,73.5,35.0,995.0,11.0,45.0,0,50.0,-15.0,1982,11,9,3,0
1982332N07088,1982,UNNAMED,1982-11-28 03:00:00+00:00,7.0,88.0,25.0,995.0,17.0,280.0,673,35.0,0.0,1982,11,28,3,1
1982332N07088,1982,UNNAMED,1982-11-28 12:00:00+00:00,7.5,85.5,30.0,995.0,13.0,285.0,401,25.0,5.0,1982,11,28,12,0
1982333N09067,1982,UNNAMED,1982-11-28 12:00:00+00:00,9.0,67.0,25.0,995.0,8.0,15.0,952,35.0,0.0,1982,11,28,12,1
1982333N09067,1982,UNNAMED,1982-11-29 03:00:00+00:00,11.0,67.5,30.0,995.0,11.0,35.0,819,25.0,5.0,1982,11,29,3,0
1982337N08084,1982,UNNAMED,1982-12-02 12:00:00+00:00,7.5,84.0,25.0,995.0,8.0,325.0,238,35.0,0.0,1982,12,2,12,0
1982337N08084,1982,UNNAMED,1982-12-03 03:00:00+00:00,9.0,82.0,25.0,995.0,16.0,285.0,94,25.0,0.0,1982,12,3,3,0
1982337N08084,1982,UNNAMED,1982-12-03 12:00:00+00:00,9.5,79.5,25.0,995.0,12.0,280.0,55,25.0,0.0,1982,12,3,12,0
1983171N20071,1983,UNNAMED,1983-06-20 03:00:00+00:00,20.5,71.0,25.0,995.0,8.0,290.0,30,35.0,0.0,1983,6,20,3,0
1983171N20071,1983,UNNAMED,1983-06-20 12:00:00+00:00,21.0,70.0,25.0,995.0,5.0,330.0,23,25.0,0.0,1983,6,20,12,0
1983171N20071,1983,UNNAMED,1983-06-20 18:00:00+00:00,21.5,70.0,25.0,995.0,5.0,20.0,0,25.0,0.0,1983,6,20,18,0
1983171N20071,1983,UNNAMED,1983-06-21 03:00:00+00:00,22.0,70.5,25.0,995.0,4.0,50.0,0,25.0,0.0,1983,6,21,3,0
1983171N20071,1983,UNNAMED,1983-06-22 03:00:00+00:00,22.5,71.0,25.0,995.0,3.0,45.0,0,25.0,0.0,1983,6,22,3,0
1983175N18087,1983,UNNAMED,1983-06-24 03:00:00+00:00,18.0,87.0,30.0,995.0,3.0,240.0,232,35.0,0.0,1983,6,24,3,0
1983175N18087,1983,UNNAMED,1983-06-24 12:00:00+00:00,18.0,86.5,30.0,995.0,5.0,305.0,213,30.0,0.0,1983,6,24,12,0
1983175N18087,1983,UNNAMED,1983-06-24 18:00:00+00:00,18.5,86.0,30.0,995.0,6.0,320.0,138,30.0,0.0,1983,6,24,18,0
1983175N18087,1983,UNNAMED,1983-06-25 03:00:00+00:00,19.0,85.5,30.0,995.0,5.0,320.0,64,30.0,0.0,1983,6,25,3,0
1983175N18087,1983,UNNAMED,1983-06-25 12:00:00+00:00,19.5,85.0,30.0,995.0,4.0,285.0,0,30.0,0.0,1983,6,25,12,0
1983175N18087,1983,UNNAMED,1983-06-25 18:00:00+00:00,19.5,84.5,30.0,995.0,6.0,280.0,0,30.0,0.0,1983,6,25,18,0
1983175N18087,1983,UNNAMED,1983-06-26 03:00:00+00:00,20.0,83.5,25.0,995.0,7.0,320.0,0,30.0,-5.0,1983,6,26,3,0
1983175N18087,1983,UNNAMED,1983-06-26 12:00:00+00:00,21.0,83.0,25.0,995.0,6.0,325.0,0,25.0,0.0,1983,6,26,12,0
1983175N18087,1983,UNNAMED,1983-06-27 03:00:00+00:00,22.0,81.0,25.0,995.0,16.0,295.0,0,25.0,0.0,1983,6,27,3,0
1983216N23088,1983,UNNAMED,1983-08-04 00:00:00+00:00,23.0,87.5,25.0,995.0,10.0,0.0,0,35.0,0.0,1983,8,4,0,0
1983216N23088,1983,UNNAMED,1983-08-04 03:00:00+00:00,23.5,87.5,25.0,995.0,11.0,25.0,0,25.0,0.0,1983,8,4,3,0
1983216N23088,1983,UNNAMED,1983-08-04 06:00:00+00:00,24.0,88.0,25.0,995.0,12.0,55.0,0,25.0,0.0,1983,8,4,6,0
1983216N23088,1983,UNNAMED,1983-08-04 12:00:00+00:00,24.0,89.0,25.0,995.0,8.0,140.0,0,25.0,0.0,1983,8,4,12,0
1983216N23088,1983,UNNAMED,1983-08-04 18:00:00+00:00,23.0,89.0,25.0,995.0,9.0,190.0,0,25.0,0.0,1983,8,4,18,1
1983216N23088,1983,UNNAMED,1983-08-05 03:00:00+00:00,22.5,88.5,30.0,995.0,7.0,280.0,0,25.0,5.0,1983,8,5,3,0
1983216N23088,1983,UNNAMED,1983-08-05 12:00:00+00:00,23.0,87.0,30.0,995.0,7.0,285.0,0,30.0,0.0,1983,8,5,12,0
1983216N23088,1983,UNNAMED,1983-08-06 03:00:00+00:00,22.5,86.0,30.0,995.0,6.0,265.0,0,30.0,0.0,1983,8,6,3,0
1983216N23088,1983,UNNAMED,1983-08-06 12:00:00+00:00,22.5,84.5,30.0,995.0,11.0,255.0,0,30.0,0.0,1983,8,6,12,0
1983216N23088,1983,UNNAMED,1983-08-07 03:00:00+00:00,21.0,81.5,30.0,995.0,9.0,250.0,0,30.0,0.0,1983,8,7,3,0
1983216N23088,1983,UNNAMED,1983-08-07 12:00:00+00:00,21.0,80.0,25.0,995.0,25.0,275.0,0,30.0,-5.0,1983,8,7,12,0
1983216N23088,1983,UNNAMED,1983-08-08 00:00:00+00:00,21.5,72.5,25.0,995.0,11.0,275.0,15,25.0,0.0,1983,8,8,0,0
1983216N23088,1983,UNNAMED,1983-08-08 03:00:00+00:00,21.5,72.5,25.0,995.0,5.0,270.0,15,25.0,0.0,1983,8,8,3,0
1983216N23088,1983,UNNAMED,1983-08-08 06:00:00+00:00,21.5,72.0,25.0,995.0,12.0,280.0,0,25.0,0.0,1983,8,8,6,1
1983216N23088,1983,UNNAMED,1983-08-08 12:00:00+00:00,22.0,70.5,30.0,995.0,12.0,285.0,0,25.0,5.0,1983,8,8,12,0
1983216N23088,1983,UNNAMED,1983-08-08 18:00:00+00:00,22.0,69.5,30.0,995.0,12.0,275.0,0,30.0,0.0,1983,8,8,18,0
1983216N23088,1983,UNNAMED,1983-08-09 03:00:00+00:00,22.1,65.7,30.0,995.0,23.0,265.0,271,30.0,0.0,1983,8,9,3,0
1983216N23088,1983,UNNAMED,1983-08-09 12:00:00+00:00,21.6,62.6,30.0,995.0,14.0,255.0,296,30.0,0.0,1983,8,9,12,0
1983216N23088,1983,UNNAMED,1983-08-09 18:00:00+00:00,21.3,61.4,30.0,995.0,11.0,255.0,193,30.0,0.0,1983,8,9,18,0
1983216N23088,1983,UNNAMED,1983-08-10 03:00:00+00:00,21.0,59.7,30.0,995.0,9.0,265.0,60,30.0,0.0,1983,8,10,3,0
1983216N23088,1983,UNNAMED,1983-08-10 12:00:00+00:00,21.1,58.4,25.0,995.0,7.0,315.0,0,30.0,-5.0,1983,8,10,12,0
1983252N25083,1983,UNNAMED,1983-09-09 00:00:00+00:00,25.0,82.5,25.0,995.0,14.0,220.0,0,35.0,0.0,1983,9,9,0,0
1983252N25083,1983,UNNAMED,1983-09-09 03:00:00+00:00,24.5,82.0,25.0,995.0,15.0,250.0,0,25.0,0.0,1983,9,9,3,0
1983252N25083,1983,UNNAMED,1983-09-09 06:00:00+00:00,24.5,81.0,25.0,995.0,15.0,270.0,0,25.0,0.0,1983,9,9,6,0
1983252N25083,1983,UNNAMED,1983-09-09 12:00:00+00:00,24.5,80.0,25.0,995.0,7.0,290.0,0,25.0,0.0,1983,9,9,12,0
1983252N25083,1983,UNNAMED,1983-09-09 18:00:00+00:00,25.0,79.5,25.0,995.0,4.0,315.0,0,25.0,0.0,1983,9,9,18,0
1983252N25083,1983,UNNAMED,1983-09-10 00:00:00+00:00,25.5,79.5,25.0,995.0,21.0,15.0,0,25.0,0.0,1983,9,10,0,0
1983252N25083,1983,UNNAMED,1983-09-10 03:00:00+00:00,27.0,80.0,25.0,995.0,21.0,15.0,0,25.0,0.0,1983,9,10,3,0
1983252N25083,1983,UNNAMED,1983-09-10 06:00:00+00:00,27.5,80.0,25.0,995.0,8.0,345.0,0,25.0,0.0,1983,9,10,6,0
1983276N06130,1983,HERBERT,1983-10-07 00:00:00+00:00,11.3,113.7,35.0,1000.0,7.0,290.0,479,35.0,0.0,1983,10,7,0,1
1983276N06130,1983,HERBERT,1983-10-07 06:00:00+00:00,11.5,113.1,40.0,998.0,7.0,285.0,410,35.0,5.0,1983,10,7,6,0
1983276N06130,1983,HERBERT,1983-10-07 12:00:00+00:00,11.7,112.4,40.0,998.0,7.0,290.0,331,40.0,0.0,1983,10,7,12,0
1983276N06130,1983,HERBERT,1983-10-07 18:00:00+00:00,11.9,111.7,40.0,996.0,6.0,290.0,251,40.0,0.0,1983,10,7,18,1
1983276N06130,1983,HERBERT,1983-10-08 00:00:00+00:00,12.1,111.1,45.0,996.0,7.0,290.0,182,40.0,5.0,1983,10,8,0,0
1983276N06130,1983,HERBERT,1983-10-08 06:00:00+00:00,12.4,110.4,45.0,994.0,7.0,295.0,100,45.0,0.0,1983,10,8,6,0
1983276N06130,1983,HERBERT,1983-10-08 12:00:00+00:00,12.7,109.7,45.0,994.0,8.0,300.0,24,45.0,0.0,1983,10,8,12,0
1983282N09155,1983,KIM,1983-10-16 18:00:00+00:00,10.3,110.0,40.0,994.0,15.0,295.0,164,35.0,0.0,1983,10,16,18,0
1983282N09155,1983,KIM,1983-10-17 00:00:00+00:00,11.1,108.4,35.0,998.0,19.0,295.0,0,40.0,-5.0,1983,10,17,0,0
1983287N19091,1983,HERBERT,1983-10-14 03:00:00+00:00,19.0,91.0,25.0,995.0,5.0,295.0,229,35.0,0.0,1983,10,14,3,1
1983287N19091,1983,HERBERT,1983-10-14 12:00:00+00:00,19.5,90.5,55.0,995.0,6.0,0.0,239,25.0,30.0,1983,10,14,12,0
1983287N19091,1983,HERBERT,1983-10-15 03:00:00+00:00,21.5,91.5,55.0,995.0,5.0,30.0,41,55.0,0.0,1983,10,15,3,0
1983309N10091,1983,UNNAMED,1983-11-06 03:00:00+00:00,12.7,89.6,25.0,995.0,13.0,310.0,618,35.0,0.0,1983,11,6,3,1
1983309N10091,1983,UNNAMED,1983-11-06 12:00:00+00:00,13.9,88.3,40.0,995.0,9.0,330.0,666,25.0,15.0,1983,11,6,12,1
1983309N10091,1983,UNNAMED,1983-11-07 03:00:00+00:00,15.7,88.5,45.0,995.0,5.0,30.0,529,40.0,5.0,1983,11,7,3,0
1983309N10091,1983,UNNAMED,1983-11-07 12:00:00+00:00,16.0,88.8,45.0,995.0,3.0,40.0,514,45.0,0.0,1983,11,7,12,1
1983309N10091,1983,UNNAMED,1983-11-08 03:00:00+00:00,17.1,89.5,65.0,995.0,8.0,35.0,460,45.0,20.0,1983,11,8,3,1
1983309N10091,1983,UNNAMED,1983-11-08 12:00:00+00:00,18.1,90.2,90.0,995.0,7.0,25.0,359,65.0,25.0,1983,11,8,12,0
1983356N08081,1983,UNNAMED,1983-12-21 12:00:00+00:00,7.5,81.0,25.0,995.0,4.0,335.0,0,35.0,0.0,1983,12,21,12,0
1983356N08081,1983,UNNAMED,1983-12-22 03:00:00+00:00,8.5,80.5,25.0,995.0,7.0,320.0,0,25.0,0.0,1983,12,22,3,0
1984158N18068,1984,UNNAMED,1984-06-05 12:00:00+00:00,18.5,67.5,25.0,995.0,6.0,0.0,405,35.0,0.0,1984,6,5,12,0
1984158N18068,1984,UNNAMED,1984-06-06 03:00:00+00:00,20.0,67.5,25.0,995.0,8.0,0.0,289,25.0,0.0,1984,6,6,3,0
1984169N20137,1984,WYNNE,1984-06-19 18:00:00+00:00,21.5,131.3,35.0,996.0,7.0,310.0,1002,35.0,0.0,1984,6,19,18,0
1984169N20137,1984,WYNNE,1984-06-20 00:00:00+00:00,21.9,130.7,35.0,992.0,6.0,300.0,944,35.0,0.0,1984,6,20,0,0
1984169N20137,1984,WYNNE,1984-06-20 06:00:00+00:00,22.1,130.2,35.0,992.0,6.0,290.0,888,35.0,0.0,1984,6,20,6,0
1984169N20137,1984,WYNNE,1984-06-20 12:00:00+00:00,22.3,129.6,35.0,990.0,5.0,285.0,822,35.0,0.0,1984,6,20,12,0
1984169N20137,1984,WYNNE,1984-06-20 18:00:00+00:00,22.4,129.0,35.0,990.0,5.0,275.0,760,35.0,0.0,1984,6,20,18,1
1984169N20137,1984,WYNNE,1984-06-21 00:00:00+00:00,22.4,128.5,40.0,990.0,4.0,270.0,712,35.0,5.0,1984,6,21,0,0
1984169N20137,1984,WYNNE,1984-06-21 06:00:00+00:00,22.4,128.1,40.0,990.0,3.0,260.0,674,40.0,0.0,1984,6,21,6,1
1984169N20137,1984,WYNNE,1984-06-21 12:00:00+00:00,22.3,127.8,50.0,990.0,4.0,260.0,650,40.0,10.0,1984,6,21,12,0
1984169N20137,1984,WYNNE,1984-06-21 18:00:00+00:00,22.3,127.3,50.0,985.0,4.0,270.0,603,50.0,0.0,1984,6,21,18,0
1984169N20137,1984,WYNNE,1984-06-22 00:00:00+00:00,22.3,126.9,50.0,985.0,4.0,270.0,566,50.0,0.0,1984,6,22,0,0
1984169N20137,1984,WYNNE,1984-06-22 06:00:00+00:00,22.3,126.5,50.0,985.0,5.0,270.0,529,50.0,0.0,1984,6,22,6,0
1984169N20137,1984,WYNNE,1984-06-22 12:00:00+00:00,22.3,125.8,50.0,985.0,7.0,265.0,459,50.0,0.0,1984,6,22,12,0
1984169N20137,1984,WYNNE,1984-06-22 18:00:00+00:00,22.2,124.9,50.0,985.0,8.0,265.0,372,50.0,0.0,1984,6,22,18,0
1984169N20137,1984,WYNNE,1984-06-23 00:00:00+00:00,22.1,124.0,50.0,985.0,8.0,265.0,289,50.0,0.0,1984,6,23,0,1
1984169N20137,1984,WYNNE,1984-06-23 06:00:00+00:00,22.0,123.2,55.0,980.0,9.0,265.0,221,50.0,5.0,1984,6,23,6,0
1984169N20137,1984,WYNNE,1984-06-23 12:00:00+00:00,21.9,122.0,55.0,980.0,12.0,265.0,113,55.0,0.0,1984,6,23,12,0
1984169N20137,1984,WYNNE,1984-06-23 18:00:00+00:00,21.9,120.6,55.0,980.0,15.0,265.0,10,55.0,0.0,1984,6,23,18,0
1984169N20137,1984,WYNNE,1984-06-24 00:00:00+00:00,21.7,118.9,55.0,980.0,16.0,260.0,169,55.0,0.0,1984,6,24,0,0
1984169N20137,1984,WYNNE,1984-06-24 06:00:00+00:00,21.5,117.3,55.0,980.0,14.0,260.0,176,55.0,0.0,1984,6,24,6,0
1984169N20137,1984,WYNNE,1984-06-24 12:00:00+00:00,21.2,115.9,55.0,980.0,12.0,260.0,168,55.0,0.0,1984,6,24,12,0
1984169N20137,1984,WYNNE,1984-06-24 18:00:00+00:00,21.1,114.7,50.0,985.0,12.0,270.0,140,55.0,-5.0,1984,6,24,18,0
1984169N20137,1984,WYNNE,1984-06-25 00:00:00+00:00,21.1,113.4,50.0,985.0,11.0,275.0,98,50.0,0.0,1984,6,25,0,0
1984169N20137,1984,WYNNE,1984-06-25 06:00:00+00:00,21.3,112.2,50.0,985.0,12.0,280.0,44,50.0,0.0,1984,6,25,6,0
1984169N20137,1984,WYNNE,1984-06-25 12:00:00+00:00,21.4,110.8,45.0,985.0,15.0,275.0,0,50.0,-5.0,1984,6,25,12,0
1984213N20089,1984,UNNAMED,1984-07-31 03:00:00+00:00,20.0,88.5,25.0,995.0,14.0,270.0,174,35.0,0.0,1984,7,31,3,0
1984213N20089,1984,UNNAMED,1984-07-31 12:00:00+00:00,20.0,86.5,25.0,995.0,10.0,275.0,10,25.0,0.0,1984,7,31,12,0
1984213N20089,1984,UNNAMED,1984-08-01 03:00:00+00:00,20.5,85.0,25.0,995.0,6.0,300.0,0,25.0,0.0,1984,8,1,3,0
1984213N20089,1984,UNNAMED,1984-08-01 12:00:00+00:00,21.0,84.0,25.0,995.0,7.0,300.0,0,25.0,0.0,1984,8,1,12,0
1984213N20089,1984,UNNAMED,1984-08-02 03:00:00+00:00,22.0,82.0,25.0,995.0,11.0,305.0,0,25.0,0.0,1984,8,2,3,0
1984213N20089,1984,UNNAMED,1984-08-02 12:00:00+00:00,23.0,80.5,25.0,995.0,9.0,305.0,0,25.0,0.0,1984,8,2,12,0
1984213N20089,1984,UNNAMED,1984-08-03 03:00:00+00:00,23.5,79.0,25.0,995.0,10.0,285.0,0,25.0,0.0,1984,8,3,3,0
1984213N20089,1984,UNNAMED,1984-08-03 12:00:00+00:00,24.0,77.0,25.0,995.0,12.0,290.0,0,25.0,0.0,1984,8,3,12,0
1984213N20089,1984,UNNAMED,1984-08-03 18:00:00+00:00,24.5,76.0,25.0,995.0,8.0,300.0,0,25.0,0.0,1984,8,3,18,0
1984213N20089,1984,UNNAMED,1984-08-04 03:00:00+00:00,25.0,75.0,25.0,995.0,11.0,300.0,0,25.0,0.0,1984,8,4,3,0
1984213N20089,1984,UNNAMED,1984-08-04 12:00:00+00:00,26.0,73.0,25.0,995.0,11.0,290.0,0,25.0,0.0,1984,8,4,12,0
1984213N20089,1984,UNNAMED,1984-08-05 03:00:00+00:00,25.5,71.5,25.0,995.0,5.0,255.0,0,25.0,0.0,1984,8,5,3,0
1984213N20089,1984,UNNAMED,1984-08-05 12:00:00+00:00,25.5,70.5,25.0,995.0,5.0,275.0,0,25.0,0.0,1984,8,5,12,0
1984213N20089,1984,UNNAMED,1984-08-06 03:00:00+00:00,25.5,69.0,25.0,995.0,11.0,260.0,0,25.0,0.0,1984,8,6,3,0
1984213N20089,1984,UNNAMED,1984-08-06 12:00:00+00:00,25.0,67.0,25.0,995.0,3.0,255.0,0,25.0,0.0,1984,8,6,12,0
1984213N20089,1984,UNNAMED,1984-08-07 03:00:00+00:00,25.5,69.0,25.0,995.0,4.0,255.0,0,25.0,0.0,1984,8,7,3,0
1984213N20089,1984,UNNAMED,1984-08-07 12:00:00+00:00,25.0,67.0,25.0,995.0,7.0,255.0,0,25.0,0.0,1984,8,7,12,0
1984228N20091,1984,UNNAMED,1984-08-15 00:00:00+00:00,19.5,90.5,25.0,995.0,14.0,315.0,239,35.0,0.0,1984,8,15,0,0
1984228N20091,1984,UNNAMED,1984-08-15 03:00:00+00:00,20.0,90.0,25.0,995.0,16.0,305.0,200,25.0,0.0,1984,8,15,3,0
1984228N20091,1984,UNNAMED,1984-08-15 12:00:00+00:00,21.0,87.0,25.0,995.0,14.0,290.0,15,25.0,0.0,1984,8,15,12,0
1984228N20091,1984,UNNAMED,1984-08-16 03:00:00+00:00,21.7,86.5,25.0,995.0,4.0,300.0,0,25.0,0.0,1984,8,16,3,0
1984228N20091,1984,UNNAMED,1984-08-16 12:00:00+00:00,22.0,85.5,25.0,995.0,6.0,295.0,0,25.0,0.0,1984,8,16,12,0
1984228N20091,1984,UNNAMED,1984-08-17 03:00:00+00:00,23.0,84.0,25.0,995.0,10.0,310.0,0,25.0,0.0,1984,8,17,3,0
1984228N20091,1984,UNNAMED,1984-08-17 12:00:00+00:00,24.0,82.5,25.0,995.0,9.0,290.0,0,25.0,0.0,1984,8,17,12,0
1984228N20091,1984,UNNAMED,1984-08-18 03:00:00+00:00,23.5,80.5,25.0,995.0,11.0,260.0,0,25.0,0.0,1984,8,18,3,0
1984228N20091,1984,UNNAMED,1984-08-18 12:00:00+00:00,23.5,78.5,25.0,995.0,8.0,280.0,0,25.0,0.0,1984,8,18,12,0
1984228N20091,1984,UNNAMED,1984-08-19 03:00:00+00:00,24.5,78.5,25.0,995.0,6.0,15.0,0,25.0,0.0,1984,8,19,3,0
1984285N17089,1984,UNNAMED,1984-10-13 00:00:00+00:00,19.6,88.3,25.0,995.0,3.0,300.0,183,35.0,0.0,1984,10,13,0,0
1984285N17089,1984,UNNAMED,1984-10-13 03:00:00+00:00,19.7,88.1,25.0,995.0,5.0,310.0,160,25.0,0.0,1984,10,13,3,1
1984285N17089,1984,UNNAMED,1984-10-13 12:00:00+00:00,20.3,87.8,65.0,995.0,3.0,340.0,94,25.0,40.0,1984,10,13,12,0
1984285N17089,1984,UNNAMED,1984-10-14 03:00:00+00:00,21.1,86.9,55.0,995.0,7.0,310.0,10,65.0,-10.0,1984,10,14,3,0
1984285N17089,1984,UNNAMED,1984-10-14 12:00:00+00:00,21.7,86.0,35.0,995.0,5.0,290.0,0,55.0,-20.0,1984,10,14,12,0
1984285N17089,1984,UNNAMED,1984-10-15 03:00:00+00:00,22.5,85.0,25.0,995.0,6.0,330.0,0,35.0,-10.0,1984,10,15,3,0
1984314N09088,1984,UNNAMED,1984-11-09 12:00:00+00:00,9.3,86.9,25.0,995.0,5.0,310.0,592,35.0,0.0,1984,11,9,12,1
1984314N09088,1984,UNNAMED,1984-11-10 03:00:00+00:00,9.8,86.0,30.0,995.0,6.0,290.0,523,25.0,5.0,1984,11,10,3,0
1984314N09088,1984,UNNAMED,1984-11-10 12:00:00+00:00,10.1,84.8,30.0,995.0,10.0,275.0,419,30.0,0.0,1984,11,10,12,0
1984314N09088,1984,UNNAMED,1984-11-10 18:00:00+00:00,10.2,83.7,30.0,995.0,10.0,275.0,321,30.0,0.0,1984,11,10,18,0
1984314N09088,1984,UNNAMED,1984-11-11 03:00:00+00:00,10.5,82.5,30.0,995.0,8.0,290.0,229,30.0,0.0,1984,11,11,3,1
1984314N09088,1984,UNNAMED,1984-11-11 06:00:00+00:00,10.6,82.0,35.0,995.0,8.0,290.0,196,30.0,5.0,1984,11,11,6,1
1984314N09088,1984,UNNAMED,1984-11-11 12:00:00+00:00,10.9,81.4,40.0,995.0,6.0,300.0,163,35.0,5.0,1984,11,11,12,1
1984314N09088,1984,UNNAMED,1984-11-12 03:00:00+00:00,11.9,80.6,55.0,995.0,5.0,350.0,73,40.0,15.0,1984,11,12,3,1
1984314N09088,1984,UNNAMED,1984-11-12 12:00:00+00:00,12.7,80.6,90.0,995.0,6.0,5.0,43,55.0,35.0,1984,11,12,12,0
1984314N09088,1984,UNNAMED,1984-11-13 03:00:00+00:00,13.7,80.7,90.0,995.0,1.0,0.0,43,90.0,0.0,1984,11,13,3,1
1984314N09088,1984,UNNAMED,1984-11-13 12:00:00+00:00,13.4,80.6,102.0,995.0,2.0,255.0,32,90.0,12.0,1984,11,13,12,1
1984314N09088,1984,UNNAMED,1984-11-13 18:00:00+00:00,13.5,80.3,115.0,995.0,2.0,310.0,0,102.0,13.0,1984,11,13,18,0
1984314N09088,1984,UNNAMED,1984-11-14 03:00:00+00:00,13.8,80.2,115.0,995.0,1.0,340.0,0,115.0,0.0,1984,11,14,3,0
1984332N08086,1984,UNNAMED,1984-11-27 12:00:00+00:00,8.6,85.5,25.0,995.0,3.0,300.0,422,35.0,0.0,1984,11,27,12,0
1984332N08086,1984,UNNAMED,1984-11-28 03:00:00+00:00,9.1,84.9,25.0,995.0,4.0,320.0,380,25.0,0.0,1984,11,28,3,1
1984332N08086,1984,UNNAMED,1984-11-28 12:00:00+00:00,9.6,84.6,30.0,995.0,3.0,355.0,375,25.0,5.0,1984,11,28,12,1
1984332N08086,1984,UNNAMED,1984-11-28 15:00:00+00:00,9.8,84.6,35.0,995.0,3.0,20.0,385,30.0,5.0,1984,11,28,15,1
1984332N08086,1984,UNNAMED,1984-11-29 09:00:00+00:00,9.8,85.2,45.0,995.0,3.0,160.0,444,35.0,10.0,1984,11,29,9,1
1984332N08086,1984,UNNAMED,1984-11-30 00:00:00+00:00,9.5,84.8,55.0,995.0,3.0,305.0,390,45.0,10.0,1984,11,30,0,1
1984332N08086,1984,UNNAMED,1984-11-30 03:00:00+00:00,9.6,84.6,115.0,995.0,4.0,310.0,375,55.0,60.0,1984,11,30,3,0
1984332N08086,1984,UNNAMED,1984-12-01 03:00:00+00:00,10.8,81.1,115.0,995.0,12.0,285.0,131,115.0,0.0,1984,12,1,3,0
1984332N08086,1984,UNNAMED,1984-12-01 12:00:00+00:00,11.5,79.3,55.0,995.0,15.0,290.0,0,115.0,-60.0,1984,12,1,12,0
1984332N08086,1984,UNNAMED,1984-12-01 18:00:00+00:00,11.8,77.7,30.0,995.0,17.0,275.0,0,55.0,-25.0,1984,12,1,18,0
1984332N08086,1984,UNNAMED,1984-12-02 03:00:00+00:00,11.6,75.1,25.0,995.0,15.0,260.0,45,30.0,-5.0,1984,12,2,3,0
1984332N08086,1984,UNNAMED,1984-12-04 00:00:00+00:00,10.6,65.8,25.0,995.0,11.0,265.0,1011,25.0,0.0,1984,12,4,0,1
1984332N08086,1984,UNNAMED,1984-12-04 03:00:00+00:00,10.5,64.9,30.0,995.0,18.0,260.0,1103,25.0,5.0,1984,12,4,3,0
1984332N08086,1984,UNNAMED,1984-12-04 12:00:00+00:00,10.1,63.0,30.0,995.0,9.0,255.0,968,30.0,0.0,1984,12,4,12,0
1984332N08086,1984,UNNAMED,1984-12-05 03:00:00+00:00,9.5,60.0,30.0,995.0,17.0,250.0,693,30.0,0.0,1984,12,5,3,0
1984332N08086,1984,UNNAMED,1984-12-05 06:00:00+00:00,9.2,59.1,25.0,995.0,18.0,250.0,630,30.0,-5.0,1984,12,5,6,0
1985142N16089,1985,UNNAMED,1985-05-21 21:00:00+00:00,16.0,89.0,25.0,995.0,0.0,0.0,525,35.0,0.0,1985,5,21,21,0
1985142N16089,1985,UNNAMED,1985-05-22 03:00:00+00:00,16.0,89.0,25.0,995.0,0.0,0.0,525,25.0,0.0,1985,5,22,3,0
1985142N16089,1985,UNNAMED,1985-05-22 03:30:00+00:00,16.0,89.0,25.0,995.0,0.0,0.0,525,25.0,0.0,1985,5,22,3,1
1985142N16089,1985,UNNAMED,1985-05-22 12:00:00+00:00,16.0,89.0,35.0,995.0,3.0,290.0,525,25.0,10.0,1985,5,22,12,1
1985142N16089,1985,UNNAMED,1985-05-23 03:00:00+00:00,16.7,88.0,40.0,995.0,4.0,25.0,405,35.0,5.0,1985,5,23,3,1
1985142N16089,1985,UNNAMED,1985-05-23 06:00:00+00:00,16.9,88.1,45.0,995.0,5.0,30.0,390,40.0,5.0,1985,5,23,6,0
1985142N16089,1985,UNNAMED,1985-05-24 03:00:00+00:00,19.2,89.6,45.0,995.0,9.0,25.0,273,45.0,0.0,1985,5,24,3,1
1985142N16089,1985,UNNAMED,1985-05-24 12:00:00+00:00,20.5,90.3,55.0,995.0,8.0,25.0,145,45.0,10.0,1985,5,24,12,0
1985142N16089,1985,UNNAMED,1985-05-24 18:00:00+00:00,21.1,90.6,55.0,995.0,7.0,20.0,88,55.0,0.0,1985,5,24,18,0
1985142N16089,1985,UNNAMED,1985-05-24 20:00:00+00:00,21.3,90.6,55.0,995.0,7.0,20.0,69,55.0,0.0,1985,5,24,20,1
1985142N16089,1985,UNNAMED,1985-05-24 22:00:00+00:00,21.6,90.7,65.0,995.0,12.0,20.0,45,55.0,10.0,1985,5,24,22,0
1985142N16089,1985,UNNAMED,1985-05-25 03:00:00+00:00,23.1,91.4,50.0,995.0,20.0,30.0,0,65.0,-15.0,1985,5,25,3,0
1985142N16089,1985,UNNAMED,1985-05-25 12:00:00+00:00,24.0,92.6,35.0,995.0,6.0,15.0,0,50.0,-15.0,1985,5,25,12,0
1985148N15067,1985,UNNAMED,1985-05-28 03:00:00+00:00,15.0,67.0,25.0,995.0,8.0,30.0,695,35.0,0.0,1985,5,28,3,1
1985148N15067,1985,UNNAMED,1985-05-28 12:00:00+00:00,16.1,67.3,30.0,995.0,7.0,10.0,633,25.0,5.0,1985,5,28,12,1
1985148N15067,1985,UNNAMED,1985-05-29 03:00:00+00:00,17.5,67.7,35.0,995.0,6.0,20.0,480,30.0,5.0,1985,5,29,3,1
1985148N15067,1985,UNNAMED,1985-05-29 12:00:00+00:00,18.4,68.1,45.0,995.0,7.0,20.0,373,35.0,10.0,1985,5,29,12,0
1985148N15067,1985,UNNAMED,1985-05-30 03:00:00+00:00,20.3,68.3,45.0,995.0,8.0,355.0,205,45.0,0.0,1985,5,30,3,0
1985213N20088,1985,UNNAMED,1985-08-01 03:00:00+00:00,20.0,88.0,25.0,995.0,6.0,315.0,130,35.0,0.0,1985,8,1,3,0
1985213N20088,1985,UNNAMED,1985-08-01 12:00:00+00:00,20.5,87.5,25.0,995.0,2.0,320.0,56,25.0,0.0,1985,8,1,12,0
1985213N20088,1985,UNNAMED,1985-08-01 18:00:00+00:00,20.5,87.5,25.0,995.0,0.0,0.0,56,25.0,0.0,1985,8,1,18,0
1985217N30075,1985,UNNAMED,1985-08-05 03:00:00+00:00,29.5,74.5,25.0,995.0,6.0,30.0,0,35.0,0.0,1985,8,5,3,0
1985217N30075,1985,UNNAMED,1985-08-05 12:00:00+00:00,30.2,75.0,25.0,995.0,3.0,25.0,0,25.0,0.0,1985,8,5,12,0
1985218N21088,1985,UNNAMED,1985-08-06 03:00:00+00:00,20.5,88.0,25.0,995.0,27.0,315.0,106,35.0,0.0,1985,8,6,3,0
1985218N21088,1985,UNNAMED,1985-08-06 06:00:00+00:00,21.5,87.0,25.0,995.0,22.0,315.0,0,25.0,0.0,1985,8,6,6,0
1985218N21088,1985,UNNAMED,1985-08-06 12:00:00+00:00,22.5,86.0,25.0,995.0,9.0,310.0,0,25.0,0.0,1985,8,6,12,0
1985218N21088,1985,UNNAMED,1985-08-07 03:00:00+00:00,23.0,84.5,25.0,995.0,6.0,290.0,0,25.0,0.0,1985,8,7,3,0
1985218N21088,1985,UNNAMED,1985-08-07 12:00:00+00:00,23.5,83.5,20.0,995.0,6.0,285.0,0,25.0,-5.0,1985,8,7,12,0
1985218N21088,1985,UNNAMED,1985-08-08 03:00:00+00:00,23.5,82.0,20.0,995.0,6.0,290.0,0,20.0,0.0,1985,8,8,3,0
1985218N21088,1985,UNNAMED,1985-08-08 12:00:00+00:00,24.0,81.0,20.0,995.0,7.0,290.0,0,20.0,0.0,1985,8,8,12,0
1985226N19088,1985,UNNAMED,1985-08-14 03:00:00+00:00,18.5,88.0,25.0,995.0,14.0,315.0,237,35.0,0.0,1985,8,14,3,0
1985226N19088,1985,UNNAMED,1985-08-14 06:00:00+00:00,19.0,87.5,25.0,995.0,11.0,315.0,160,25.0,0.0,1985,8,14,6,0
1985226N19088,1985,UNNAMED,1985-08-14 12:00:00+00:00,19.5,87.0,25.0,995.0,5.0,325.0,84,25.0,0.0,1985,8,14,12,0
1985262N18090,1985,UNNAMED,1985-09-19 03:00:00+00:00,17.5,90.0,25.0,995.0,14.0,310.0,421,35.0,0.0,1985,9,19,3,0
1985262N18090,1985,UNNAMED,1985-09-19 12:00:00+00:00,18.5,88.5,25.0,995.0,7.0,285.0,276,25.0,0.0,1985,9,19,12,1
1985262N18090,1985,UNNAMED,1985-09-19 18:00:00+00:00,18.5,88.0,30.0,995.0,4.0,295.0,237,25.0,5.0,1985,9,19,18,0
1985262N18090,1985,UNNAMED,1985-09-20 00:00:00+00:00,19.0,87.5,30.0,995.0,11.0,320.0,160,30.0,0.0,1985,9,20,0,1
1985262N18090,1985,UNNAMED,1985-09-20 03:00:00+00:00,19.5,87.0,35.0,995.0,11.0,300.0,84,30.0,5.0,1985,9,20,3,1
1985262N18090,1985,UNNAMED,1985-09-20 06:00:00+00:00,19.5,86.5,40.0,995.0,7.0,280.0,56,35.0,5.0,1985,9,20,6,1
1985262N18090,1985,UNNAMED,1985-09-20 12:00:00+00:00,19.8,86.2,45.0,995.0,6.0,330.0,15,40.0,5.0,1985,9,20,12,0
1985262N18090,1985,UNNAMED,1985-09-20 18:00:00+00:00,20.5,85.5,35.0,995.0,12.0,300.0,0,45.0,-10.0,1985,9,20,18,0
1985262N18090,1985,UNNAMED,1985-09-21 00:00:00+00:00,21.0,84.0,30.0,995.0,19.0,295.0,0,35.0,-5.0,1985,9,21,0,0
1985262N18090,1985,UNNAMED,1985-09-21 03:00:00+00:00,21.5,83.0,30.0,995.0,17.0,300.0,0,30.0,0.0,1985,9,21,3,0
1985266N25077,1985,UNNAMED,1985-09-23 03:00:00+00:00,25.0,77.0,25.0,995.0,10.0,40.0,0,35.0,0.0,1985,9,23,3,0
1985266N25077,1985,UNNAMED,1985-09-23 12:00:00+00:00,26.0,78.0,25.0,995.0,7.0,45.0,0,25.0,0.0,1985,9,23,12,0
1985266N25077,1985,UNNAMED,1985-09-24 03:00:00+00:00,26.5,78.5,25.0,995.0,3.0,325.0,0,25.0,0.0,1985,9,24,3,0
1985274N14084,1985,UNNAMED,1985-10-01 03:00:00+00:00,14.0,83.5,25.0,995.0,10.0,290.0,317,35.0,0.0,1985,10,1,3,0
1985274N14084,1985,UNNAMED,1985-10-01 12:00:00+00:00,14.5,82.0,25.0,995.0,9.0,295.0,178,25.0,0.0,1985,10,1,12,0
1985279N20072,1985,UNNAMED,1985-10-06 03:00:00+00:00,19.5,71.5,25.0,995.0,2.0,0.0,125,35.0,0.0,1985,10,6,3,0
1985279N20072,1985,UNNAMED,1985-10-06 12:00:00+00:00,20.0,71.5,25.0,995.0,6.0,10.0,98,25.0,0.0,1985,10,6,12,0
1985279N20072,1985,UNNAMED,1985-10-07 03:00:00+00:00,21.5,72.0,25.0,995.0,1.0,60.0,0,25.0,0.0,1985,10,7,3,0
1985279N20072,1985,UNNAMED,1985-10-07 12:00:00+00:00,21.0,72.0,25.0,995.0,5.0,195.0,22,25.0,0.0,1985,10,7,12,0
1985279N20072,1985,UNNAMED,1985-10-08 03:00:00+00:00,20.5,72.2,25.0,995.0,13.0,65.0,66,25.0,0.0,1985,10,8,3,0
1985279N20072,1985,UNNAMED,1985-10-08 12:00:00+00:00,22.0,75.0,25.0,995.0,19.0,55.0,0,25.0,0.0,1985,10,8,12,0
1985281N02144,1985,CECIL,1985-10-12 12:00:00+00:00,11.1,119.0,40.0,998.0,12.0,285.0,39,35.0,0.0,1985,10,12,12,0
1985281N02144,1985,CECIL,1985-10-12 18:00:00+00:00,11.4,117.8,40.0,996.0,10.0,285.0,173,40.0,0.0,1985,10,12,18,1
1985281N02144,1985,CECIL,1985-10-13 00:00:00+00:00,11.8,117.0,50.0,990.0,8.0,300.0,270,40.0,10.0,1985,10,13,0,1
1985281N02144,1985,CECIL,1985-10-13 06:00:00+00:00,12.1,116.5,55.0,985.0,7.0,305.0,331,50.0,5.0,1985,10,13,6,0
1985281N02144,1985,CECIL,1985-10-13 12:00:00+00:00,12.5,115.9,55.0,985.0,7.0,305.0,408,55.0,0.0,1985,10,13,12,1
1985281N02144,1985,CECIL,1985-10-13 18:00:00+00:00,12.9,115.3,60.0,980.0,7.0,310.0,485,55.0,5.0,1985,10,13,18,0
1985281N02144,1985,CECIL,1985-10-14 00:00:00+00:00,13.4,114.9,60.0,975.0,7.0,315.0,547,60.0,0.0,1985,10,14,0,1
1985281N02144,1985,CECIL,1985-10-14 06:00:00+00:00,13.9,114.2,70.0,970.0,8.0,305.0,520,60.0,10.0,1985,10,14,6,1
1985281N02144,1985,CECIL,1985-10-14 12:00:00+00:00,14.4,113.5,80.0,965.0,9.0,300.0,456,70.0,10.0,1985,10,14,12,0
1985281N02144,1985,CECIL,1985-10-14 18:00:00+00:00,14.8,112.7,80.0,965.0,10.0,300.0,380,80.0,0.0,1985,10,14,18,0
1985281N02144,1985,CECIL,1985-10-15 00:00:00+00:00,15.4,111.7,80.0,965.0,12.0,295.0,290,80.0,0.0,1985,10,15,0,0
1985281N02144,1985,CECIL,1985-10-15 06:00:00+00:00,15.9,110.6,80.0,965.0,13.0,300.0,198,80.0,0.0,1985,10,15,6,0
1985281N02144,1985,CECIL,1985-10-15 12:00:00+00:00,16.5,109.4,80.0,960.0,13.0,290.0,130,80.0,0.0,1985,10,15,12,0
1985281N02144,1985,CECIL,1985-10-15 18:00:00+00:00,16.9,108.1,80.0,965.0,13.0,280.0,62,80.0,0.0,1985,10,15,18,0
1985281N02144,1985,CECIL,1985-10-16 00:00:00+00:00,17.1,106.7,70.0,970.0,13.0,275.0,0,80.0,-10.0,1985,10,16,0,0
1985282N12090,1985,UNNAMED,1985-10-09 03:00:00+00:00,13.2,90.5,25.0,995.0,11.0,310.0,506,35.0,0.0,1985,10,9,3,1
1985282N12090,1985,UNNAMED,1985-10-09 18:00:00+00:00,14.4,87.2,35.0,995.0,16.0,295.0,547,25.0,10.0,1985,10,9,18,0
1985282N12090,1985,UNNAMED,1985-10-10 03:00:00+00:00,15.6,85.3,35.0,995.0,11.0,310.0,316,35.0,0.0,1985,10,10,3,1
1985282N12090,1985,UNNAMED,1985-10-10 12:00:00+00:00,16.4,84.4,40.0,995.0,7.0,320.0,185,35.0,5.0,1985,10,10,12,1
1985282N12090,1985,UNNAMED,1985-10-10 15:00:00+00:00,16.7,84.2,45.0,995.0,6.0,330.0,146,40.0,5.0,1985,10,10,15,0
1985282N12090,1985,UNNAMED,1985-10-10 21:00:00+00:00,17.3,83.8,45.0,995.0,9.0,325.0,69,45.0,0.0,1985,10,10,21,0
1985282N12090,1985,UNNAMED,1985-10-11 03:00:00+00:00,18.1,83.0,40.0,995.0,12.0,310.0,0,45.0,-5.0,1985,10,11,3,0
1985282N12090,1985,UNNAMED,1985-10-12 12:00:00+00:00,19.3,81.5,35.0,995.0,3.0,320.0,0,40.0,-5.0,1985,10,12,12,0
1985284N05159,1985,DOT,1985-10-13 18:00:00+00:00,11.4,143.6,35.0,1000.0,13.0,275.0,1548,35.0,0.0,1985,10,13,18,1
1985284N05159,1985,DOT,1985-10-14 00:00:00+00:00,11.6,142.3,45.0,992.0,12.0,280.0,1546,35.0,10.0,1985,10,14,0,0
1985284N05159,1985,DOT,1985-10-14 06:00:00+00:00,11.8,141.2,45.0,990.0,11.0,285.0,1528,45.0,0.0,1985,10,14,6,1
1985284N05159,1985,DOT,1985-10-14 12:00:00+00:00,12.2,140.1,50.0,985.0,11.0,295.0,1528,45.0,5.0,1985,10,14,12,1
1985284N05159,1985,DOT,1985-10-14 18:00:00+00:00,12.7,139.0,60.0,980.0,12.0,295.0,1449,50.0,10.0,1985,10,14,18,1
1985284N05159,1985,DOT,1985-10-15 00:00:00+00:00,13.1,137.9,70.0,970.0,12.0,285.0,1337,60.0,10.0,1985,10,15,0,1
1985284N05159,1985,DOT,1985-10-15 06:00:00+00:00,13.4,136.7,85.0,950.0,11.0,280.0,1215,70.0,15.0,1985,10,15,6,0
1985284N05159,1985,DOT,1985-10-15 12:00:00+00:00,13.6,135.7,85.0,940.0,9.0,280.0,1114,85.0,0.0,1985,10,15,12,1
1985284N05159,1985,DOT,1985-10-15 18:00:00+00:00,13.8,134.8,90.0,920.0,10.0,285.0,1023,85.0,5.0,1985,10,15,18,1
1985284N05159,1985,DOT,1985-10-16 00:00:00+00:00,14.1,133.7,100.0,905.0,11.0,285.0,913,90.0,10.0,1985,10,16,0,1
1985284N05159,1985,DOT,1985-10-16 06:00:00+00:00,14.4,132.6,110.0,905.0,12.0,285.0,807,100.0,10.0,1985,10,16,6,1
1985284N05159,1985,DOT,1985-10-16 12:00:00+00:00,14.6,131.2,120.0,895.0,13.0,275.0,672,110.0,10.0,1985,10,16,12,0
1985284N05159,1985,DOT,1985-10-16 18:00:00+00:00,14.7,129.9,120.0,895.0,13.0,270.0,552,120.0,0.0,1985,10,16,18,0
1985284N05159,1985,DOT,1985-10-17 00:00:00+00:00,14.7,128.5,120.0,895.0,12.0,265.0,428,120.0,0.0,1985,10,17,0,0
1985284N05159,1985,DOT,1985-10-17 06:00:00+00:00,14.5,127.3,120.0,900.0,11.0,260.0,318,120.0,0.0,1985,10,17,6,0
1985284N05159,1985,DOT,1985-10-17 12:00:00+00:00,14.3,126.3,110.0,910.0,10.0,260.0,209,120.0,-10.0,1985,10,17,12,0
1985284N05159,1985,DOT,1985-10-17 18:00:00+00:00,14.3,125.3,110.0,910.0,10.0,275.0,106,110.0,0.0,1985,10,17,18,0
1985284N05159,1985,DOT,1985-10-18 00:00:00+00:00,14.4,124.3,80.0,915.0,10.0,280.0,44,110.0,-30.0,1985,10,18,0,1
1985284N05159,1985,DOT,1985-10-18 06:00:00+00:00,14.7,123.4,90.0,925.0,10.0,290.0,77,80.0,10.0,1985,10,18,6,0
1985284N05159,1985,DOT,1985-10-18 12:00:00+00:00,15.1,122.3,90.0,925.0,13.0,290.0,78,90.0,0.0,1985,10,18,12,0
1985284N05159,1985,DOT,1985-10-18 18:00:00+00:00,15.5,120.9,90.0,980.0,15.0,280.0,0,90.0,0.0,1985,10,18,18,0
1985284N05159,1985,DOT,1985-10-19 00:00:00+00:00,15.6,119.4,80.0,980.0,11.0,280.0,54,90.0,-10.0,1985,10,19,0,0
1985284N05159,1985,DOT,1985-10-19 06:00:00+00:00,15.8,118.5,80.0,980.0,8.0,295.0,130,80.0,0.0,1985,10,19,6,0
1985284N05159,1985,DOT,1985-10-19 12:00:00+00:00,16.2,117.7,60.0,980.0,10.0,290.0,214,80.0,-20.0,1985,10,19,12,0
1985284N05159,1985,DOT,1985-10-19 18:00:00+00:00,16.5,116.6,60.0,975.0,11.0,290.0,335,60.0,0.0,1985,10,19,18,1
1985284N05159,1985,DOT,1985-10-20 00:00:00+00:00,17.0,115.5,65.0,965.0,12.0,290.0,461,60.0,5.0,1985,10,20,0,1
1985284N05159,1985,DOT,1985-10-20 06:00:00+00:00,17.3,114.2,70.0,965.0,14.0,285.0,424,65.0,5.0,1985,10,20,6,1
1985284N05159,1985,DOT,1985-10-20 12:00:00+00:00,17.7,112.8,75.0,960.0,14.0,285.0,272,70.0,5.0,1985,10,20,12,0
1985284N05159,1985,DOT,1985-10-20 18:00:00+00:00,18.0,111.2,75.0,960.0,17.0,280.0,115,75.0,0.0,1985,10,20,18,0
1985284N05159,1985,DOT,1985-10-21 00:00:00+00:00,18.3,109.4,60.0,980.0,17.0,280.0,10,75.0,-15.0,1985,10,21,0,0
1985284N05159,1985,DOT,1985-10-21 06:00:00+00:00,18.5,107.7,60.0,980.0,16.0,275.0,105,60.0,0.0,1985,10,21,6,0
1985284N05159,1985,DOT,1985-10-21 12:00:00+00:00,18.7,106.1,45.0,990.0,13.0,275.0,30,60.0,-15.0,1985,10,21,12,0
1985287N13093,1985,UNNAMED,1985-10-13 12:00:00+00:00,13.5,93.0,25.0,995.0,19.0,300.0,298,35.0,0.0,1985,10,13,12,1
1985287N13093,1985,UNNAMED,1985-10-14 03:00:00+00:00,16.0,89.5,30.0,995.0,14.0,330.0,502,25.0,5.0,1985,10,14,3,0
1985287N13093,1985,UNNAMED,1985-10-14 12:00:00+00:00,17.5,89.0,30.0,995.0,3.0,350.0,391,30.0,0.0,1985,10,14,12,1
1985287N13093,1985,UNNAMED,1985-10-14 15:00:00+00:00,17.5,89.0,35.0,995.0,4.0,320.0,391,30.0,5.0,1985,10,14,15,0
1985287N13093,1985,UNNAMED,1985-10-15 03:00:00+00:00,19.3,88.2,35.0,995.0,6.0,345.0,192,35.0,0.0,1985,10,15,3,1
1985287N13093,1985,UNNAMED,1985-10-15 12:00:00+00:00,20.0,87.8,45.0,995.0,6.0,320.0,114,35.0,10.0,1985,10,15,12,0
1985287N13093,1985,UNNAMED,1985-10-16 03:00:00+00:00,21.2,86.6,35.0,995.0,8.0,325.0,0,45.0,-10.0,1985,10,16,3,0
1985316N13081,1985,UNNAMED,1985-11-12 03:00:00+00:00,12.5,81.0,25.0,995.0,6.0,270.0,86,35.0,0.0,1985,11,12,3,0
1985317N12082,1985,UNNAMED,1985-11-15 03:00:00+00:00,12.7,86.2,25.0,995.0,5.0,310.0,605,35.0,0.0,1985,11,15,3,1
1985317N12082,1985,UNNAMED,1985-11-15 12:00:00+00:00,13.0,85.5,30.0,995.0,5.0,280.0,529,25.0,5.0,1985,11,15,12,1
1985317N12082,1985,UNNAMED,1985-11-16 12:00:00+00:00,13.0,83.0,35.0,995.0,9.0,290.0,294,30.0,5.0,1985,11,16,12,0
1985317N12082,1985,UNNAMED,1985-11-17 01:00:00+00:00,14.0,80.8,35.0,995.0,12.0,310.0,58,35.0,0.0,1985,11,17,1,0
1985317N12082,1985,UNNAMED,1985-11-17 03:00:00+00:00,14.3,80.5,35.0,995.0,11.0,315.0,43,35.0,0.0,1985,11,17,3,0
1985343N04090,1985,UNNAMED,1985-12-11 06:00:00+00:00,7.8,88.8,30.0,995.0,13.0,300.0,749,35.0,0.0,1985,12,11,6,0
1985343N04090,1985,UNNAMED,1985-12-11 21:00:00+00:00,9.2,86.4,30.0,995.0,13.0,300.0,537,30.0,0.0,1985,12,11,21,1
1985343N04090,1985,UNNAMED,1985-12-12 06:00:00+00:00,10.3,84.7,35.0,995.0,11.0,300.0,420,30.0,5.0,1985,12,12,6,0
1985343N04090,1985,UNNAMED,1985-12-12 21:00:00+00:00,11.8,82.7,35.0,995.0,11.0,315.0,283,35.0,0.0,1985,12,12,21,0
1985343N04090,1985,UNNAMED,1985-12-13 06:00:00+00:00,12.9,81.5,35.0,995.0,10.0,315.0,137,35.0,0.0,1985,12,13,6,0
1986006N03087,1986,UNNAMED,1986-01-07 12:00:00+00:00,4.6,84.4,30.0,995.0,4.0,310.0,367,35.0,0.0,1986,1,7,12,0
1986006N03087,1986,UNNAMED,1986-01-08 03:00:00+00:00,5.1,83.6,30.0,995.0,4.0,315.0,262,30.0,0.0,1986,1,8,3,0
1986223N18088,1986,UNNAMED,1986-08-10 12:00:00+00:00,18.0,88.0,25.0,995.0,5.0,270.0,279,35.0,0.0,1986,8,10,12,0
1986223N18088,1986,UNNAMED,1986-08-11 03:00:00+00:00,18.0,86.5,25.0,995.0,6.0,270.0,213,25.0,0.0,1986,8,11,3,0
1986223N18088,1986,UNNAMED,1986-08-11 12:00:00+00:00,18.0,85.5,25.0,995.0,6.0,270.0,130,25.0,0.0,1986,8,11,12,0
1986228N19120,1986,WAYNE,1986-08-18 06:00:00+00:00,15.8,117.1,40.0,990.0,6.0,330.0,279,35.0,0.0,1986,8,18,6,1
1986228N19120,1986,WAYNE,1986-08-18 12:00:00+00:00,16.2,116.7,45.0,990.0,6.0,305.0,321,40.0,5.0,1986,8,18,12,0
1986228N19120,1986,WAYNE,1986-08-18 18:00:00+00:00,16.6,116.1,45.0,985.0,8.0,305.0,390,45.0,0.0,1986,8,18,18,1
1986228N19120,1986,WAYNE,1986-08-19 00:00:00+00:00,17.1,115.4,50.0,980.0,9.0,315.0,474,45.0,5.0,1986,8,19,0,1
1986228N19120,1986,WAYNE,1986-08-19 06:00:00+00:00,17.8,114.8,55.0,975.0,9.0,320.0,448,50.0,5.0,1986,8,19,6,1
1986228N19120,1986,WAYNE,1986-08-19 12:00:00+00:00,18.4,114.2,60.0,975.0,8.0,315.0,362,55.0,5.0,1986,8,19,12,0
1986228N19120,1986,WAYNE,1986-08-19 18:00:00+00:00,19.0,113.6,60.0,975.0,7.0,325.0,280,60.0,0.0,1986,8,19,18,1
1986228N19120,1986,WAYNE,1986-08-20 00:00:00+00:00,19.7,113.3,65.0,970.0,7.0,360.0,241,60.0,5.0,1986,8,20,0,0
1986228N19120,1986,WAYNE,1986-08-20 06:00:00+00:00,20.4,113.6,65.0,970.0,9.0,35.0,178,65.0,0.0,1986,8,20,6,0
1986228N19120,1986,WAYNE,1986-08-20 12:00:00+00:00,21.2,114.3,65.0,965.0,10.0,50.0,122,65.0,0.0,1986,8,20,12,0
1986228N19120,1986,WAYNE,1986-08-20 18:00:00+00:00,21.7,115.1,55.0,965.0,10.0,55.0,91,65.0,-10.0,1986,8,20,18,1
1986228N19120,1986,WAYNE,1986-08-21 00:00:00+00:00,22.3,116.1,65.0,960.0,11.0,60.0,54,55.0,10.0,1986,8,21,0,1
1986228N19120,1986,WAYNE,1986-08-21 06:00:00+00:00,22.7,117.2,70.0,955.0,11.0,65.0,75,65.0,5.0,1986,8,21,6,1
1986228N19120,1986,WAYNE,1986-08-21 12:00:00+00:00,23.1,118.3,75.0,955.0,11.0,65.0,97,70.0,5.0,1986,8,21,12,0
1986228N19120,1986,WAYNE,1986-08-21 18:00:00+00:00,23.6,119.3,75.0,955.0,11.0,65.0,81,75.0,0.0,1986,8,21,18,0
1986228N19120,1986,WAYNE,1986-08-22 00:00:00+00:00,24.1,120.5,65.0,960.0,13.0,65.0,0,75.0,-10.0,1986,8,22,0,0
1986228N19120,1986,WAYNE,1986-08-22 06:00:00+00:00,24.7,121.8,60.0,975.0,13.0,65.0,0,65.0,-5.0,1986,8,22,6,0
1986228N19120,1986,WAYNE,1986-08-22 12:00:00+00:00,25.0,123.0,55.0,980.0,11.0,80.0,100,60.0,-5.0,1986,8,22,12,1
1986228N19120,1986,WAYNE,1986-08-22 18:00:00+00:00,25.0,124.1,60.0,985.0,8.0,115.0,211,55.0,5.0,1986,8,22,18,0
1986228N19120,1986,WAYNE,1986-08-23 00:00:00+00:00,24.5,124.6,50.0,990.0,5.0,125.0,268,60.0,-10.0,1986,8,23,0,0
1986228N19120,1986,WAYNE,1986-08-23 06:00:00+00:00,24.4,125.0,45.0,990.0,1.0,0.0,310,50.0,-5.0,1986,8,23,6,0
1986228N19120,1986,WAYNE,1986-08-23 12:00:00+00:00,24.2,124.6,45.0,985.0,7.0,235.0,275,45.0,0.0,1986,8,23,12,1
1986228N19120,1986,WAYNE,1986-08-23 18:00:00+00:00,23.7,123.9,50.0,985.0,7.0,225.0,221,45.0,5.0,1986,8,23,18,1
1986228N19120,1986,WAYNE,1986-08-24 00:00:00+00:00,23.2,123.4,55.0,985.0,9.0,230.0,201,50.0,5.0,1986,8,24,0,0
1986228N19120,1986,WAYNE,1986-08-24 06:00:00+00:00,22.6,122.5,55.0,985.0,11.0,230.0,125,55.0,0.0,1986,8,24,6,0
1986228N19120,1986,WAYNE,1986-08-24 12:00:00+00:00,21.8,121.5,50.0,990.0,13.0,240.0,62,55.0,-5.0,1986,8,24,12,0
1986228N19120,1986,WAYNE,1986-08-24 18:00:00+00:00,21.4,120.2,45.0,990.0,13.0,255.0,76,50.0,-5.0,1986,8,24,18,0
1986228N19120,1986,WAYNE,1986-08-25 00:00:00+00:00,21.1,118.8,40.0,992.0,12.0,260.0,215,45.0,-5.0,1986,8,25,0,0
1986228N19120,1986,WAYNE,1986-08-25 06:00:00+00:00,20.8,117.7,40.0,992.0,11.0,245.0,265,40.0,0.0,1986,8,25,6,0
1986228N19120,1986,WAYNE,1986-08-25 12:00:00+00:00,20.2,116.7,40.0,992.0,10.0,240.0,294,40.0,0.0,1986,8,25,12,0
1986228N19120,1986,WAYNE,1986-08-25 18:00:00+00:00,19.9,115.9,40.0,994.0,8.0,240.0,308,40.0,0.0,1986,8,25,18,0
1986228N19120,1986,WAYNE,1986-08-27 12:00:00+00:00,18.2,118.0,40.0,994.0,11.0,70.0,252,40.0,0.0,1986,8,27,12,0
1986228N19120,1986,WAYNE,1986-08-27 18:00:00+00:00,18.7,119.1,40.0,994.0,12.0,60.0,161,40.0,0.0,1986,8,27,18,0
1986228N19120,1986,WAYNE,1986-08-28 00:00:00+00:00,19.4,120.0,40.0,994.0,9.0,50.0,122,40.0,0.0,1986,8,28,0,0
1986228N19120,1986,WAYNE,1986-08-28 06:00:00+00:00,19.9,120.5,40.0,992.0,5.0,40.0,148,40.0,0.0,1986,8,28,6,0
1986228N19120,1986,WAYNE,1986-08-28 12:00:00+00:00,20.2,120.8,40.0,992.0,4.0,40.0,178,40.0,0.0,1986,8,28,12,0
1986228N19120,1986,WAYNE,1986-08-28 18:00:00+00:00,20.4,121.0,40.0,992.0,3.0,40.0,168,40.0,0.0,1986,8,28,18,0
1986228N19120,1986,WAYNE,1986-08-29 00:00:00+00:00,20.6,121.1,40.0,992.0,1.0,45.0,146,40.0,0.0,1986,8,29,0,1
1986228N19120,1986,WAYNE,1986-08-29 06:00:00+00:00,20.7,121.2,45.0,992.0,1.0,40.0,137,40.0,5.0,1986,8,29,6,0
1986228N19120,1986,WAYNE,1986-08-29 12:00:00+00:00,20.8,121.3,45.0,990.0,2.0,30.0,129,45.0,0.0,1986,8,29,12,0
1986228N19120,1986,WAYNE,1986-08-29 18:00:00+00:00,21.1,121.5,45.0,990.0,4.0,35.0,108,45.0,0.0,1986,8,29,18,1
1986228N19120,1986,WAYNE,1986-08-30 00:00:00+00:00,21.4,121.8,50.0,985.0,4.0,40.0,108,45.0,5.0,1986,8,30,0,0
1986228N19120,1986,WAYNE,1986-08-30 06:00:00+00:00,21.7,122.1,50.0,980.0,4.0,55.0,125,50.0,0.0,1986,8,30,6,1
1986228N19120,1986,WAYNE,1986-08-30 12:00:00+00:00,21.8,122.4,55.0,975.0,3.0,70.0,155,50.0,5.0,1986,8,30,12,1
1986228N19120,1986,WAYNE,1986-08-30 18:00:00+00:00,21.9,122.6,60.0,960.0,2.0,85.0,175,55.0,5.0,1986,8,30,18,1
1986228N19120,1986,WAYNE,1986-08-31 00:00:00+00:00,21.9,122.8,65.0,955.0,2.0,100.0,195,60.0,5.0,1986,8,31,0,1
1986228N19120,1986,WAYNE,1986-08-31 06:00:00+00:00,21.8,123.0,70.0,960.0,2.0,130.0,216,65.0,5.0,1986,8,31,6,0
1986228N19120,1986,WAYNE,1986-08-31 12:00:00+00:00,21.6,123.2,65.0,965.0,2.0,155.0,239,70.0,-5.0,1986,8,31,12,0
1986228N19120,1986,WAYNE,1986-08-31 18:00:00+00:00,21.4,123.2,65.0,970.0,2.0,190.0,244,65.0,0.0,1986,8,31,18,0
1986228N19120,1986,WAYNE,1986-09-01 00:00:00+00:00,21.1,123.1,65.0,975.0,4.0,215.0,244,65.0,0.0,1986,9,1,0,0
1986228N19120,1986,WAYNE,1986-09-01 06:00:00+00:00,20.8,122.8,65.0,970.0,5.0,220.0,232,65.0,0.0,1986,9,1,6,0
1986228N19120,1986,WAYNE,1986-09-01 12:00:00+00:00,20.3,122.4,65.0,965.0,5.0,215.0,212,65.0,0.0,1986,9,1,12,1
1986228N19120,1986,WAYNE,1986-09-01 18:00:00+00:00,20.0,122.2,70.0,965.0,4.0,210.0,178,65.0,5.0,1986,9,1,18,0
1986228N19120,1986,WAYNE,1986-09-02 00:00:00+00:00,19.6,122.0,70.0,960.0,4.0,210.0,134,70.0,0.0,1986,9,2,0,0
1986228N19120,1986,WAYNE,1986-09-02 06:00:00+00:00,19.3,121.8,70.0,960.0,4.0,225.0,98,70.0,0.0,1986,9,2,6,0
1986228N19120,1986,WAYNE,1986-09-02 12:00:00+00:00,19.1,121.4,70.0,965.0,5.0,255.0,67,70.0,0.0,1986,9,2,12,0
1986228N19120,1986,WAYNE,1986-09-02 18:00:00+00:00,19.0,120.7,70.0,970.0,6.0,265.0,45,70.0,0.0,1986,9,2,18,0
1986228N19120,1986,WAYNE,1986-09-03 00:00:00+00:00,18.9,120.1,65.0,970.0,7.0,250.0,76,70.0,-5.0,1986,9,3,0,0
1986228N19120,1986,WAYNE,1986-09-03 06:00:00+00:00,18.5,119.3,60.0,970.0,9.0,250.0,134,65.0,-5.0,1986,9,3,6,0
1986228N19120,1986,WAYNE,1986-09-03 12:00:00+00:00,18.4,118.4,60.0,970.0,8.0,270.0,219,60.0,0.0,1986,9,3,12,1
1986228N19120,1986,WAYNE,1986-09-03 18:00:00+00:00,18.5,117.6,65.0,960.0,8.0,290.0,302,60.0,5.0,1986,9,3,18,1
1986228N19120,1986,WAYNE,1986-09-04 00:00:00+00:00,18.8,116.8,75.0,955.0,12.0,295.0,393,65.0,10.0,1986,9,4,0,0
1986228N19120,1986,WAYNE,1986-09-04 06:00:00+00:00,19.4,115.3,75.0,955.0,16.0,285.0,340,75.0,0.0,1986,9,4,6,0
1986228N19120,1986,WAYNE,1986-09-04 12:00:00+00:00,19.6,113.7,75.0,960.0,14.0,275.0,267,75.0,0.0,1986,9,4,12,0
1986228N19120,1986,WAYNE,1986-09-04 18:00:00+00:00,19.7,112.4,70.0,960.0,11.0,280.0,147,75.0,-5.0,1986,9,4,18,0
1986228N19120,1986,WAYNE,1986-09-05 00:00:00+00:00,20.0,111.3,65.0,960.0,13.0,285.0,43,70.0,-5.0,1986,9,5,0,0
1986228N19120,1986,WAYNE,1986-09-05 06:00:00+00:00,20.3,109.7,65.0,965.0,14.0,280.0,20,65.0,0.0,1986,9,5,6,0
1986228N19120,1986,WAYNE,1986-09-05 12:00:00+00:00,20.5,108.4,65.0,965.0,14.0,275.0,113,65.0,0.0,1986,9,5,12,0
1986228N19120,1986,WAYNE,1986-09-05 18:00:00+00:00,20.5,106.8,65.0,965.0,16.0,260.0,22,65.0,0.0,1986,9,5,18,0
1986228N19120,1986,WAYNE,1986-09-06 00:00:00+00:00,20.1,105.0,60.0,975.0,16.0,260.0,0,65.0,-5.0,1986,9,6,0,0
1986231N21088,1986,UNNAMED,1986-08-19 03:00:00+00:00,21.2,88.0,25.0,995.0,3.0,245.0,49,35.0,0.0,1986,8,19,3,0
1986267N21088,1986,UNNAMED,1986-09-24 03:00:00+00:00,20.5,88.0,25.0,995.0,2.0,315.0,106,35.0,0.0,1986,9,24,3,0
1986308N11090,1986,UNNAMED,1986-11-07 03:00:00+00:00,15.3,81.3,25.0,995.0,13.0,85.0,61,35.0,0.0,1986,11,7,3,0
1986308N11090,1986,UNNAMED,1986-11-07 12:00:00+00:00,15.7,82.8,25.0,995.0,11.0,50.0,114,25.0,0.0,1986,11,7,12,0
1986308N11090,1986,UNNAMED,1986-11-08 03:00:00+00:00,18.4,85.5,25.0,995.0,13.0,35.0,104,25.0,0.0,1986,11,8,3,1
1986308N11090,1986,UNNAMED,1986-11-08 12:00:00+00:00,19.9,86.5,30.0,995.0,12.0,40.0,15,25.0,5.0,1986,11,8,12,1
1986311N12072,1986,UNNAMED,1986-11-09 03:00:00+00:00,12.2,70.2,30.0,995.0,12.0,260.0,503,35.0,0.0,1986,11,9,3,0
1986311N12072,1986,UNNAMED,1986-11-09 12:00:00+00:00,11.9,68.4,30.0,995.0,12.0,260.0,694,30.0,0.0,1986,11,9,12,0
1986311N12072,1986,UNNAMED,1986-11-10 03:00:00+00:00,12.0,65.0,30.0,995.0,16.0,280.0,1022,30.0,0.0,1986,11,10,3,0
1987030N06089,1987,UNNAMED,1987-01-30 03:00:00+00:00,5.5,88.5,25.0,999.0,23.0,75.0,742,35.0,0.0,1987,1,30,3,0
1987030N06089,1987,UNNAMED,1987-01-30 12:00:00+00:00,5.9,89.2,25.0,998.0,5.0,280.0,665,25.0,0.0,1987,1,30,12,1
1987030N06089,1987,UNNAMED,1987-01-31 00:00:00+00:00,6.4,87.7,30.0,996.0,10.0,300.0,644,25.0,5.0,1987,1,31,0,0
1987030N06089,1987,UNNAMED,1987-01-31 03:00:00+00:00,6.7,87.2,30.0,994.0,10.0,290.0,586,30.0,0.0,1987,1,31,3,1
1987030N06089,1987,UNNAMED,1987-01-31 06:00:00+00:00,6.8,86.8,35.0,992.0,9.0,290.0,541,30.0,5.0,1987,1,31,6,1
1987030N06089,1987,UNNAMED,1987-01-31 12:00:00+00:00,7.2,86.1,45.0,988.0,8.0,310.0,464,35.0,10.0,1987,1,31,12,1
1987030N06089,1987,UNNAMED,1987-02-01 00:00:00+00:00,8.5,85.3,50.0,986.0,6.0,355.0,398,45.0,5.0,1987,2,1,0,1
1987030N06089,1987,UNNAMED,1987-02-01 03:00:00+00:00,8.8,85.3,55.0,984.0,8.0,10.0,408,50.0,5.0,1987,2,1,3,1
1987030N06089,1987,UNNAMED,1987-02-01 06:00:00+00:00,9.2,85.4,65.0,978.0,11.0,15.0,434,55.0,10.0,1987,2,1,6,1
1987030N06089,1987,UNNAMED,1987-02-01 12:00:00+00:00,10.4,85.9,70.0,974.0,13.0,20.0,542,65.0,5.0,1987,2,1,12,1
1987030N06089,1987,UNNAMED,1987-02-02 00:00:00+00:00,12.5,86.9,75.0,970.0,12.0,35.0,675,70.0,5.0,1987,2,2,0,0
1987030N06089,1987,UNNAMED,1987-02-02 03:00:00+00:00,13.0,87.2,75.0,970.0,12.0,35.0,663,75.0,0.0,1987,2,2,3,0
1987030N06089,1987,UNNAMED,1987-02-02 06:00:00+00:00,13.5,87.6,75.0,970.0,12.0,30.0,654,75.0,0.0,1987,2,2,6,0
1987030N06089,1987,UNNAMED,1987-02-02 12:00:00+00:00,14.4,88.0,70.0,974.0,9.0,25.0,603,75.0,-5.0,1987,2,2,12,0
1987030N06089,1987,UNNAMED,1987-02-02 18:00:00+00:00,15.2,88.4,60.0,980.0,8.0,25.0,570,70.0,-10.0,1987,2,2,18,0
1987030N06089,1987,UNNAMED,1987-02-03 00:00:00+00:00,15.9,88.8,50.0,986.0,9.0,25.0,524,60.0,-10.0,1987,2,3,0,0
1987030N06089,1987,UNNAMED,1987-02-03 03:00:00+00:00,16.3,89.0,40.0,992.0,9.0,30.0,496,50.0,-10.0,1987,2,3,3,0
1987030N06089,1987,UNNAMED,1987-02-03 12:00:00+00:00,17.5,89.8,30.0,994.0,10.0,35.0,436,40.0,-10.0,1987,2,3,12,0
1987030N06089,1987,UNNAMED,1987-02-04 00:00:00+00:00,19.4,91.2,30.0,996.0,12.0,40.0,186,30.0,0.0,1987,2,4,0,0
1987030N06089,1987,UNNAMED,1987-02-04 03:00:00+00:00,19.8,91.6,25.0,997.0,11.0,30.0,127,30.0,-5.0,1987,2,4,3,0
1987030N06089,1987,UNNAMED,1987-02-04 06:00:00+00:00,20.3,91.7,25.0,998.0,9.0,320.0,85,25.0,0.0,1987,2,4,6,0
1987150N13095,1987,UNNAMED,1987-06-01 03:00:00+00:00,16.1,91.4,25.0,990.0,4.0,310.0,299,35.0,0.0,1987,6,1,3,0
1987150N13095,1987,UNNAMED,1987-06-01 12:00:00+00:00,16.4,90.7,25.0,988.0,4.0,295.0,376,25.0,0.0,1987,6,1,12,0
1987150N13095,1987,UNNAMED,1987-06-02 03:00:00+00:00,16.8,89.6,25.0,988.0,8.0,275.0,492,25.0,0.0,1987,6,2,3,1
1987150N13095,1987,UNNAMED,1987-06-02 06:00:00+00:00,16.8,89.1,30.0,988.0,9.0,280.0,457,25.0,5.0,1987,6,2,6,0
1987150N13095,1987,UNNAMED,1987-06-02 12:00:00+00:00,17.1,88.5,30.0,987.0,6.0,305.0,392,30.0,0.0,1987,6,2,12,0
1987150N13095,1987,UNNAMED,1987-06-03 03:00:00+00:00,18.2,88.3,30.0,987.0,5.0,15.0,283,30.0,0.0,1987,6,3,3,0
1987150N13095,1987,UNNAMED,1987-06-03 12:00:00+00:00,19.1,88.7,30.0,986.0,8.0,40.0,248,30.0,0.0,1987,6,3,12,1
1987150N13095,1987,UNNAMED,1987-06-04 00:00:00+00:00,20.2,90.1,35.0,984.0,10.0,40.0,178,30.0,5.0,1987,6,4,0,0
1987150N13095,1987,UNNAMED,1987-06-04 03:00:00+00:00,20.6,90.4,35.0,984.0,10.0,25.0,135,35.0,0.0,1987,6,4,3,1
1987150N13095,1987,UNNAMED,1987-06-04 06:00:00+00:00,21.1,90.5,40.0,984.0,9.0,15.0,84,35.0,5.0,1987,6,4,6,1
1987150N13095,1987,UNNAMED,1987-06-04 12:00:00+00:00,21.9,90.7,45.0,980.0,9.0,5.0,15,40.0,5.0,1987,6,4,12,0
1987150N13095,1987,UNNAMED,1987-06-05 03:00:00+00:00,24.1,91.2,30.0,986.0,10.0,30.0,0,45.0,-15.0,1987,6,5,3,0
1987219N08134,1987,BETTY,1987-08-09 00:00:00+00:00,10.3,132.2,35.0,996.0,3.0,340.0,668,35.0,0.0,1987,8,9,0,1
1987219N08134,1987,BETTY,1987-08-09 06:00:00+00:00,10.5,132.1,40.0,992.0,3.0,330.0,663,35.0,5.0,1987,8,9,6,0
1987219N08134,1987,BETTY,1987-08-09 12:00:00+00:00,10.7,132.0,40.0,992.0,3.0,335.0,657,40.0,0.0,1987,8,9,12,1
1987219N08134,1987,BETTY,1987-08-09 18:00:00+00:00,11.0,131.9,45.0,990.0,3.0,340.0,656,40.0,5.0,1987,8,9,18,1
1987219N08134,1987,BETTY,1987-08-10 00:00:00+00:00,11.3,131.8,60.0,985.0,3.0,335.0,655,45.0,15.0,1987,8,10,0,1
1987219N08134,1987,BETTY,1987-08-10 06:00:00+00:00,11.5,131.6,70.0,970.0,5.0,315.0,635,60.0,10.0,1987,8,10,6,1
1987219N08134,1987,BETTY,1987-08-10 12:00:00+00:00,11.9,131.1,75.0,955.0,7.0,295.0,586,70.0,5.0,1987,8,10,12,1
1987219N08134,1987,BETTY,1987-08-10 18:00:00+00:00,12.1,130.4,85.0,935.0,7.0,280.0,516,75.0,10.0,1987,8,10,18,1
1987219N08134,1987,BETTY,1987-08-11 00:00:00+00:00,12.2,129.6,95.0,920.0,8.0,275.0,435,85.0,10.0,1987,8,11,0,1
1987219N08134,1987,BETTY,1987-08-11 06:00:00+00:00,12.3,128.7,100.0,900.0,10.0,270.0,347,95.0,5.0,1987,8,11,6,1
1987219N08134,1987,BETTY,1987-08-11 12:00:00+00:00,12.2,127.6,110.0,890.0,11.0,270.0,228,100.0,10.0,1987,8,11,12,0
1987219N08134,1987,BETTY,1987-08-11 18:00:00+00:00,12.3,126.5,110.0,895.0,10.0,275.0,109,110.0,0.0,1987,8,11,18,0
1987219N08134,1987,BETTY,1987-08-12 00:00:00+00:00,12.4,125.5,105.0,910.0,11.0,280.0,21,110.0,-5.0,1987,8,12,0,0
1987219N08134,1987,BETTY,1987-08-12 06:00:00+00:00,12.6,124.3,95.0,925.0,13.0,280.0,15,105.0,-10.0,1987,8,12,6,0
1987219N08134,1987,BETTY,1987-08-12 12:00:00+00:00,12.9,122.9,95.0,930.0,14.0,285.0,39,95.0,0.0,1987,8,12,12,0
1987219N08134,1987,BETTY,1987-08-12 18:00:00+00:00,13.3,121.7,90.0,935.0,13.0,290.0,34,95.0,-5.0,1987,8,12,18,0
1987219N08134,1987,BETTY,1987-08-13 00:00:00+00:00,13.7,120.4,90.0,935.0,13.0,285.0,24,90.0,0.0,1987,8,13,0,0
1987219N08134,1987,BETTY,1987-08-13 06:00:00+00:00,14.1,119.1,90.0,935.0,14.0,285.0,133,90.0,0.0,1987,8,13,6,1
1987219N08134,1987,BETTY,1987-08-13 12:00:00+00:00,14.4,117.6,95.0,930.0,14.0,285.0,271,90.0,5.0,1987,8,13,12,0
1987219N08134,1987,BETTY,1987-08-13 18:00:00+00:00,14.8,116.3,95.0,930.0,12.0,290.0,388,95.0,0.0,1987,8,13,18,0
1987219N08134,1987,BETTY,1987-08-14 00:00:00+00:00,15.2,115.2,95.0,930.0,12.0,290.0,490,95.0,0.0,1987,8,14,0,0
1987219N08134,1987,BETTY,1987-08-14 06:00:00+00:00,15.6,114.0,95.0,930.0,13.0,285.0,516,95.0,0.0,1987,8,14,6,0
1987219N08134,1987,BETTY,1987-08-14 12:00:00+00:00,15.8,112.7,95.0,930.0,11.0,275.0,405,95.0,0.0,1987,8,14,12,0
1987219N08134,1987,BETTY,1987-08-14 18:00:00+00:00,15.8,111.7,95.0,930.0,8.0,285.0,304,95.0,0.0,1987,8,14,18,0
1987219N08134,1987,BETTY,1987-08-15 00:00:00+00:00,16.2,110.9,95.0,930.0,9.0,300.0,241,95.0,0.0,1987,8,15,0,0
1987219N08134,1987,BETTY,1987-08-15 06:00:00+00:00,16.7,110.0,95.0,930.0,10.0,300.0,170,95.0,0.0,1987,8,15,6,0
1987219N08134,1987,BETTY,1987-08-15 12:00:00+00:00,17.1,109.2,95.0,940.0,8.0,290.0,127,95.0,0.0,1987,8,15,12,0
1987219N08134,1987,BETTY,1987-08-15 18:00:00+00:00,17.3,108.4,75.0,945.0,8.0,285.0,115,95.0,-20.0,1987,8,15,18,0
1987219N08134,1987,BETTY,1987-08-16 00:00:00+00:00,17.5,107.6,75.0,950.0,8.0,285.0,69,75.0,0.0,1987,8,16,0,0
1987219N08134,1987,BETTY,1987-08-16 06:00:00+00:00,17.8,106.7,65.0,960.0,10.0,285.0,23,75.0,-10.0,1987,8,16,6,0
1987219N08134,1987,BETTY,1987-08-16 12:00:00+00:00,18.0,105.5,45.0,985.0,13.0,275.0,0,65.0,-20.0,1987,8,16,12,0
1987219N08155,1987,CARY,1987-08-14 12:00:00+00:00,16.1,128.7,40.0,1000.0,8.0,280.0,523,35.0,0.0,1987,8,14,12,0
1987219N08155,1987,CARY,1987-08-14 18:00:00+00:00,16.1,128.1,40.0,998.0,5.0,270.0,467,40.0,0.0,1987,8,14,18,1
1987219N08155,1987,CARY,1987-08-15 00:00:00+00:00,16.1,127.7,45.0,994.0,4.0,285.0,431,40.0,5.0,1987,8,15,0,1
1987219N08155,1987,CARY,1987-08-15 06:00:00+00:00,16.3,127.2,50.0,992.0,6.0,290.0,403,45.0,5.0,1987,8,15,6,0
1987219N08155,1987,CARY,1987-08-15 12:00:00+00:00,16.5,126.6,50.0,990.0,5.0,285.0,373,50.0,0.0,1987,8,15,12,1
1987219N08155,1987,CARY,1987-08-15 18:00:00+00:00,16.6,126.2,55.0,985.0,3.0,290.0,355,50.0,5.0,1987,8,15,18,1
1987219N08155,1987,CARY,1987-08-16 00:00:00+00:00,16.7,125.9,60.0,980.0,4.0,290.0,347,55.0,5.0,1987,8,16,0,0
1987219N08155,1987,CARY,1987-08-16 06:00:00+00:00,16.9,125.3,60.0,980.0,6.0,280.0,297,60.0,0.0,1987,8,16,6,1
1987219N08155,1987,CARY,1987-08-16 12:00:00+00:00,16.9,124.7,65.0,975.0,5.0,270.0,234,60.0,5.0,1987,8,16,12,1
1987219N08155,1987,CARY,1987-08-16 18:00:00+00:00,16.8,124.2,70.0,970.0,5.0,240.0,181,65.0,5.0,1987,8,16,18,0
1987219N08155,1987,CARY,1987-08-17 00:00:00+00:00,16.4,123.8,70.0,965.0,4.0,230.0,149,70.0,0.0,1987,8,17,0,0
1987219N08155,1987,CARY,1987-08-17 06:00:00+00:00,16.3,123.5,70.0,965.0,4.0,255.0,125,70.0,0.0,1987,8,17,6,1
1987219N08155,1987,CARY,1987-08-17 12:00:00+00:00,16.2,123.0,75.0,960.0,5.0,265.0,85,70.0,5.0,1987,8,17,12,0
1987219N08155,1987,CARY,1987-08-17 18:00:00+00:00,16.2,122.5,70.0,965.0,7.0,265.0,32,75.0,-5.0,1987,8,17,18,0
1987219N08155,1987,CARY,1987-08-18 00:00:00+00:00,16.0,121.6,60.0,980.0,9.0,255.0,0,70.0,-10.0,1987,8,18,0,0
1987219N08155,1987,CARY,1987-08-18 06:00:00+00:00,15.7,120.6,55.0,985.0,9.0,250.0,0,60.0,-5.0,1987,8,18,6,0
1987219N08155,1987,CARY,1987-08-18 12:00:00+00:00,15.4,119.7,55.0,985.0,10.0,255.0,21,55.0,0.0,1987,8,18,12,0
1987219N08155,1987,CARY,1987-08-18 18:00:00+00:00,15.2,118.7,55.0,980.0,10.0,265.0,130,55.0,0.0,1987,8,18,18,1
1987219N08155,1987,CARY,1987-08-19 00:00:00+00:00,15.2,117.7,60.0,975.0,9.0,280.0,232,55.0,5.0,1987,8,19,0,1
1987219N08155,1987,CARY,1987-08-19 06:00:00+00:00,15.4,116.9,65.0,970.0,8.0,285.0,307,60.0,5.0,1987,8,19,6,0
1987219N08155,1987,CARY,1987-08-19 12:00:00+00:00,15.6,116.1,65.0,970.0,9.0,280.0,387,65.0,0.0,1987,8,19,12,0
1987219N08155,1987,CARY,1987-08-19 18:00:00+00:00,15.7,115.1,65.0,970.0,9.0,275.0,493,65.0,0.0,1987,8,19,18,1
1987219N08155,1987,CARY,1987-08-20 00:00:00+00:00,15.7,114.2,70.0,965.0,8.0,275.0,524,65.0,5.0,1987,8,20,0,0
1987219N08155,1987,CARY,1987-08-20 06:00:00+00:00,15.8,113.5,70.0,965.0,6.0,280.0,462,70.0,0.0,1987,8,20,6,0
1987219N08155,1987,CARY,1987-08-20 12:00:00+00:00,15.9,112.9,70.0,965.0,6.0,285.0,410,70.0,0.0,1987,8,20,12,0
1987219N08155,1987,CARY,1987-08-20 18:00:00+00:00,16.1,112.4,70.0,965.0,5.0,290.0,360,70.0,0.0,1987,8,20,18,0
1987219N08155,1987,CARY,1987-08-21 00:00:00+00:00,16.3,111.9,70.0,965.0,7.0,295.0,309,70.0,0.0,1987,8,21,0,0
1987219N08155,1987,CARY,1987-08-21 06:00:00+00:00,16.7,111.2,65.0,970.0,9.0,310.0,228,70.0,-5.0,1987,8,21,6,0
1987219N08155,1987,CARY,1987-08-21 12:00:00+00:00,17.4,110.4,65.0,970.0,12.0,305.0,116,65.0,0.0,1987,8,21,12,0
1987219N08155,1987,CARY,1987-08-21 18:00:00+00:00,18.1,109.2,60.0,975.0,14.0,290.0,33,65.0,-5.0,1987,8,21,18,0
1987219N08155,1987,CARY,1987-08-22 00:00:00+00:00,18.4,107.8,60.0,975.0,12.0,280.0,95,60.0,0.0,1987,8,22,0,0
1987219N08155,1987,CARY,1987-08-22 06:00:00+00:00,18.5,106.7,55.0,975.0,10.0,280.0,53,60.0,-5.0,1987,8,22,6,0
1987219N08155,1987,CARY,1987-08-22 12:00:00+00:00,18.8,105.7,50.0,980.0,10.0,280.0,0,55.0,-5.0,1987,8,22,12,0
1987219N08155,1987,CARY,1987-08-22 18:00:00+00:00,18.9,104.6,45.0,985.0,11.0,285.0,0,50.0,-5.0,1987,8,22,18,0
1987238N24090,1987,UNNAMED,1987-08-26 03:00:00+00:00,24.0,90.0,25.0,990.0,11.0,290.0,0,35.0,0.0,1987,8,26,3,0
1987238N24090,1987,UNNAMED,1987-08-26 12:00:00+00:00,24.5,88.5,25.0,990.0,6.0,285.0,0,25.0,0.0,1987,8,26,12,0
1987238N24090,1987,UNNAMED,1987-08-27 03:00:00+00:00,24.5,87.5,25.0,990.0,9.0,280.0,0,25.0,0.0,1987,8,27,3,0
1987238N24090,1987,UNNAMED,1987-08-27 12:00:00+00:00,24.8,85.5,25.0,990.0,10.0,260.0,0,25.0,0.0,1987,8,27,12,0
1987238N24090,1987,UNNAMED,1987-08-28 03:00:00+00:00,23.5,84.0,25.0,990.0,9.0,265.0,0,25.0,0.0,1987,8,28,3,0
1987238N24090,1987,UNNAMED,1987-08-28 12:00:00+00:00,24.0,82.0,25.0,990.0,12.0,280.0,0,25.0,0.0,1987,8,28,12,0
1987238N24090,1987,UNNAMED,1987-08-29 03:00:00+00:00,24.0,79.5,25.0,990.0,8.0,295.0,0,25.0,0.0,1987,8,29,3,0
1987255N23086,1987,UNNAMED,1987-09-11 12:00:00+00:00,23.0,85.5,25.0,993.0,4.0,300.0,0,35.0,0.0,1987,9,11,12,0
1987255N23086,1987,UNNAMED,1987-09-12 03:00:00+00:00,23.5,84.5,25.0,993.0,3.0,325.0,0,25.0,0.0,1987,9,12,3,0
1987258N23082,1987,UNNAMED,1987-09-15 03:00:00+00:00,23.0,82.0,25.0,997.0,5.0,325.0,0,35.0,0.0,1987,9,15,3,0
1987258N23082,1987,UNNAMED,1987-09-15 12:00:00+00:00,23.5,81.5,25.0,997.0,4.0,295.0,0,25.0,0.0,1987,9,15,12,0
1987258N23082,1987,UNNAMED,1987-09-16 03:00:00+00:00,23.7,80.0,25.0,997.0,9.0,290.0,0,25.0,0.0,1987,9,16,3,0
1987287N12089,1987,UNNAMED,1987-10-14 03:00:00+00:00,12.7,87.7,25.0,1000.0,17.0,295.0,726,35.0,0.0,1987,10,14,3,1
1987287N12089,1987,UNNAMED,1987-10-14 12:00:00+00:00,13.7,86.0,30.0,998.0,12.0,295.0,513,25.0,5.0,1987,10,14,12,1
1987287N12089,1987,UNNAMED,1987-10-15 03:00:00+00:00,14.7,83.2,35.0,996.0,9.0,295.0,233,30.0,5.0,1987,10,15,3,1
1987287N12089,1987,UNNAMED,1987-10-15 12:00:00+00:00,15.3,82.1,45.0,994.0,8.0,305.0,119,35.0,10.0,1987,10,15,12,0
1987287N12089,1987,UNNAMED,1987-10-16 00:00:00+00:00,16.3,80.5,40.0,994.0,11.0,305.0,0,45.0,-5.0,1987,10,16,0,0
1987287N12089,1987,UNNAMED,1987-10-16 03:00:00+00:00,16.6,80.0,30.0,996.0,11.0,300.0,0,40.0,-10.0,1987,10,16,3,0
1987287N12089,1987,UNNAMED,1987-10-16 12:00:00+00:00,16.9,78.1,25.0,997.0,13.0,255.0,0,30.0,-5.0,1987,10,16,12,0
1987287N12089,1987,UNNAMED,1987-10-17 03:00:00+00:00,17.5,76.0,25.0,998.0,10.0,320.0,0,25.0,0.0,1987,10,17,3,0
1987287N12089,1987,UNNAMED,1987-10-17 12:00:00+00:00,19.0,75.0,25.0,998.0,10.0,325.0,0,25.0,0.0,1987,10,17,12,0
1987287N12089,1987,UNNAMED,1987-10-18 03:00:00+00:00,20.5,74.5,20.0,998.0,10.0,30.0,0,25.0,-5.0,1987,10,18,3,0
1987287N12089,1987,UNNAMED,1987-10-18 12:00:00+00:00,22.0,76.0,20.0,998.0,16.0,45.0,0,20.0,0.0,1987,10,18,12,0
1987287N12089,1987,UNNAMED,1987-10-19 03:00:00+00:00,24.5,80.0,20.0,998.0,22.0,70.0,0,20.0,0.0,1987,10,19,3,0
1987303N06088,1987,UNNAMED,1987-10-31 03:00:00+00:00,11.4,87.7,25.0,997.0,15.0,330.0,767,35.0,0.0,1987,10,31,3,1
1987303N06088,1987,UNNAMED,1987-10-31 06:00:00+00:00,11.9,87.2,30.0,995.0,14.0,320.0,745,25.0,5.0,1987,10,31,6,1
1987303N06088,1987,UNNAMED,1987-10-31 12:00:00+00:00,12.8,86.3,35.0,993.0,10.0,315.0,605,30.0,5.0,1987,10,31,12,0
1987303N06088,1987,UNNAMED,1987-10-31 18:00:00+00:00,13.4,85.7,35.0,993.0,8.0,305.0,511,35.0,0.0,1987,10,31,18,1
1987303N06088,1987,UNNAMED,1987-11-01 00:00:00+00:00,13.8,84.9,40.0,992.0,6.0,285.0,419,35.0,5.0,1987,11,1,0,0
1987303N06088,1987,UNNAMED,1987-11-01 03:00:00+00:00,13.8,84.7,40.0,990.0,5.0,270.0,405,40.0,0.0,1987,11,1,3,1
1987303N06088,1987,UNNAMED,1987-11-01 12:00:00+00:00,13.8,83.7,45.0,988.0,7.0,270.0,347,40.0,5.0,1987,11,1,12,0
1987303N06088,1987,UNNAMED,1987-11-01 18:00:00+00:00,13.8,83.0,45.0,988.0,7.0,270.0,291,45.0,0.0,1987,11,1,18,1
1987303N06088,1987,UNNAMED,1987-11-02 00:00:00+00:00,13.8,82.2,50.0,986.0,8.0,275.0,205,45.0,5.0,1987,11,2,0,1
1987303N06088,1987,UNNAMED,1987-11-02 03:00:00+00:00,13.8,81.9,55.0,984.0,8.0,290.0,172,50.0,5.0,1987,11,2,3,0
1987303N06088,1987,UNNAMED,1987-11-02 06:00:00+00:00,14.1,81.5,55.0,984.0,7.0,305.0,133,55.0,0.0,1987,11,2,6,0
1987303N06088,1987,UNNAMED,1987-11-02 12:00:00+00:00,14.4,81.0,55.0,984.0,5.0,295.0,89,55.0,0.0,1987,11,2,12,0
1987303N06088,1987,UNNAMED,1987-11-02 18:00:00+00:00,14.5,80.6,55.0,984.0,6.0,285.0,44,55.0,0.0,1987,11,2,18,0
1987303N06088,1987,UNNAMED,1987-11-03 00:00:00+00:00,14.7,79.8,50.0,986.0,9.0,280.0,0,55.0,-5.0,1987,11,3,0,0
1987303N06088,1987,UNNAMED,1987-11-03 03:00:00+00:00,14.8,79.3,45.0,988.0,11.0,295.0,0,50.0,-5.0,1987,11,3,3,0
1987303N06088,1987,UNNAMED,1987-11-03 06:00:00+00:00,15.1,78.7,35.0,992.0,12.0,300.0,0,45.0,-10.0,1987,11,3,6,0
1987312N09095,1987,UNNAMED,1987-11-11 06:00:00+00:00,14.3,90.4,25.0,1002.0,17.0,285.0,450,35.0,0.0,1987,11,11,6,0
1987312N09095,1987,UNNAMED,1987-11-11 12:00:00+00:00,14.6,88.7,25.0,1002.0,16.0,275.0,610,25.0,0.0,1987,11,11,12,1
1987312N09095,1987,UNNAMED,1987-11-11 18:00:00+00:00,14.6,87.0,30.0,1000.0,17.0,270.0,516,25.0,5.0,1987,11,11,18,0
1987312N09095,1987,UNNAMED,1987-11-12 00:00:00+00:00,14.6,85.3,30.0,1000.0,15.0,265.0,391,30.0,0.0,1987,11,12,0,1
1987312N09095,1987,UNNAMED,1987-11-12 03:00:00+00:00,14.4,84.6,35.0,997.0,16.0,270.0,348,30.0,5.0,1987,11,12,3,1
1987312N09095,1987,UNNAMED,1987-11-12 06:00:00+00:00,14.5,83.6,45.0,994.0,17.0,275.0,273,35.0,10.0,1987,11,12,6,1
1987312N09095,1987,UNNAMED,1987-11-12 12:00:00+00:00,14.8,82.3,55.0,990.0,12.0,290.0,178,45.0,10.0,1987,11,12,12,0
1987312N09095,1987,UNNAMED,1987-11-12 18:00:00+00:00,15.4,81.3,50.0,992.0,12.0,310.0,54,55.0,-5.0,1987,11,12,18,0
1987312N09095,1987,UNNAMED,1987-11-13 00:00:00+00:00,16.2,80.3,45.0,994.0,13.0,310.0,0,50.0,-5.0,1987,11,13,0,0
1987312N09095,1987,UNNAMED,1987-11-13 03:00:00+00:00,16.7,79.8,30.0,998.0,12.0,315.0,0,45.0,-15.0,1987,11,13,3,0
1987351N09086,1987,UNNAMED,1987-12-19 12:00:00+00:00,10.9,81.7,25.0,995.0,4.0,70.0,196,35.0,0.0,1987,12,19,12,0
1987351N09086,1987,UNNAMED,1987-12-19 18:00:00+00:00,11.0,82.1,25.0,995.0,3.0,80.0,237,25.0,0.0,1987,12,19,18,0
1987351N09086,1987,UNNAMED,1987-12-20 00:00:00+00:00,11.1,82.4,25.0,995.0,4.0,65.0,267,25.0,0.0,1987,12,20,0,0
1987351N09086,1987,UNNAMED,1987-12-20 03:00:00+00:00,11.2,82.6,25.0,995.0,5.0,65.0,290,25.0,0.0,1987,12,20,3,0
1987351N09086,1987,UNNAMED,1987-12-20 12:00:00+00:00,11.6,83.4,25.0,995.0,7.0,60.0,362,25.0,0.0,1987,12,20,12,0
1987351N09086,1987,UNNAMED,1987-12-20 18:00:00+00:00,12.0,84.1,25.0,995.0,7.0,60.0,427,25.0,0.0,1987,12,20,18,0
1987351N09086,1987,UNNAMED,1987-12-21 00:00:00+00:00,12.2,84.5,25.0,995.0,4.0,95.0,468,25.0,0.0,1987,12,21,0,1
1987351N09086,1987,UNNAMED,1987-12-21 03:00:00+00:00,12.1,84.7,30.0,995.0,3.0,140.0,491,25.0,5.0,1987,12,21,3,0
1987351N09086,1987,UNNAMED,1987-12-21 06:00:00+00:00,11.9,84.7,30.0,995.0,3.0,200.0,493,30.0,0.0,1987,12,21,6,0
1987351N09086,1987,UNNAMED,1987-12-21 12:00:00+00:00,11.7,84.4,30.0,995.0,5.0,230.0,465,30.0,0.0,1987,12,21,12,0
1987351N09086,1987,UNNAMED,1987-12-21 18:00:00+00:00,11.3,83.9,30.0,995.0,8.0,225.0,406,30.0,0.0,1987,12,21,18,0
1987351N09086,1987,UNNAMED,1987-12-22 00:00:00+00:00,10.6,83.2,30.0,995.0,11.0,235.0,300,30.0,0.0,1987,12,22,0,0
1987351N09086,1987,UNNAMED,1987-12-22 03:00:00+00:00,10.3,82.7,25.0,995.0,9.0,240.0,236,30.0,-5.0,1987,12,22,3,0
1987351N09086,1987,UNNAMED,1987-12-22 06:00:00+00:00,10.2,82.4,25.0,995.0,6.0,245.0,202,25.0,0.0,1987,12,22,6,0
1987351N09086,1987,UNNAMED,1987-12-22 12:00:00+00:00,10.0,81.7,25.0,995.0,8.0,265.0,126,25.0,0.0,1987,12,22,12,0
1988160N14074,1988,UNNAMED,1988-06-09 03:00:00+00:00,16.8,71.0,25.0,995.0,8.0,285.0,240,35.0,0.0,1988,6,9,3,1
1988160N14074,1988,UNNAMED,1988-06-09 12:00:00+00:00,16.9,70.1,30.0,995.0,4.0,275.0,328,25.0,5.0,1988,6,9,12,0
1988160N14074,1988,UNNAMED,1988-06-10 03:00:00+00:00,17.1,69.5,30.0,995.0,3.0,265.0,380,30.0,0.0,1988,6,10,3,0
1988160N14074,1988,UNNAMED,1988-06-10 12:00:00+00:00,16.9,69.1,30.0,995.0,2.0,215.0,428,30.0,0.0,1988,6,10,12,0
1988160N14074,1988,UNNAMED,1988-06-11 03:00:00+00:00,16.4,69.3,30.0,995.0,3.0,105.0,425,30.0,0.0,1988,6,11,3,0
1988160N14074,1988,UNNAMED,1988-06-11 12:00:00+00:00,16.5,69.9,30.0,995.0,4.0,80.0,361,30.0,0.0,1988,6,11,12,0
1988160N14074,1988,UNNAMED,1988-06-12 03:00:00+00:00,16.7,70.7,30.0,995.0,3.0,50.0,274,30.0,0.0,1988,6,12,3,0
1988160N14074,1988,UNNAMED,1988-06-12 12:00:00+00:00,17.0,71.0,30.0,995.0,4.0,25.0,232,30.0,0.0,1988,6,12,12,0
1988199N18086,1988,UNNAMED,1988-07-17 03:00:00+00:00,18.0,86.0,25.0,995.0,3.0,5.0,172,35.0,0.0,1988,7,17,3,0
1988215N22090,1988,UNNAMED,1988-08-02 03:00:00+00:00,21.5,89.5,25.0,995.0,6.0,270.0,24,35.0,0.0,1988,8,2,3,0
1988291N15095,1988,UNNAMED,1988-10-18 18:00:00+00:00,20.9,90.5,25.0,995.0,15.0,330.0,105,35.0,0.0,1988,10,18,18,1
1988320N10087,1988,UNNAMED,1988-11-15 03:00:00+00:00,9.5,87.0,25.0,995.0,5.0,45.0,610,35.0,0.0,1988,11,15,3,1
1988320N10087,1988,UNNAMED,1988-11-15 12:00:00+00:00,10.0,87.5,30.0,995.0,3.0,50.0,682,25.0,5.0,1988,11,15,12,0
1988320N10087,1988,UNNAMED,1988-11-16 03:00:00+00:00,10.5,88.5,30.0,995.0,12.0,65.0,804,30.0,0.0,1988,11,16,3,1
1988320N10087,1988,UNNAMED,1988-11-16 12:00:00+00:00,11.7,90.7,55.0,995.0,17.0,55.0,608,30.0,25.0,1988,11,16,12,0
1988327N06100,1988,UNNAMED,1988-11-23 12:00:00+00:00,8.7,94.9,25.0,995.0,8.0,320.0,348,35.0,0.0,1988,11,23,12,0
1988327N06100,1988,UNNAMED,1988-11-24 03:00:00+00:00,9.9,93.9,25.0,995.0,6.0,320.0,495,25.0,0.0,1988,11,24,3,1
1988327N06100,1988,UNNAMED,1988-11-24 12:00:00+00:00,10.6,93.2,30.0,995.0,7.0,310.0,579,25.0,5.0,1988,11,24,12,1
1988327N06100,1988,UNNAMED,1988-11-25 03:00:00+00:00,11.2,91.8,55.0,995.0,5.0,280.0,586,30.0,25.0,1988,11,25,3,1
1988327N06100,1988,UNNAMED,1988-11-25 06:00:00+00:00,11.2,91.6,110.0,995.0,6.0,270.0,597,55.0,55.0,1988,11,25,6,0
1988327N06100,1988,UNNAMED,1988-11-25 12:00:00+00:00,11.2,90.6,110.0,995.0,8.0,270.0,658,110.0,0.0,1988,11,25,12,0
1988327N06100,1988,UNNAMED,1988-11-26 06:00:00+00:00,11.6,89.5,110.0,995.0,11.0,300.0,707,110.0,0.0,1988,11,26,6,0
1988327N06100,1988,UNNAMED,1988-11-26 12:00:00+00:00,12.2,88.3,110.0,995.0,11.0,305.0,765,110.0,0.0,1988,11,26,12,0
1988327N06100,1988,UNNAMED,1988-11-27 03:00:00+00:00,13.5,87.9,110.0,995.0,5.0,0.0,673,110.0,0.0,1988,11,27,3,0
1988327N06100,1988,UNNAMED,1988-11-28 03:00:00+00:00,15.6,87.7,110.0,995.0,5.0,0.0,485,110.0,0.0,1988,11,28,3,0
1988327N06100,1988,UNNAMED,1988-11-28 09:00:00+00:00,16.2,87.7,110.0,995.0,8.0,5.0,439,110.0,0.0,1988,11,28,9,1
1988327N06100,1988,UNNAMED,1988-11-29 03:00:00+00:00,19.7,88.2,115.0,995.0,14.0,15.0,167,110.0,5.0,1988,11,29,3,0
1988341N08090,1988,UNNAMED,1988-12-06 12:00:00+00:00,8.5,89.8,25.0,995.0,4.0,335.0,679,35.0,0.0,1988,12,6,12,0
1988341N08090,1988,UNNAMED,1988-12-07 03:00:00+00:00,10.0,89.3,25.0,995.0,7.0,15.0,816,25.0,0.0,1988,12,7,3,0
1988341N08090,1988,UNNAMED,1988-12-07 12:00:00+00:00,10.9,90.2,25.0,995.0,8.0,60.0,712,25.0,0.0,1988,12,7,12,1
1988341N08090,1988,UNNAMED,1988-12-08 03:00:00+00:00,11.4,91.7,30.0,995.0,7.0,45.0,572,25.0,5.0,1988,12,8,3,0
1989143N17090,1989,UNNAMED,1989-05-26 12:00:00+00:00,21.3,87.3,115.0,995.0,7.0,350.0,30,35.0,0.0,1989,5,26,12,0
1989159N17072,1989,UNNAMED,1989-06-09 03:00:00+00:00,20.1,69.5,25.0,995.0,9.0,30.0,133,35.0,0.0,1989,6,9,3,0
1989159N17072,1989,UNNAMED,1989-06-09 12:00:00+00:00,20.9,70.1,25.0,995.0,6.0,25.0,24,25.0,0.0,1989,6,9,12,1
1989159N17072,1989,UNNAMED,1989-06-10 03:00:00+00:00,22.6,70.1,30.0,995.0,4.0,335.0,15,25.0,5.0,1989,6,10,3,0
1989159N17072,1989,UNNAMED,1989-06-11 03:00:00+00:00,22.2,69.3,30.0,995.0,5.0,230.0,0,30.0,0.0,1989,6,11,3,0
1989159N17072,1989,UNNAMED,1989-06-11 12:00:00+00:00,21.7,68.5,30.0,995.0,7.0,250.0,78,30.0,0.0,1989,6,11,12,0
1989159N17072,1989,UNNAMED,1989-06-12 03:00:00+00:00,21.4,66.2,30.0,995.0,9.0,265.0,296,30.0,0.0,1989,6,12,3,0
1989163N20088,1989,UNNAMED,1989-06-12 03:00:00+00:00,19.5,88.0,25.0,995.0,3.0,270.0,162,35.0,0.0,1989,6,12,3,0
1989163N20088,1989,UNNAMED,1989-06-12 12:00:00+00:00,19.5,87.5,25.0,995.0,3.0,330.0,122,25.0,0.0,1989,6,12,12,1
1989203N18086,1989,UNNAMED,1989-07-22 03:00:00+00:00,18.0,86.0,30.0,995.0,6.0,270.0,172,35.0,0.0,1989,7,22,3,1
1989203N18086,1989,UNNAMED,1989-07-22 12:00:00+00:00,18.0,85.0,45.0,995.0,7.0,275.0,92,30.0,15.0,1989,7,22,12,0
1989203N18086,1989,UNNAMED,1989-07-23 03:00:00+00:00,18.6,82.0,30.0,995.0,21.0,285.0,0,45.0,-15.0,1989,7,23,3,0
1989203N18086,1989,UNNAMED,1989-07-23 12:00:00+00:00,19.5,78.0,30.0,995.0,23.0,285.0,0,30.0,0.0,1989,7,23,12,0
1989203N18086,1989,UNNAMED,1989-07-24 12:00:00+00:00,22.3,74.1,30.0,995.0,8.0,320.0,0,30.0,0.0,1989,7,24,12,0
1989203N18086,1989,UNNAMED,1989-07-25 03:00:00+00:00,23.6,72.6,25.0,995.0,11.0,310.0,0,30.0,-5.0,1989,7,25,3,0
1989228N17086,1989,UNNAMED,1989-08-16 03:00:00+00:00,16.5,86.0,25.0,995.0,8.0,295.0,285,35.0,0.0,1989,8,16,3,0
1989228N17086,1989,UNNAMED,1989-08-16 12:00:00+00:00,17.0,85.0,25.0,995.0,5.0,310.0,173,25.0,0.0,1989,8,16,12,1
1989228N17086,1989,UNNAMED,1989-08-17 03:00:00+00:00,18.0,84.5,30.0,995.0,8.0,325.0,53,25.0,5.0,1989,8,17,3,0
1989290N18090,1989,UNNAMED,1989-10-17 03:00:00+00:00,17.5,89.5,25.0,995.0,19.0,330.0,429,35.0,0.0,1989,10,17,3,0
1989290N18090,1989,UNNAMED,1989-10-17 12:00:00+00:00,20.0,88.0,25.0,995.0,15.0,355.0,130,25.0,0.0,1989,10,17,12,0
1989305N07105,1989,GAY,1989-11-02 03:00:00+00:00,8.2,102.2,35.0,998.0,3.0,315.0,170,35.0,0.0,1989,11,2,3,1
1989305N07105,1989,GAY,1989-11-02 06:00:00+00:00,8.4,102.1,40.0,994.0,3.0,320.0,187,35.0,5.0,1989,11,2,6,0
1989305N07105,1989,GAY,1989-11-02 12:00:00+00:00,8.7,101.9,40.0,994.0,4.0,335.0,188,40.0,0.0,1989,11,2,12,1
1989305N07105,1989,GAY,1989-11-02 18:00:00+00:00,9.0,101.7,45.0,992.0,4.0,325.0,178,40.0,5.0,1989,11,2,18,0
1989305N07105,1989,GAY,1989-11-03 00:00:00+00:00,9.3,101.5,45.0,990.0,5.0,325.0,174,45.0,0.0,1989,11,3,0,1
1989305N07105,1989,GAY,1989-11-03 06:00:00+00:00,9.8,101.2,55.0,980.0,6.0,325.0,167,45.0,10.0,1989,11,3,6,1
1989305N07105,1989,GAY,1989-11-03 12:00:00+00:00,10.1,100.8,60.0,975.0,5.0,305.0,148,55.0,5.0,1989,11,3,12,1
1989305N07105,1989,GAY,1989-11-03 18:00:00+00:00,10.4,100.4,65.0,970.0,5.0,295.0,113,60.0,5.0,1989,11,3,18,1
1989305N07105,1989,GAY,1989-11-04 03:00:00+00:00,10.7,99.5,115.0,995.0,8.0,285.0,21,65.0,50.0,1989,11,4,3,0
1989305N07105,1989,GAY,1989-11-04 12:00:00+00:00,11.1,98.2,115.0,995.0,8.0,285.0,54,115.0,0.0,1989,11,4,12,0
1989305N07105,1989,GAY,1989-11-06 03:00:00+00:00,12.7,91.9,110.0,995.0,12.0,290.0,439,115.0,-5.0,1989,11,6,3,1
1989305N07105,1989,GAY,1989-11-08 03:00:00+00:00,14.6,83.2,115.0,995.0,11.0,270.0,243,110.0,5.0,1989,11,8,3,0
1989305N07105,1989,GAY,1989-11-08 12:00:00+00:00,14.7,81.4,115.0,995.0,11.0,275.0,124,115.0,0.0,1989,11,8,12,0
1989321N11085,1989,UNNAMED,1989-11-16 12:00:00+00:00,10.5,85.0,25.0,995.0,2.0,315.0,459,35.0,0.0,1989,11,16,12,1
1989321N11085,1989,UNNAMED,1989-11-17 03:00:00+00:00,10.5,84.5,30.0,995.0,4.0,230.0,413,25.0,5.0,1989,11,17,3,0
1989321N11085,1989,UNNAMED,1989-11-17 12:00:00+00:00,10.0,84.0,30.0,995.0,2.0,225.0,337,30.0,0.0,1989,11,17,12,0
1989321N11085,1989,UNNAMED,1989-11-18 03:00:00+00:00,10.0,84.0,30.0,995.0,5.0,205.0,337,30.0,0.0,1989,11,18,3,0
1989321N11085,1989,UNNAMED,1989-11-18 12:00:00+00:00,9.0,83.5,30.0,995.0,6.0,215.0,237,30.0,0.0,1989,11,18,12,0
1989321N11085,1989,UNNAMED,1989-11-19 03:00:00+00:00,9.0,83.0,30.0,995.0,3.0,20.0,188,30.0,0.0,1989,11,19,3,0
1989321N11085,1989,UNNAMED,1989-11-19 12:00:00+00:00,9.5,83.5,30.0,995.0,5.0,60.0,261,30.0,0.0,1989,11,19,12,0
1990124N09088,1990,UNNAMED,1990-05-04 00:00:00+00:00,9.1,87.3,16.0,1006.0,6.0,235.0,628,35.0,0.0,1990,5,4,0,1
1990124N09088,1990,UNNAMED,1990-05-04 06:00:00+00:00,8.8,86.9,25.0,1002.0,3.0,305.0,577,16.0,9.0,1990,5,4,6,0
1990124N09088,1990,UNNAMED,1990-05-04 12:00:00+00:00,9.3,86.7,25.0,1000.0,6.0,295.0,572,25.0,0.0,1990,5,4,12,0
1990124N09088,1990,UNNAMED,1990-05-04 18:00:00+00:00,9.3,86.0,25.0,1002.0,7.0,285.0,500,25.0,0.0,1990,5,4,18,1
1990124N09088,1990,UNNAMED,1990-05-05 00:00:00+00:00,9.7,85.5,30.0,998.0,6.0,300.0,469,25.0,5.0,1990,5,5,0,1
1990124N09088,1990,UNNAMED,1990-05-05 06:00:00+00:00,9.9,84.9,35.0,999.0,4.0,295.0,419,30.0,5.0,1990,5,5,6,1
1990124N09088,1990,UNNAMED,1990-05-05 12:00:00+00:00,10.0,84.6,45.0,994.0,5.0,295.0,399,35.0,10.0,1990,5,5,12,1
1990124N09088,1990,UNNAMED,1990-05-05 18:00:00+00:00,10.3,84.0,55.0,991.0,6.0,280.0,355,45.0,10.0,1990,5,5,18,0
1990124N09088,1990,UNNAMED,1990-05-06 00:00:00+00:00,10.3,83.5,55.0,991.0,4.0,255.0,309,55.0,0.0,1990,5,6,0,1
1990124N09088,1990,UNNAMED,1990-05-06 06:00:00+00:00,10.2,83.3,77.0,976.0,2.0,275.0,285,55.0,22.0,1990,5,6,6,0
1990124N09088,1990,UNNAMED,1990-05-06 12:00:00+00:00,10.3,83.0,77.0,976.0,4.0,285.0,265,77.0,0.0,1990,5,6,12,0
1990124N09088,1990,UNNAMED,1990-05-06 18:00:00+00:00,10.4,82.6,77.0,976.0,5.0,320.0,232,77.0,0.0,1990,5,6,18,1
1990124N09088,1990,UNNAMED,1990-05-07 00:00:00+00:00,11.0,82.3,90.0,964.0,5.0,325.0,251,77.0,13.0,1990,5,7,0,1
1990124N09088,1990,UNNAMED,1990-05-07 06:00:00+00:00,11.2,82.0,115.0,940.0,3.0,305.0,229,90.0,25.0,1990,5,7,6,0
1990124N09088,1990,UNNAMED,1990-05-07 12:00:00+00:00,11.5,81.9,115.0,938.0,5.0,0.0,216,115.0,0.0,1990,5,7,12,0
1990124N09088,1990,UNNAMED,1990-05-07 18:00:00+00:00,12.2,81.9,102.0,950.0,9.0,0.0,187,115.0,-13.0,1990,5,7,18,1
1990124N09088,1990,UNNAMED,1990-05-08 00:00:00+00:00,13.1,81.8,127.0,924.0,7.0,345.0,164,102.0,25.0,1990,5,8,0,0
1990124N09088,1990,UNNAMED,1990-05-08 06:00:00+00:00,13.6,81.5,127.0,924.0,5.0,325.0,129,127.0,0.0,1990,5,8,6,0
1990124N09088,1990,UNNAMED,1990-05-08 12:00:00+00:00,14.0,81.2,127.0,920.0,6.0,330.0,99,127.0,0.0,1990,5,8,12,0
1990124N09088,1990,UNNAMED,1990-05-08 18:00:00+00:00,14.5,81.0,102.0,950.0,5.0,350.0,86,127.0,-25.0,1990,5,8,18,0
1990124N09088,1990,UNNAMED,1990-05-09 00:00:00+00:00,15.0,81.0,90.0,960.0,4.0,5.0,79,102.0,-12.0,1990,5,9,0,0
1990124N09088,1990,UNNAMED,1990-05-09 06:00:00+00:00,15.3,81.0,90.0,960.0,4.0,0.0,46,90.0,0.0,1990,5,9,6,0
1990124N09088,1990,UNNAMED,1990-05-09 12:00:00+00:00,15.8,81.0,90.0,956.0,4.0,335.0,0,90.0,0.0,1990,5,9,12,0
1990124N09088,1990,UNNAMED,1990-05-09 18:00:00+00:00,16.1,80.6,65.0,995.0,6.0,315.0,0,90.0,-25.0,1990,5,9,18,0
1990124N09088,1990,UNNAMED,1990-05-10 00:00:00+00:00,16.6,80.2,65.0,995.0,6.0,315.0,0,65.0,0.0,1990,5,10,0,0
1990124N09088,1990,UNNAMED,1990-05-10 06:00:00+00:00,17.0,79.8,48.0,995.0,8.0,340.0,0,65.0,-17.0,1990,5,10,6,0
1990164N21089,1990,UNNAMED,1990-06-13 06:00:00+00:00,21.0,89.0,16.0,992.0,2.0,155.0,67,35.0,0.0,1990,6,13,6,1
1990164N21089,1990,UNNAMED,1990-06-13 12:00:00+00:00,21.0,89.0,27.0,991.0,4.0,320.0,67,16.0,11.0,1990,6,13,12,0
1990164N21089,1990,UNNAMED,1990-06-13 18:00:00+00:00,21.5,88.5,27.0,994.0,5.0,300.0,11,27.0,0.0,1990,6,13,18,0
1990164N21089,1990,UNNAMED,1990-06-14 00:00:00+00:00,21.5,88.0,27.0,992.0,8.0,290.0,23,27.0,0.0,1990,6,14,0,0
1990164N21089,1990,UNNAMED,1990-06-14 06:00:00+00:00,22.0,87.0,27.0,991.0,5.0,305.0,0,27.0,0.0,1990,6,14,6,1
1990164N21089,1990,UNNAMED,1990-06-14 12:00:00+00:00,22.0,87.0,33.0,990.0,4.0,265.0,0,27.0,6.0,1990,6,14,12,0
1990164N21089,1990,UNNAMED,1990-06-14 18:00:00+00:00,22.0,86.0,27.0,995.0,10.0,270.0,0,33.0,-6.0,1990,6,14,18,0
1990164N21089,1990,UNNAMED,1990-06-15 00:00:00+00:00,22.0,85.0,27.0,995.0,9.0,270.0,0,27.0,0.0,1990,6,15,0,0
1990164N21089,1990,UNNAMED,1990-06-15 06:00:00+00:00,22.0,84.0,27.0,997.0,11.0,270.0,0,27.0,0.0,1990,6,15,6,0
1990226N19088,1990,UNNAMED,1990-08-14 06:00:00+00:00,19.0,88.0,16.0,996.0,4.0,270.0,199,35.0,0.0,1990,8,14,6,1
1990226N19088,1990,UNNAMED,1990-08-14 12:00:00+00:00,19.0,87.5,27.0,994.0,8.0,270.0,160,16.0,11.0,1990,8,14,12,0
1990226N19088,1990,UNNAMED,1990-08-14 18:00:00+00:00,19.0,86.5,27.0,994.0,7.0,265.0,109,27.0,0.0,1990,8,14,18,0
1990226N19088,1990,UNNAMED,1990-08-15 00:00:00+00:00,19.0,86.0,27.0,993.0,7.0,290.0,91,27.0,0.0,1990,8,15,0,0
1990226N19088,1990,UNNAMED,1990-08-15 06:00:00+00:00,19.5,85.0,27.0,995.0,15.0,300.0,0,27.0,0.0,1990,8,15,6,0
1990226N19088,1990,UNNAMED,1990-08-15 12:00:00+00:00,20.5,83.5,27.0,995.0,16.0,315.0,0,27.0,0.0,1990,8,15,12,0
1990226N19088,1990,UNNAMED,1990-08-15 18:00:00+00:00,21.5,82.5,27.0,995.0,10.0,295.0,0,27.0,0.0,1990,8,15,18,0
1990226N19088,1990,UNNAMED,1990-08-16 00:00:00+00:00,21.5,81.5,27.0,995.0,9.0,285.0,0,27.0,0.0,1990,8,16,0,0
1990226N19088,1990,UNNAMED,1990-08-16 06:00:00+00:00,22.0,80.5,27.0,996.0,12.0,280.0,0,27.0,0.0,1990,8,16,6,0
1990226N19088,1990,UNNAMED,1990-08-16 12:00:00+00:00,22.0,79.0,27.0,995.0,15.0,280.0,0,27.0,0.0,1990,8,16,12,0
1990226N19088,1990,UNNAMED,1990-08-16 18:00:00+00:00,22.5,77.5,27.0,997.0,9.0,310.0,0,27.0,0.0,1990,8,16,18,0
1990226N19088,1990,UNNAMED,1990-08-17 00:00:00+00:00,23.0,77.5,27.0,997.0,3.0,345.0,0,27.0,0.0,1990,8,17,0,0
1990232N22089,1990,UNNAMED,1990-08-20 00:00:00+00:00,22.0,89.0,16.0,997.0,26.0,195.0,0,35.0,0.0,1990,8,20,0,1
1990232N22089,1990,UNNAMED,1990-08-20 06:00:00+00:00,20.0,88.5,27.0,996.0,7.0,190.0,174,16.0,11.0,1990,8,20,6,0
1990232N22089,1990,UNNAMED,1990-08-20 12:00:00+00:00,20.5,88.5,27.0,995.0,6.0,320.0,123,27.0,0.0,1990,8,20,12,0
1990232N22089,1990,UNNAMED,1990-08-20 18:00:00+00:00,20.5,87.5,27.0,995.0,13.0,270.0,56,27.0,0.0,1990,8,20,18,0
1990232N22089,1990,UNNAMED,1990-08-21 00:00:00+00:00,20.5,86.0,27.0,991.0,6.0,270.0,0,27.0,0.0,1990,8,21,0,0
1990232N22089,1990,UNNAMED,1990-08-21 06:00:00+00:00,20.5,86.0,27.0,986.0,9.0,270.0,0,27.0,0.0,1990,8,21,6,0
1990232N22089,1990,UNNAMED,1990-08-21 12:00:00+00:00,20.5,84.0,27.0,991.0,15.0,270.0,0,27.0,0.0,1990,8,21,12,0
1990232N22089,1990,UNNAMED,1990-08-21 18:00:00+00:00,20.5,83.0,27.0,996.0,9.0,285.0,0,27.0,0.0,1990,8,21,18,0
1990232N22089,1990,UNNAMED,1990-08-22 00:00:00+00:00,21.0,82.0,27.0,994.0,11.0,300.0,0,27.0,0.0,1990,8,22,0,0
1990232N22089,1990,UNNAMED,1990-08-22 06:00:00+00:00,21.5,81.0,27.0,996.0,7.0,290.0,0,27.0,0.0,1990,8,22,6,0
1990232N22089,1990,UNNAMED,1990-08-22 12:00:00+00:00,21.5,80.5,27.0,994.0,9.0,285.0,0,27.0,0.0,1990,8,22,12,0
1990232N22089,1990,UNNAMED,1990-08-22 18:00:00+00:00,22.0,79.0,27.0,995.0,17.0,290.0,0,27.0,0.0,1990,8,22,18,0
1990232N22089,1990,UNNAMED,1990-08-23 00:00:00+00:00,22.5,77.5,27.0,995.0,8.0,305.0,0,27.0,0.0,1990,8,23,0,0
1990232N22089,1990,UNNAMED,1990-08-23 06:00:00+00:00,23.0,77.5,27.0,996.0,5.0,0.0,0,27.0,0.0,1990,8,23,6,0
1990232N22089,1990,UNNAMED,1990-08-23 12:00:00+00:00,23.5,77.0,27.0,994.0,13.0,295.0,0,27.0,0.0,1990,8,23,12,0
1990232N22089,1990,UNNAMED,1990-08-23 18:00:00+00:00,24.0,75.0,27.0,996.0,17.0,275.0,0,27.0,0.0,1990,8,23,18,0
1990232N22089,1990,UNNAMED,1990-08-24 00:00:00+00:00,24.0,73.5,27.0,997.0,13.0,295.0,0,27.0,0.0,1990,8,24,0,0
1990232N22089,1990,UNNAMED,1990-08-24 06:00:00+00:00,25.0,72.5,27.0,997.0,9.0,335.0,0,27.0,0.0,1990,8,24,6,0
1990232N22089,1990,UNNAMED,1990-08-24 12:00:00+00:00,25.5,72.5,27.0,994.0,7.0,350.0,0,27.0,0.0,1990,8,24,12,0
1990246N23089,1990,UNNAMED,1990-09-03 00:00:00+00:00,22.5,88.5,16.0,996.0,1.0,270.0,0,35.0,0.0,1990,9,3,0,1
1990246N23089,1990,UNNAMED,1990-09-03 06:00:00+00:00,22.5,88.2,27.0,995.0,7.0,270.0,0,16.0,11.0,1990,9,3,6,0
1990246N23089,1990,UNNAMED,1990-09-03 12:00:00+00:00,22.5,87.0,27.0,995.0,11.0,270.0,0,27.0,0.0,1990,9,3,12,0
1990246N23089,1990,UNNAMED,1990-09-03 18:00:00+00:00,22.5,86.0,27.0,996.0,9.0,270.0,0,27.0,0.0,1990,9,3,18,0
1990246N23089,1990,UNNAMED,1990-09-04 00:00:00+00:00,22.5,85.0,27.0,995.0,7.0,270.0,0,27.0,0.0,1990,9,4,0,0
1990246N23089,1990,UNNAMED,1990-09-04 06:00:00+00:00,22.5,84.5,27.0,996.0,4.0,265.0,0,27.0,0.0,1990,9,4,6,0
1990246N23089,1990,UNNAMED,1990-09-04 12:00:00+00:00,22.5,84.0,27.0,995.0,7.0,290.0,0,27.0,0.0,1990,9,4,12,0
1990246N23089,1990,UNNAMED,1990-09-04 18:00:00+00:00,23.0,83.0,27.0,997.0,11.0,300.0,0,27.0,0.0,1990,9,4,18,0
1990272N11121,1990,IRA,1990-10-02 12:00:00+00:00,13.3,112.0,35.0,996.0,9.0,270.0,274,35.0,0.0,1990,10,2,12,0
1990272N11121,1990,IRA,1990-10-02 18:00:00+00:00,13.4,110.9,35.0,996.0,11.0,275.0,161,35.0,0.0,1990,10,2,18,0
1990272N11121,1990,IRA,1990-10-03 00:00:00+00:00,13.6,109.7,35.0,996.0,13.0,280.0,44,35.0,0.0,1990,10,3,0,0
1990280N18091,1990,UNNAMED,1990-10-06 12:00:00+00:00,18.0,91.0,16.0,1002.0,9.0,240.0,305,35.0,0.0,1990,10,6,12,1
1990280N18091,1990,UNNAMED,1990-10-06 18:00:00+00:00,18.0,90.0,27.0,1002.0,18.0,315.0,382,16.0,11.0,1990,10,6,18,1
1990280N18091,1990,UNNAMED,1990-10-07 00:00:00+00:00,20.0,88.5,33.0,1000.0,17.0,325.0,174,27.0,6.0,1990,10,7,0,0
1990280N18091,1990,UNNAMED,1990-10-07 06:00:00+00:00,20.5,88.0,33.0,1000.0,6.0,315.0,106,33.0,0.0,1990,10,7,6,0
1990280N18091,1990,UNNAMED,1990-10-07 12:00:00+00:00,21.0,87.5,27.0,998.0,6.0,290.0,56,33.0,-6.0,1990,10,7,12,0
1990280N18091,1990,UNNAMED,1990-10-07 18:00:00+00:00,21.0,87.0,27.0,999.0,2.0,10.0,15,27.0,0.0,1990,10,7,18,0
1990280N18091,1990,UNNAMED,1990-10-08 00:00:00+00:00,21.5,87.5,27.0,999.0,6.0,30.0,15,27.0,0.0,1990,10,8,0,0
1990280N18091,1990,UNNAMED,1990-10-08 06:00:00+00:00,22.0,87.5,27.0,1000.0,5.0,350.0,0,27.0,0.0,1990,10,8,6,0
1990280N18091,1990,UNNAMED,1990-10-08 12:00:00+00:00,22.5,87.5,27.0,999.0,8.0,15.0,0,27.0,0.0,1990,10,8,12,0
1990304N08092,1990,UNNAMED,1990-10-31 06:00:00+00:00,9.6,90.5,16.0,1007.0,16.0,330.0,685,35.0,0.0,1990,10,31,6,1
1990304N08092,1990,UNNAMED,1990-10-31 12:00:00+00:00,11.0,89.7,27.0,1004.0,17.0,330.0,739,16.0,11.0,1990,10,31,12,0
1990304N08092,1990,UNNAMED,1990-10-31 18:00:00+00:00,12.5,88.9,27.0,1004.0,18.0,335.0,692,27.0,0.0,1990,10,31,18,0
1990304N08092,1990,UNNAMED,1990-11-01 00:00:00+00:00,14.1,88.1,27.0,1003.0,15.0,330.0,635,27.0,0.0,1990,11,1,0,0
1990304N08092,1990,UNNAMED,1990-11-01 06:00:00+00:00,15.0,87.5,27.0,1003.0,10.0,325.0,517,27.0,0.0,1990,11,1,6,0
1990304N08092,1990,UNNAMED,1990-11-01 12:00:00+00:00,15.7,86.9,27.0,1002.0,8.0,315.0,416,27.0,0.0,1990,11,1,12,1
1990304N08092,1990,UNNAMED,1990-11-01 18:00:00+00:00,16.1,86.2,33.0,1001.0,9.0,290.0,332,27.0,6.0,1990,11,1,18,0
1990304N08092,1990,UNNAMED,1990-11-02 00:00:00+00:00,16.2,85.4,33.0,1001.0,8.0,295.0,272,33.0,0.0,1990,11,2,0,0
1990304N08092,1990,UNNAMED,1990-11-02 06:00:00+00:00,16.8,84.8,33.0,1001.0,5.0,315.0,183,33.0,0.0,1990,11,2,6,0
1990304N08092,1990,UNNAMED,1990-11-02 12:00:00+00:00,16.9,84.6,33.0,1002.0,4.0,305.0,161,33.0,0.0,1990,11,2,12,0
1990304N08092,1990,UNNAMED,1990-11-02 18:00:00+00:00,17.3,84.2,33.0,1003.0,5.0,345.0,100,33.0,0.0,1990,11,2,18,0
1990304N08092,1990,UNNAMED,1990-11-03 00:00:00+00:00,17.8,84.3,33.0,1001.0,1.0,10.0,59,33.0,0.0,1990,11,3,0,0
1990304N08092,1990,UNNAMED,1990-11-03 06:00:00+00:00,17.7,84.2,33.0,1001.0,4.0,5.0,64,33.0,0.0,1990,11,3,6,0
1990304N08092,1990,UNNAMED,1990-11-03 12:00:00+00:00,18.5,84.4,27.0,1001.0,7.0,30.0,10,33.0,-6.0,1990,11,3,12,0
1990304N08092,1990,UNNAMED,1990-11-03 18:00:00+00:00,18.7,84.9,27.0,1001.0,3.0,40.0,33,27.0,0.0,1990,11,3,18,0
1990304N08092,1990,UNNAMED,1990-11-04 00:00:00+00:00,19.1,84.6,27.0,1001.0,3.0,280.0,0,27.0,0.0,1990,11,4,0,0
1990304N08092,1990,UNNAMED,1990-11-04 06:00:00+00:00,19.0,84.5,27.0,1003.0,5.0,335.0,0,27.0,0.0,1990,11,4,6,0
1990318N14082,1990,UNNAMED,1990-11-14 00:00:00+00:00,14.0,82.0,27.0,1010.0,11.0,270.0,184,35.0,0.0,1990,11,14,0,0
1990318N14082,1990,UNNAMED,1990-11-14 06:00:00+00:00,14.0,81.0,27.0,1010.0,7.0,265.0,78,27.0,0.0,1990,11,14,6,0
1990318N14082,1990,UNNAMED,1990-11-14 12:00:00+00:00,14.0,80.5,27.0,1008.0,4.0,315.0,31,27.0,0.0,1990,11,14,12,0
1990318N14082,1990,UNNAMED,1990-11-14 18:00:00+00:00,14.5,80.0,27.0,1009.0,14.0,285.0,0,27.0,0.0,1990,11,14,18,0
1990320N15076,1990,UNNAMED,1990-11-16 00:00:00+00:00,14.5,75.5,16.0,1011.0,23.0,270.0,0,35.0,0.0,1990,11,16,0,1
1990320N15076,1990,UNNAMED,1990-11-16 06:00:00+00:00,14.5,73.5,27.0,1009.0,9.0,270.0,72,16.0,11.0,1990,11,16,6,0
1990320N15076,1990,UNNAMED,1990-11-16 12:00:00+00:00,14.5,73.5,27.0,1008.0,2.0,90.0,72,27.0,0.0,1990,11,16,12,0
1990320N15076,1990,UNNAMED,1990-11-16 18:00:00+00:00,14.5,73.5,27.0,1009.0,2.0,280.0,72,27.0,0.0,1990,11,16,18,0
1990320N15076,1990,UNNAMED,1990-11-17 00:00:00+00:00,14.5,73.0,27.0,1008.0,9.0,245.0,117,27.0,0.0,1990,11,17,0,0
1990320N15076,1990,UNNAMED,1990-11-17 06:00:00+00:00,14.0,72.0,27.0,1008.0,5.0,285.0,238,27.0,0.0,1990,11,17,6,1
1990320N15076,1990,UNNAMED,1990-11-17 12:00:00+00:00,14.8,72.0,33.0,1007.0,6.0,5.0,203,27.0,6.0,1990,11,17,12,0
1990320N15076,1990,UNNAMED,1990-11-17 18:00:00+00:00,15.0,72.0,33.0,1008.0,4.0,40.0,194,33.0,0.0,1990,11,17,18,0
1990320N15076,1990,UNNAMED,1990-11-18 00:00:00+00:00,15.5,72.5,27.0,1009.0,4.0,45.0,126,33.0,-6.0,1990,11,18,0,0
1990348N04087,1990,UNNAMED,1990-12-14 00:00:00+00:00,5.8,87.2,16.0,995.0,18.0,10.0,601,35.0,0.0,1990,12,14,0,0
1990348N04087,1990,UNNAMED,1990-12-14 06:00:00+00:00,7.1,87.3,16.0,995.0,11.0,5.0,596,16.0,0.0,1990,12,14,6,1
1990348N04087,1990,UNNAMED,1990-12-14 12:00:00+00:00,8.1,87.3,27.0,995.0,9.0,350.0,608,16.0,11.0,1990,12,14,12,0
1990348N04087,1990,UNNAMED,1990-12-14 18:00:00+00:00,8.9,87.0,27.0,995.0,8.0,335.0,590,27.0,0.0,1990,12,14,18,1
1990348N04087,1990,UNNAMED,1990-12-15 00:00:00+00:00,9.5,86.7,33.0,995.0,7.0,335.0,579,27.0,6.0,1990,12,15,0,0
1990348N04087,1990,UNNAMED,1990-12-15 06:00:00+00:00,10.2,86.4,33.0,995.0,7.0,335.0,582,33.0,0.0,1990,12,15,6,0
1990348N04087,1990,UNNAMED,1990-12-15 12:00:00+00:00,10.8,86.1,33.0,995.0,6.0,325.0,581,33.0,0.0,1990,12,15,12,1
1990348N04087,1990,UNNAMED,1990-12-15 18:00:00+00:00,11.2,85.7,35.0,995.0,7.0,330.0,566,33.0,2.0,1990,12,15,18,0
1990348N04087,1990,UNNAMED,1990-12-16 00:00:00+00:00,11.9,85.4,35.0,995.0,9.0,0.0,568,35.0,0.0,1990,12,16,0,0
1990348N04087,1990,UNNAMED,1990-12-16 06:00:00+00:00,12.9,85.7,35.0,995.0,10.0,10.0,552,35.0,0.0,1990,12,16,6,1
1990348N04087,1990,UNNAMED,1990-12-16 12:00:00+00:00,13.9,85.8,45.0,995.0,9.0,15.0,482,35.0,10.0,1990,12,16,12,0
1990348N04087,1990,UNNAMED,1990-12-16 18:00:00+00:00,14.7,86.2,45.0,995.0,9.0,15.0,456,45.0,0.0,1990,12,16,18,0
1990348N04087,1990,UNNAMED,1990-12-17 00:00:00+00:00,15.6,86.3,45.0,995.0,11.0,10.0,382,45.0,0.0,1990,12,17,0,1
1990348N04087,1990,UNNAMED,1990-12-17 06:00:00+00:00,16.8,86.7,55.0,995.0,14.0,25.0,315,45.0,10.0,1990,12,17,6,0
1990348N04087,1990,UNNAMED,1990-12-17 12:00:00+00:00,18.0,87.6,55.0,995.0,18.0,45.0,256,55.0,0.0,1990,12,17,12,0
1990348N04087,1990,UNNAMED,1990-12-17 18:00:00+00:00,19.3,89.1,55.0,995.0,18.0,50.0,257,55.0,0.0,1990,12,17,18,0
1990348N04087,1990,UNNAMED,1990-12-18 00:00:00+00:00,20.1,90.3,45.0,995.0,11.0,50.0,190,55.0,-10.0,1990,12,18,0,0
1990348N04087,1990,UNNAMED,1990-12-18 06:00:00+00:00,20.6,90.9,35.0,995.0,7.0,80.0,141,45.0,-10.0,1990,12,18,6,0
1991113N10091,1991,UNNAMED,1991-04-24 12:00:00+00:00,9.6,89.2,25.0,1002.0,4.0,350.0,799,35.0,0.0,1991,4,24,12,0
1991113N10091,1991,UNNAMED,1991-04-24 18:00:00+00:00,10.1,89.1,25.0,1002.0,5.0,350.0,840,25.0,0.0,1991,4,24,18,0
1991113N10091,1991,UNNAMED,1991-04-25 00:00:00+00:00,10.6,88.9,25.0,1002.0,6.0,330.0,832,25.0,0.0,1991,4,25,0,1
1991113N10091,1991,UNNAMED,1991-04-25 06:00:00+00:00,11.0,88.5,30.0,1000.0,5.0,295.0,828,25.0,5.0,1991,4,25,6,1
1991113N10091,1991,UNNAMED,1991-04-25 12:00:00+00:00,11.1,88.0,35.0,996.0,3.0,280.0,783,30.0,5.0,1991,4,25,12,0
1991113N10091,1991,UNNAMED,1991-04-25 18:00:00+00:00,11.2,87.9,35.0,998.0,3.0,280.0,778,35.0,0.0,1991,4,25,18,1
1991113N10091,1991,UNNAMED,1991-04-26 00:00:00+00:00,11.2,87.5,45.0,994.0,3.0,280.0,738,35.0,10.0,1991,4,26,0,1
1991113N10091,1991,UNNAMED,1991-04-26 06:00:00+00:00,11.3,87.4,55.0,991.0,3.0,0.0,733,45.0,10.0,1991,4,26,6,0
1991113N10091,1991,UNNAMED,1991-04-26 12:00:00+00:00,11.7,87.4,55.0,987.0,3.0,345.0,754,55.0,0.0,1991,4,26,12,0
1991113N10091,1991,UNNAMED,1991-04-26 18:00:00+00:00,11.9,87.2,55.0,991.0,3.0,340.0,745,55.0,0.0,1991,4,26,18,0
1991113N10091,1991,UNNAMED,1991-04-27 00:00:00+00:00,12.4,87.3,55.0,989.0,8.0,0.0,714,55.0,0.0,1991,4,27,0,1
1991113N10091,1991,UNNAMED,1991-04-27 06:00:00+00:00,13.4,87.2,77.0,974.0,10.0,355.0,636,55.0,22.0,1991,4,27,6,0
1991113N10091,1991,UNNAMED,1991-04-27 12:00:00+00:00,14.2,87.2,77.0,972.0,5.0,0.0,565,77.0,0.0,1991,4,27,12,0
1991113N10091,1991,UNNAMED,1991-04-27 18:00:00+00:00,14.5,87.2,77.0,974.0,4.0,15.0,538,77.0,0.0,1991,4,27,18,0
1991113N10091,1991,UNNAMED,1991-04-28 00:00:00+00:00,15.0,87.4,77.0,972.0,8.0,25.0,509,77.0,0.0,1991,4,28,0,1
1991113N10091,1991,UNNAMED,1991-04-28 06:00:00+00:00,15.8,87.9,102.0,952.0,8.0,30.0,485,77.0,25.0,1991,4,28,6,0
1991113N10091,1991,UNNAMED,1991-04-28 12:00:00+00:00,16.5,88.2,102.0,950.0,9.0,25.0,435,102.0,0.0,1991,4,28,12,1
1991113N10091,1991,UNNAMED,1991-04-28 18:00:00+00:00,17.4,88.7,115.0,934.0,11.0,25.0,378,102.0,13.0,1991,4,28,18,1
1991113N10091,1991,UNNAMED,1991-04-29 00:00:00+00:00,18.4,89.2,127.0,920.0,13.0,25.0,337,115.0,12.0,1991,4,29,0,0
1991113N10091,1991,UNNAMED,1991-04-29 06:00:00+00:00,19.7,90.0,127.0,922.0,12.0,30.0,232,127.0,0.0,1991,4,29,6,0
1991113N10091,1991,UNNAMED,1991-04-29 12:00:00+00:00,20.6,90.6,127.0,918.0,13.0,35.0,140,127.0,0.0,1991,4,29,12,0
1991113N10091,1991,UNNAMED,1991-04-29 18:00:00+00:00,22.0,91.6,127.0,920.0,18.0,35.0,30,127.0,0.0,1991,4,29,18,0
1991113N10091,1991,UNNAMED,1991-04-30 00:00:00+00:00,23.4,92.9,30.0,994.0,20.0,50.0,0,127.0,-97.0,1991,4,30,0,0
1991150N14091,1991,UNNAMED,1991-05-31 06:00:00+00:00,15.2,89.0,25.0,998.0,9.0,355.0,564,35.0,0.0,1991,5,31,6,1
1991150N14091,1991,UNNAMED,1991-05-31 12:00:00+00:00,16.1,88.9,30.0,996.0,8.0,355.0,510,25.0,5.0,1991,5,31,12,0
1991150N14091,1991,UNNAMED,1991-05-31 18:00:00+00:00,16.7,88.9,30.0,996.0,6.0,0.0,453,30.0,0.0,1991,5,31,18,1
1991150N14091,1991,UNNAMED,1991-06-01 00:00:00+00:00,17.4,89.0,35.0,994.0,12.0,10.0,399,30.0,5.0,1991,6,1,0,0
1991150N14091,1991,UNNAMED,1991-06-01 06:00:00+00:00,18.9,89.4,35.0,994.0,13.0,20.0,303,35.0,0.0,1991,6,1,6,1
1991150N14091,1991,UNNAMED,1991-06-01 12:00:00+00:00,19.7,89.8,45.0,990.0,7.0,20.0,224,35.0,10.0,1991,6,1,12,0
1991150N14091,1991,UNNAMED,1991-06-01 18:00:00+00:00,20.5,90.0,45.0,992.0,14.0,20.0,145,45.0,0.0,1991,6,1,18,0
1991150N14091,1991,UNNAMED,1991-06-02 00:00:00+00:00,22.3,91.0,45.0,990.0,24.0,30.0,20,45.0,0.0,1991,6,2,0,0
1991150N14091,1991,UNNAMED,1991-06-02 06:00:00+00:00,24.1,92.3,25.0,996.0,16.0,40.0,0,45.0,-20.0,1991,6,2,6,0
1991208N20090,1991,UNNAMED,1991-07-27 06:00:00+00:00,20.5,89.0,25.0,992.0,5.0,270.0,123,35.0,0.0,1991,7,27,6,0
1991208N20090,1991,UNNAMED,1991-07-27 12:00:00+00:00,20.5,88.8,25.0,988.0,2.0,270.0,123,25.0,0.0,1991,7,27,12,0
1991208N20090,1991,UNNAMED,1991-07-27 18:00:00+00:00,20.5,88.5,25.0,992.0,3.0,270.0,123,25.0,0.0,1991,7,27,18,0
1991208N20090,1991,UNNAMED,1991-07-28 00:00:00+00:00,20.5,88.2,25.0,988.0,3.0,270.0,123,25.0,0.0,1991,7,28,0,0
1991208N20090,1991,UNNAMED,1991-07-28 06:00:00+00:00,20.5,87.8,25.0,987.0,3.0,265.0,86,25.0,0.0,1991,7,28,6,1
1991208N20090,1991,UNNAMED,1991-07-28 12:00:00+00:00,20.5,87.5,30.0,984.0,4.0,305.0,56,25.0,5.0,1991,7,28,12,0
1991208N20090,1991,UNNAMED,1991-07-28 18:00:00+00:00,21.0,87.0,30.0,986.0,7.0,330.0,15,30.0,0.0,1991,7,28,18,0
1991208N20090,1991,UNNAMED,1991-07-29 00:00:00+00:00,21.5,86.5,30.0,986.0,13.0,280.0,0,30.0,0.0,1991,7,29,0,0
1991208N20090,1991,UNNAMED,1991-07-29 06:00:00+00:00,21.5,84.2,30.0,990.0,23.0,275.0,0,30.0,0.0,1991,7,29,6,0
1991208N20090,1991,UNNAMED,1991-07-29 12:00:00+00:00,22.0,82.0,30.0,988.0,15.0,285.0,0,30.0,0.0,1991,7,29,12,0
1991208N20090,1991,UNNAMED,1991-07-29 18:00:00+00:00,22.2,81.0,30.0,990.0,9.0,285.0,0,30.0,0.0,1991,7,29,18,0
1991208N20090,1991,UNNAMED,1991-07-30 00:00:00+00:00,22.5,80.0,30.0,988.0,10.0,285.0,0,30.0,0.0,1991,7,30,0,0
1991208N20090,1991,UNNAMED,1991-07-30 06:00:00+00:00,22.7,79.0,30.0,992.0,10.0,280.0,0,30.0,0.0,1991,7,30,6,0
1991208N20090,1991,UNNAMED,1991-07-30 12:00:00+00:00,23.0,78.0,30.0,990.0,10.0,315.0,0,30.0,0.0,1991,7,30,12,0
1991208N20090,1991,UNNAMED,1991-07-30 18:00:00+00:00,24.0,77.5,30.0,992.0,9.0,335.0,0,30.0,0.0,1991,7,30,18,0
1991208N20090,1991,UNNAMED,1991-07-31 00:00:00+00:00,24.5,77.0,25.0,990.0,5.0,290.0,0,30.0,-5.0,1991,7,31,0,0
1991208N20090,1991,UNNAMED,1991-07-31 06:00:00+00:00,24.5,76.5,25.0,992.0,5.0,310.0,0,25.0,0.0,1991,7,31,6,0
1991208N20090,1991,UNNAMED,1991-07-31 12:00:00+00:00,25.2,76.3,25.0,990.0,8.0,10.0,0,25.0,0.0,1991,7,31,12,0
1991208N20090,1991,UNNAMED,1991-07-31 18:00:00+00:00,26.0,76.7,25.0,992.0,10.0,20.0,0,25.0,0.0,1991,7,31,18,0
1991234N20089,1991,UNNAMED,1991-08-22 00:00:00+00:00,20.7,88.2,25.0,994.0,6.0,320.0,100,35.0,0.0,1991,8,22,0,0
1991234N20089,1991,UNNAMED,1991-08-22 06:00:00+00:00,21.3,87.5,25.0,996.0,14.0,315.0,35,25.0,0.0,1991,8,22,6,0
1991234N20089,1991,UNNAMED,1991-08-22 12:00:00+00:00,22.5,86.0,25.0,994.0,19.0,290.0,0,25.0,0.0,1991,8,22,12,0
1991234N20089,1991,UNNAMED,1991-08-22 18:00:00+00:00,22.5,84.0,25.0,996.0,14.0,270.0,0,25.0,0.0,1991,8,22,18,0
1991234N20089,1991,UNNAMED,1991-08-23 00:00:00+00:00,22.7,83.0,25.0,994.0,11.0,280.0,0,25.0,0.0,1991,8,23,0,0
1991234N20089,1991,UNNAMED,1991-08-23 06:00:00+00:00,23.0,81.5,25.0,994.0,15.0,295.0,0,25.0,0.0,1991,8,23,6,0
1991234N20089,1991,UNNAMED,1991-08-23 12:00:00+00:00,23.8,80.2,25.0,992.0,9.0,305.0,0,25.0,0.0,1991,8,23,12,0
1991234N20089,1991,UNNAMED,1991-08-23 18:00:00+00:00,24.0,80.0,25.0,994.0,4.0,340.0,0,25.0,0.0,1991,8,23,18,0
1991234N20089,1991,UNNAMED,1991-08-24 00:00:00+00:00,24.5,79.8,25.0,994.0,3.0,345.0,0,25.0,0.0,1991,8,24,0,0
1991234N20089,1991,UNNAMED,1991-08-24 06:00:00+00:00,24.5,79.8,25.0,994.0,1.0,125.0,0,25.0,0.0,1991,8,24,6,0
1991234N20089,1991,UNNAMED,1991-08-24 12:00:00+00:00,24.5,79.8,25.0,992.0,7.0,290.0,0,25.0,0.0,1991,8,24,12,0
1991234N20089,1991,UNNAMED,1991-08-24 18:00:00+00:00,25.0,78.6,25.0,994.0,12.0,325.0,0,25.0,0.0,1991,8,24,18,0
1991234N20089,1991,UNNAMED,1991-08-25 00:00:00+00:00,26.2,78.5,25.0,992.0,10.0,0.0,0,25.0,0.0,1991,8,25,0,0
1991234N20089,1991,UNNAMED,1991-08-25 06:00:00+00:00,26.8,78.5,25.0,994.0,3.0,5.0,0,25.0,0.0,1991,8,25,6,0
1991234N20089,1991,UNNAMED,1991-08-25 12:00:00+00:00,27.0,78.5,25.0,992.0,4.0,5.0,0,25.0,0.0,1991,8,25,12,0
1991234N20089,1991,UNNAMED,1991-08-25 18:00:00+00:00,27.5,78.5,25.0,994.0,2.0,0.0,0,25.0,0.0,1991,8,25,18,0
1991234N20089,1991,UNNAMED,1991-08-26 00:00:00+00:00,27.5,78.5,25.0,996.0,2.0,350.0,0,25.0,0.0,1991,8,26,0,0
1991234N20089,1991,UNNAMED,1991-08-26 06:00:00+00:00,28.0,78.4,15.0,998.0,6.0,345.0,0,25.0,-10.0,1991,8,26,6,0
1991234N20089,1991,UNNAMED,1991-08-26 12:00:00+00:00,28.5,78.2,15.0,996.0,4.0,345.0,0,15.0,0.0,1991,8,26,12,0
1991264N15084,1991,UNNAMED,1991-09-21 06:00:00+00:00,15.5,83.5,25.0,1000.0,9.0,305.0,177,35.0,0.0,1991,9,21,6,0
1991264N15084,1991,UNNAMED,1991-09-21 12:00:00+00:00,16.0,82.5,25.0,1000.0,12.0,295.0,70,25.0,0.0,1991,9,21,12,0
1991264N15084,1991,UNNAMED,1991-09-21 18:00:00+00:00,16.5,81.5,25.0,1000.0,9.0,305.0,0,25.0,0.0,1991,9,21,18,0
1991264N15084,1991,UNNAMED,1991-09-22 00:00:00+00:00,17.0,81.0,25.0,1000.0,9.0,330.0,0,25.0,0.0,1991,9,22,0,0
1991264N15084,1991,UNNAMED,1991-09-22 06:00:00+00:00,18.0,80.5,25.0,1000.0,9.0,325.0,0,25.0,0.0,1991,9,22,6,0
1991264N15084,1991,UNNAMED,1991-09-22 12:00:00+00:00,18.5,80.0,15.0,1002.0,5.0,330.0,0,25.0,-10.0,1991,9,22,12,0
1991285N15090,1991,UNNAMED,1991-10-12 12:00:00+00:00,18.0,87.0,25.0,1000.0,11.0,330.0,232,35.0,0.0,1991,10,12,12,0
1991285N15090,1991,UNNAMED,1991-10-12 18:00:00+00:00,18.5,87.0,25.0,1000.0,9.0,40.0,179,25.0,0.0,1991,10,12,18,0
1991285N15090,1991,UNNAMED,1991-10-13 00:00:00+00:00,19.5,88.0,25.0,1000.0,14.0,40.0,162,25.0,0.0,1991,10,13,0,0
1991285N15090,1991,UNNAMED,1991-10-13 06:00:00+00:00,20.5,88.7,25.0,998.0,10.0,45.0,124,25.0,0.0,1991,10,13,6,0
1991285N15090,1991,UNNAMED,1991-10-13 12:00:00+00:00,21.0,89.5,25.0,1000.0,7.0,45.0,78,25.0,0.0,1991,10,13,12,0
1991285N15090,1991,UNNAMED,1991-10-13 18:00:00+00:00,21.5,89.7,25.0,1002.0,5.0,25.0,33,25.0,0.0,1991,10,13,18,0
1991285N15090,1991,UNNAMED,1991-10-14 00:00:00+00:00,22.0,90.0,25.0,1002.0,5.0,15.0,0,25.0,0.0,1991,10,14,0,0
1991301N10083,1991,UNNAMED,1991-10-28 06:00:00+00:00,10.5,82.0,25.0,1002.0,9.0,305.0,188,35.0,0.0,1991,10,28,6,0
1991301N10083,1991,UNNAMED,1991-10-28 12:00:00+00:00,11.0,81.5,25.0,1000.0,7.0,320.0,174,25.0,0.0,1991,10,28,12,0
1991301N10083,1991,UNNAMED,1991-10-28 18:00:00+00:00,11.5,81.0,25.0,1000.0,7.0,320.0,124,25.0,0.0,1991,10,28,18,0
1991301N10083,1991,UNNAMED,1991-10-29 00:00:00+00:00,12.0,80.5,25.0,998.0,9.0,305.0,58,25.0,0.0,1991,10,29,0,0
1991301N10083,1991,UNNAMED,1991-10-29 06:00:00+00:00,12.5,79.5,25.0,1000.0,8.0,285.0,0,25.0,0.0,1991,10,29,6,0
1991301N10083,1991,UNNAMED,1991-10-29 12:00:00+00:00,12.5,79.0,25.0,998.0,5.0,300.0,0,25.0,0.0,1991,10,29,12,0
1991301N10083,1991,UNNAMED,1991-10-29 18:00:00+00:00,13.0,78.5,25.0,1000.0,6.0,300.0,0,25.0,0.0,1991,10,29,18,0
1991301N10083,1991,UNNAMED,1991-10-30 00:00:00+00:00,13.0,78.0,25.0,1000.0,5.0,265.0,0,25.0,0.0,1991,10,30,0,0
1991301N10083,1991,UNNAMED,1991-10-30 06:00:00+00:00,13.0,77.5,25.0,1000.0,2.0,270.0,0,25.0,0.0,1991,10,30,6,0
1991301N10083,1991,UNNAMED,1991-10-30 12:00:00+00:00,13.0,77.5,15.0,1002.0,2.0,270.0,0,25.0,-10.0,1991,10,30,12,0
1991313N10095,1991,UNNAMED,1991-11-11 12:00:00+00:00,11.1,88.6,25.0,1006.0,10.0,280.0,817,35.0,0.0,1991,11,11,12,0
1991313N10095,1991,UNNAMED,1991-11-11 18:00:00+00:00,11.1,88.2,25.0,1006.0,4.0,275.0,803,25.0,0.0,1991,11,11,18,0
1991313N10095,1991,UNNAMED,1991-11-12 00:00:00+00:00,11.2,87.6,25.0,1006.0,7.0,275.0,748,25.0,0.0,1991,11,12,0,0
1991313N10095,1991,UNNAMED,1991-11-12 06:00:00+00:00,11.2,86.9,25.0,1004.0,6.0,275.0,679,25.0,0.0,1991,11,12,6,0
1991313N10095,1991,UNNAMED,1991-11-12 12:00:00+00:00,11.3,86.3,25.0,1004.0,8.0,270.0,627,25.0,0.0,1991,11,12,12,0
1991313N10095,1991,UNNAMED,1991-11-12 18:00:00+00:00,11.3,85.4,25.0,1004.0,8.0,270.0,544,25.0,0.0,1991,11,12,18,0
1991313N10095,1991,UNNAMED,1991-11-13 00:00:00+00:00,11.3,84.7,25.0,1004.0,8.0,270.0,481,25.0,0.0,1991,11,13,0,1
1991313N10095,1991,UNNAMED,1991-11-13 06:00:00+00:00,11.2,83.8,30.0,1004.0,8.0,265.0,391,25.0,5.0,1991,11,13,6,1
1991313N10095,1991,UNNAMED,1991-11-13 12:00:00+00:00,11.2,83.1,35.0,1000.0,7.0,265.0,329,30.0,5.0,1991,11,13,12,0
1991313N10095,1991,UNNAMED,1991-11-13 18:00:00+00:00,11.1,82.2,35.0,1000.0,8.0,270.0,251,35.0,0.0,1991,11,13,18,0
1991313N10095,1991,UNNAMED,1991-11-14 00:00:00+00:00,11.1,81.4,35.0,1000.0,7.0,255.0,163,35.0,0.0,1991,11,14,0,1
1991313N10095,1991,UNNAMED,1991-11-14 06:00:00+00:00,10.8,81.0,45.0,1000.0,3.0,265.0,120,35.0,10.0,1991,11,14,6,0
1991313N10095,1991,UNNAMED,1991-11-14 12:00:00+00:00,11.0,80.7,45.0,998.0,4.0,295.0,87,45.0,0.0,1991,11,14,12,0
1991313N10095,1991,UNNAMED,1991-11-14 18:00:00+00:00,11.1,80.2,45.0,998.0,5.0,285.0,32,45.0,0.0,1991,11,14,18,0
1991313N10095,1991,UNNAMED,1991-11-15 00:00:00+00:00,11.3,79.6,35.0,1000.0,6.0,300.0,0,45.0,-10.0,1991,11,15,0,0
1991313N10095,1991,UNNAMED,1991-11-15 06:00:00+00:00,11.7,79.1,30.0,1002.0,7.0,310.0,0,35.0,-5.0,1991,11,15,6,0
1991313N10095,1991,UNNAMED,1991-11-15 12:00:00+00:00,12.0,78.5,25.0,1000.0,6.0,285.0,0,30.0,-5.0,1991,11,15,12,0
1992136N10090,1992,UNNAMED,1992-05-16 00:00:00+00:00,11.4,88.0,25.0,1002.0,10.0,315.0,797,35.0,0.0,1992,5,16,0,0
1992136N10090,1992,UNNAMED,1992-05-16 06:00:00+00:00,11.9,87.5,25.0,1000.0,5.0,330.0,768,25.0,0.0,1992,5,16,6,0
1992136N10090,1992,UNNAMED,1992-05-16 12:00:00+00:00,12.4,87.3,25.0,1000.0,4.0,355.0,714,25.0,0.0,1992,5,16,12,0
1992136N10090,1992,UNNAMED,1992-05-16 18:00:00+00:00,12.7,87.3,25.0,998.0,7.0,5.0,692,25.0,0.0,1992,5,16,18,1
1992136N10090,1992,UNNAMED,1992-05-17 00:00:00+00:00,13.8,87.4,30.0,996.0,9.0,15.0,614,25.0,5.0,1992,5,17,0,0
1992136N10090,1992,UNNAMED,1992-05-17 06:00:00+00:00,14.3,87.8,30.0,996.0,6.0,55.0,596,30.0,0.0,1992,5,17,6,0
1992136N10090,1992,UNNAMED,1992-05-17 12:00:00+00:00,14.5,88.3,30.0,996.0,4.0,55.0,617,30.0,0.0,1992,5,17,12,0
1992136N10090,1992,UNNAMED,1992-05-17 18:00:00+00:00,14.8,88.6,30.0,994.0,8.0,55.0,615,30.0,0.0,1992,5,17,18,1
1992136N10090,1992,UNNAMED,1992-05-18 00:00:00+00:00,15.4,89.6,35.0,994.0,14.0,55.0,497,30.0,5.0,1992,5,18,0,0
1992136N10090,1992,UNNAMED,1992-05-18 06:00:00+00:00,16.2,90.7,35.0,992.0,10.0,50.0,374,35.0,0.0,1992,5,18,6,0
1992136N10090,1992,UNNAMED,1992-05-18 12:00:00+00:00,16.7,91.3,35.0,994.0,9.0,55.0,319,35.0,0.0,1992,5,18,12,0
1992136N10090,1992,UNNAMED,1992-05-18 18:00:00+00:00,17.3,92.3,35.0,992.0,15.0,50.0,227,35.0,0.0,1992,5,18,18,0
1992136N10090,1992,UNNAMED,1992-05-19 00:00:00+00:00,18.5,93.6,35.0,994.0,16.0,45.0,46,35.0,0.0,1992,5,19,0,0
1992155N10070,1992,UNNAMED,1992-06-08 12:00:00+00:00,11.5,63.2,25.0,1000.0,2.0,325.0,954,35.0,0.0,1992,6,8,12,0
1992155N10070,1992,UNNAMED,1992-06-08 18:00:00+00:00,11.6,63.0,25.0,1000.0,2.0,295.0,931,25.0,0.0,1992,6,8,18,0
1992155N10070,1992,UNNAMED,1992-06-09 00:00:00+00:00,11.7,62.8,25.0,998.0,3.0,290.0,908,25.0,0.0,1992,6,9,0,1
1992155N10070,1992,UNNAMED,1992-06-09 06:00:00+00:00,11.8,62.4,30.0,998.0,4.0,285.0,863,25.0,5.0,1992,6,9,6,0
1992155N10070,1992,UNNAMED,1992-06-09 12:00:00+00:00,11.9,62.0,30.0,998.0,4.0,285.0,819,30.0,0.0,1992,6,9,12,0
1992155N10070,1992,UNNAMED,1992-06-09 18:00:00+00:00,12.0,61.3,30.0,998.0,9.0,285.0,742,30.0,0.0,1992,6,9,18,0
1992155N10070,1992,UNNAMED,1992-06-10 00:00:00+00:00,12.3,60.7,30.0,998.0,7.0,295.0,674,30.0,0.0,1992,6,10,0,0
1992155N10070,1992,UNNAMED,1992-06-10 06:00:00+00:00,12.4,60.1,30.0,998.0,2.0,295.0,608,30.0,0.0,1992,6,10,6,0
1992155N10070,1992,UNNAMED,1992-06-10 12:00:00+00:00,12.6,60.1,30.0,998.0,5.0,305.0,608,30.0,0.0,1992,6,10,12,0
1992155N10070,1992,UNNAMED,1992-06-10 18:00:00+00:00,13.0,59.2,30.0,998.0,9.0,295.0,511,30.0,0.0,1992,6,10,18,0
1992155N10070,1992,UNNAMED,1992-06-11 00:00:00+00:00,13.3,58.6,30.0,998.0,9.0,285.0,451,30.0,0.0,1992,6,11,0,1
1992155N10070,1992,UNNAMED,1992-06-11 06:00:00+00:00,13.4,57.4,35.0,996.0,11.0,285.0,330,30.0,5.0,1992,6,11,6,1
1992155N10070,1992,UNNAMED,1992-06-11 12:00:00+00:00,13.8,56.5,45.0,994.0,8.0,285.0,254,35.0,10.0,1992,6,11,12,0
1992155N10070,1992,UNNAMED,1992-06-11 18:00:00+00:00,13.9,55.8,45.0,994.0,6.0,285.0,202,45.0,0.0,1992,6,11,18,0
1992155N10070,1992,UNNAMED,1992-06-12 00:00:00+00:00,14.1,55.0,35.0,996.0,12.0,275.0,176,45.0,-10.0,1992,6,12,0,0
1992155N10070,1992,UNNAMED,1992-06-12 06:00:00+00:00,14.0,53.2,25.0,1000.0,15.0,265.0,158,35.0,-10.0,1992,6,12,6,0
1992188N07156,1992,ELI,1992-07-10 00:00:00+00:00,14.1,129.9,40.0,996.0,18.0,285.0,522,35.0,0.0,1992,7,10,0,1
1992188N07156,1992,ELI,1992-07-10 06:00:00+00:00,14.7,128.2,50.0,985.0,17.0,290.0,404,40.0,10.0,1992,7,10,6,1
1992188N07156,1992,ELI,1992-07-10 12:00:00+00:00,15.1,126.5,55.0,980.0,18.0,280.0,263,50.0,5.0,1992,7,10,12,1
1992188N07156,1992,ELI,1992-07-10 18:00:00+00:00,15.4,124.5,60.0,975.0,21.0,280.0,158,55.0,5.0,1992,7,10,18,1
1992188N07156,1992,ELI,1992-07-11 00:00:00+00:00,15.7,122.3,70.0,965.0,20.0,280.0,46,60.0,10.0,1992,7,11,0,0
1992188N07156,1992,ELI,1992-07-11 06:00:00+00:00,16.2,120.5,60.0,975.0,19.0,290.0,0,70.0,-10.0,1992,7,11,6,0
1992188N07156,1992,ELI,1992-07-11 12:00:00+00:00,16.8,118.7,60.0,975.0,17.0,285.0,129,60.0,0.0,1992,7,11,12,0
1992188N07156,1992,ELI,1992-07-11 18:00:00+00:00,17.0,117.0,60.0,975.0,15.0,270.0,308,60.0,0.0,1992,7,11,18,0
1992188N07156,1992,ELI,1992-07-12 00:00:00+00:00,17.0,115.6,55.0,980.0,13.0,275.0,451,60.0,-5.0,1992,7,12,0,0
1992188N07156,1992,ELI,1992-07-12 06:00:00+00:00,17.3,114.3,55.0,980.0,12.0,285.0,432,55.0,0.0,1992,7,12,6,0
1992188N07156,1992,ELI,1992-07-12 12:00:00+00:00,17.7,113.2,50.0,985.0,12.0,295.0,310,55.0,-5.0,1992,7,12,12,0
1992188N07156,1992,ELI,1992-07-12 18:00:00+00:00,18.3,112.0,50.0,985.0,14.0,300.0,167,50.0,0.0,1992,7,12,18,0
1992188N07156,1992,ELI,1992-07-13 00:00:00+00:00,19.2,110.6,50.0,985.0,15.0,300.0,10,50.0,0.0,1992,7,13,0,0
1992188N07156,1992,ELI,1992-07-13 06:00:00+00:00,19.9,109.3,45.0,990.0,13.0,295.0,11,50.0,-5.0,1992,7,13,6,0
1992188N07156,1992,ELI,1992-07-13 12:00:00+00:00,20.4,108.0,45.0,990.0,13.0,290.0,91,45.0,0.0,1992,7,13,12,0
1992198N13135,1992,GARY,1992-07-21 00:00:00+00:00,17.9,117.4,35.0,996.0,13.0,290.0,308,35.0,0.0,1992,7,21,0,1
1992198N13135,1992,GARY,1992-07-21 06:00:00+00:00,18.4,116.4,40.0,994.0,10.0,305.0,422,35.0,5.0,1992,7,21,6,1
1992198N13135,1992,GARY,1992-07-21 12:00:00+00:00,19.0,115.6,45.0,992.0,10.0,305.0,393,40.0,5.0,1992,7,21,12,0
1992198N13135,1992,GARY,1992-07-21 18:00:00+00:00,19.5,114.7,45.0,990.0,10.0,290.0,315,45.0,0.0,1992,7,21,18,1
1992198N13135,1992,GARY,1992-07-22 00:00:00+00:00,19.8,113.6,50.0,985.0,11.0,280.0,242,45.0,5.0,1992,7,22,0,1
1992198N13135,1992,GARY,1992-07-22 06:00:00+00:00,20.0,112.5,55.0,980.0,11.0,285.0,163,50.0,5.0,1992,7,22,6,0
1992198N13135,1992,GARY,1992-07-22 12:00:00+00:00,20.4,111.4,55.0,980.0,11.0,300.0,76,55.0,0.0,1992,7,22,12,0
1992198N13135,1992,GARY,1992-07-22 18:00:00+00:00,21.1,110.4,50.0,985.0,12.0,305.0,10,55.0,-5.0,1992,7,22,18,0
1992198N13135,1992,GARY,1992-07-23 00:00:00+00:00,21.7,109.3,45.0,990.0,13.0,300.0,0,50.0,-5.0,1992,7,23,0,0
1992273N12077,1992,UNNAMED,1992-10-01 00:00:00+00:00,17.0,67.5,25.0,1002.0,13.0,275.0,538,35.0,0.0,1992,10,1,0,1
1992273N12077,1992,UNNAMED,1992-10-01 06:00:00+00:00,17.3,66.2,30.0,1002.0,13.0,285.0,597,25.0,5.0,1992,10,1,6,1
1992273N12077,1992,UNNAMED,1992-10-01 12:00:00+00:00,17.6,65.0,35.0,998.0,11.0,280.0,664,30.0,5.0,1992,10,1,12,0
1992273N12077,1992,UNNAMED,1992-10-01 18:00:00+00:00,17.6,63.8,35.0,1000.0,11.0,270.0,634,35.0,0.0,1992,10,1,18,0
1992273N12077,1992,UNNAMED,1992-10-02 00:00:00+00:00,17.6,62.7,35.0,998.0,10.0,270.0,540,35.0,0.0,1992,10,2,0,1
1992273N12077,1992,UNNAMED,1992-10-02 06:00:00+00:00,17.7,61.7,45.0,998.0,12.0,290.0,436,35.0,10.0,1992,10,2,6,0
1992273N12077,1992,UNNAMED,1992-10-02 12:00:00+00:00,18.5,60.4,35.0,1000.0,14.0,310.0,279,45.0,-10.0,1992,10,2,12,0
1992273N12077,1992,UNNAMED,1992-10-02 18:00:00+00:00,19.4,59.5,35.0,1002.0,10.0,305.0,152,35.0,0.0,1992,10,2,18,1
1992273N12077,1992,UNNAMED,1992-10-03 00:00:00+00:00,19.7,58.5,45.0,996.0,13.0,285.0,67,35.0,10.0,1992,10,3,0,0
1992273N12077,1992,UNNAMED,1992-10-03 06:00:00+00:00,20.1,56.9,35.0,1000.0,12.0,295.0,0,45.0,-10.0,1992,10,3,6,0
1992288N10089,1992,UNNAMED,1992-10-20 12:00:00+00:00,18.7,89.0,25.0,1000.0,5.0,45.0,300,35.0,0.0,1992,10,20,12,0
1992288N10089,1992,UNNAMED,1992-10-20 18:00:00+00:00,19.1,89.4,25.0,1002.0,5.0,55.0,281,25.0,0.0,1992,10,20,18,1
1992288N10089,1992,UNNAMED,1992-10-21 00:00:00+00:00,19.4,90.0,30.0,1000.0,9.0,45.0,263,25.0,5.0,1992,10,21,0,1
1992288N10089,1992,UNNAMED,1992-10-21 06:00:00+00:00,20.2,90.8,35.0,998.0,12.0,45.0,168,30.0,5.0,1992,10,21,6,0
1992288N10089,1992,UNNAMED,1992-10-21 12:00:00+00:00,21.0,91.8,35.0,996.0,10.0,60.0,38,35.0,0.0,1992,10,21,12,0
1992288N10089,1992,UNNAMED,1992-10-21 18:00:00+00:00,21.3,92.6,35.0,998.0,12.0,65.0,0,35.0,0.0,1992,10,21,18,0
1992306N12093,1992,UNNAMED,1992-11-03 06:00:00+00:00,15.0,89.9,30.0,1000.0,3.0,305.0,474,35.0,0.0,1992,11,3,6,0
1992306N12093,1992,UNNAMED,1992-11-03 12:00:00+00:00,15.3,89.5,30.0,998.0,6.0,290.0,509,30.0,0.0,1992,11,3,12,0
1992306N12093,1992,UNNAMED,1992-11-03 18:00:00+00:00,15.4,89.0,30.0,1000.0,4.0,280.0,560,30.0,0.0,1992,11,3,18,1
1992306N12093,1992,UNNAMED,1992-11-04 00:00:00+00:00,15.5,88.7,35.0,998.0,7.0,280.0,559,30.0,5.0,1992,11,4,0,0
1992306N12093,1992,UNNAMED,1992-11-04 06:00:00+00:00,15.6,87.6,35.0,998.0,8.0,280.0,477,35.0,0.0,1992,11,4,6,0
1992306N12093,1992,UNNAMED,1992-11-04 12:00:00+00:00,15.8,87.3,35.0,998.0,2.0,300.0,439,35.0,0.0,1992,11,4,12,0
1992306N12093,1992,UNNAMED,1992-11-04 18:00:00+00:00,15.9,87.1,35.0,1000.0,4.0,300.0,416,35.0,0.0,1992,11,4,18,1
1992306N12093,1992,UNNAMED,1992-11-05 00:00:00+00:00,16.2,86.5,45.0,998.0,5.0,290.0,346,35.0,10.0,1992,11,5,0,0
1992306N12093,1992,UNNAMED,1992-11-05 06:00:00+00:00,16.2,86.1,45.0,998.0,2.0,280.0,316,45.0,0.0,1992,11,5,6,0
1992306N12093,1992,UNNAMED,1992-11-05 12:00:00+00:00,16.3,86.0,45.0,996.0,1.0,280.0,301,45.0,0.0,1992,11,5,12,0
1992306N12093,1992,UNNAMED,1992-11-05 18:00:00+00:00,16.3,85.9,45.0,998.0,3.0,295.0,294,45.0,0.0,1992,11,5,18,0
1992306N12093,1992,UNNAMED,1992-11-06 00:00:00+00:00,16.5,85.6,45.0,1000.0,3.0,290.0,256,45.0,0.0,1992,11,6,0,0
1992306N12093,1992,UNNAMED,1992-11-06 06:00:00+00:00,16.4,85.4,45.0,1000.0,1.0,240.0,253,45.0,0.0,1992,11,6,6,0
1992306N12093,1992,UNNAMED,1992-11-06 12:00:00+00:00,16.4,85.2,35.0,1000.0,4.0,270.0,242,45.0,-10.0,1992,11,6,12,0
1992306N12093,1992,UNNAMED,1992-11-06 18:00:00+00:00,16.3,84.5,30.0,1002.0,9.0,250.0,200,35.0,-5.0,1992,11,6,18,0
1992311N06107,1992,UNNAMED,1992-11-11 06:00:00+00:00,7.2,85.5,30.0,1002.0,11.0,270.0,398,35.0,0.0,1992,11,11,6,1
1992311N06107,1992,UNNAMED,1992-11-11 12:00:00+00:00,7.2,84.5,45.0,998.0,10.0,265.0,288,30.0,15.0,1992,11,11,12,0
1992311N06107,1992,UNNAMED,1992-11-11 18:00:00+00:00,7.1,83.4,45.0,998.0,10.0,255.0,166,45.0,0.0,1992,11,11,18,0
1992311N06107,1992,UNNAMED,1992-11-12 00:00:00+00:00,6.8,82.4,45.0,996.0,10.0,255.0,59,45.0,0.0,1992,11,12,0,0
1992311N06107,1992,UNNAMED,1992-11-12 06:00:00+00:00,6.7,81.4,35.0,1002.0,12.0,275.0,0,45.0,-10.0,1992,11,12,6,0
1992311N06107,1992,UNNAMED,1992-11-12 12:00:00+00:00,7.0,80.2,35.0,1000.0,10.0,280.0,0,35.0,0.0,1992,11,12,12,0
1992311N06107,1992,UNNAMED,1992-11-12 18:00:00+00:00,7.0,79.4,35.0,998.0,7.0,280.0,55,35.0,0.0,1992,11,12,18,0
1992311N06107,1992,UNNAMED,1992-11-13 00:00:00+00:00,7.3,78.8,35.0,1000.0,7.0,310.0,115,35.0,0.0,1992,11,13,0,1
1992311N06107,1992,UNNAMED,1992-11-13 06:00:00+00:00,7.9,78.3,55.0,994.0,10.0,320.0,60,35.0,20.0,1992,11,13,6,0
1992311N06107,1992,UNNAMED,1992-11-13 12:00:00+00:00,8.8,77.6,45.0,996.0,9.0,330.0,0,55.0,-10.0,1992,11,13,12,0
1992311N06107,1992,UNNAMED,1992-11-13 18:00:00+00:00,9.4,77.3,30.0,1000.0,6.0,320.0,0,45.0,-15.0,1992,11,13,18,0
1992311N06107,1992,UNNAMED,1992-11-14 00:00:00+00:00,9.9,76.8,30.0,1000.0,7.0,315.0,0,30.0,0.0,1992,11,14,0,0
1992311N06107,1992,UNNAMED,1992-11-14 06:00:00+00:00,10.4,76.4,25.0,1002.0,5.0,310.0,0,30.0,-5.0,1992,11,14,6,0
1992311N06107,1992,UNNAMED,1992-11-14 12:00:00+00:00,10.5,75.9,25.0,1002.0,5.0,280.0,21,25.0,0.0,1992,11,14,12,0
1992311N06107,1992,UNNAMED,1992-11-14 18:00:00+00:00,10.6,75.4,25.0,1004.0,5.0,285.0,59,25.0,0.0,1992,11,14,18,0
1992311N06107,1992,UNNAMED,1992-11-15 00:00:00+00:00,10.8,74.9,25.0,1002.0,6.0,310.0,109,25.0,0.0,1992,11,15,0,1
1992311N06107,1992,UNNAMED,1992-11-15 06:00:00+00:00,11.3,74.5,30.0,1000.0,6.0,335.0,109,25.0,5.0,1992,11,15,6,0
1992311N06107,1992,UNNAMED,1992-11-15 12:00:00+00:00,11.8,74.4,30.0,1000.0,5.0,355.0,88,30.0,0.0,1992,11,15,12,0
1992311N06107,1992,UNNAMED,1992-11-15 18:00:00+00:00,12.3,74.4,30.0,1002.0,5.0,355.0,63,30.0,0.0,1992,11,15,18,0
1992311N06107,1992,UNNAMED,1992-11-16 00:00:00+00:00,12.7,74.3,30.0,1000.0,3.0,0.0,55,30.0,0.0,1992,11,16,0,0
1992311N06107,1992,UNNAMED,1992-11-16 06:00:00+00:00,13.0,74.3,30.0,1002.0,5.0,0.0,54,30.0,0.0,1992,11,16,6,0
1992311N06107,1992,UNNAMED,1992-11-16 12:00:00+00:00,13.7,74.3,30.0,1000.0,5.0,360.0,39,30.0,0.0,1992,11,16,12,0
1992311N06107,1992,UNNAMED,1992-11-16 18:00:00+00:00,13.9,74.3,30.0,1002.0,3.0,0.0,24,30.0,0.0,1992,11,16,18,0
1992311N06107,1992,UNNAMED,1992-11-17 00:00:00+00:00,14.5,74.4,30.0,1000.0,5.0,10.0,0,30.0,0.0,1992,11,17,0,0
1992314N08141,1992,FORREST,1992-11-13 03:00:00+00:00,9.1,111.1,35.0,1000.0,13.0,265.0,345,35.0,0.0,1992,11,13,3,1
1992314N08141,1992,FORREST,1992-11-13 06:00:00+00:00,9.0,110.4,45.0,1000.0,14.0,265.0,308,35.0,10.0,1992,11,13,6,0
1992314N08141,1992,FORREST,1992-11-13 12:00:00+00:00,8.7,109.1,45.0,1000.0,12.0,250.0,254,45.0,0.0,1992,11,13,12,0
1992314N08141,1992,FORREST,1992-11-13 18:00:00+00:00,8.3,108.1,45.0,1000.0,10.0,245.0,227,45.0,0.0,1992,11,13,18,0
1992314N08141,1992,FORREST,1992-11-14 00:00:00+00:00,7.9,107.0,45.0,1000.0,13.0,255.0,191,45.0,0.0,1992,11,14,0,0
1992314N08141,1992,FORREST,1992-11-14 06:00:00+00:00,7.7,105.6,45.0,1000.0,15.0,270.0,127,45.0,0.0,1992,11,14,6,0
1992314N08141,1992,FORREST,1992-11-14 12:00:00+00:00,7.8,104.2,45.0,1000.0,13.0,275.0,126,45.0,0.0,1992,11,14,12,0
1992314N08141,1992,FORREST,1992-11-14 18:00:00+00:00,7.9,103.0,45.0,1000.0,11.0,275.0,197,45.0,0.0,1992,11,14,18,0
1992314N08141,1992,FORREST,1992-11-15 00:00:00+00:00,8.0,101.9,45.0,998.0,12.0,280.0,138,45.0,0.0,1992,11,15,0,0
1992314N08141,1992,FORREST,1992-11-15 06:00:00+00:00,8.2,100.6,45.0,996.0,14.0,285.0,34,45.0,0.0,1992,11,15,6,0
1992314N08141,1992,FORREST,1992-11-16 06:00:00+00:00,9.3,95.1,25.0,1004.0,11.0,280.0,354,45.0,-20.0,1992,11,16,6,0
1992314N08141,1992,FORREST,1992-11-16 12:00:00+00:00,9.5,94.0,25.0,1002.0,10.0,275.0,456,25.0,0.0,1992,11,16,12,1
1992314N08141,1992,FORREST,1992-11-16 18:00:00+00:00,9.5,93.0,30.0,1000.0,11.0,275.0,499,25.0,5.0,1992,11,16,18,1
1992314N08141,1992,FORREST,1992-11-17 00:00:00+00:00,9.6,91.8,35.0,1000.0,13.0,275.0,584,30.0,5.0,1992,11,17,0,1
1992314N08141,1992,FORREST,1992-11-17 06:00:00+00:00,9.8,90.5,45.0,996.0,11.0,285.0,700,35.0,10.0,1992,11,17,6,1
1992314N08141,1992,FORREST,1992-11-17 12:00:00+00:00,10.2,89.6,55.0,990.0,9.0,305.0,804,45.0,10.0,1992,11,17,12,1
1992314N08141,1992,FORREST,1992-11-17 18:00:00+00:00,10.8,88.9,65.0,986.0,10.0,315.0,817,55.0,10.0,1992,11,17,18,1
1992314N08141,1992,FORREST,1992-11-18 00:00:00+00:00,11.6,88.3,77.0,978.0,10.0,325.0,805,65.0,12.0,1992,11,18,0,0
1992314N08141,1992,FORREST,1992-11-18 06:00:00+00:00,12.6,87.8,77.0,976.0,12.0,345.0,742,77.0,0.0,1992,11,18,6,0
1992314N08141,1992,FORREST,1992-11-18 12:00:00+00:00,13.8,87.6,77.0,974.0,12.0,355.0,627,77.0,0.0,1992,11,18,12,0
1992314N08141,1992,FORREST,1992-11-18 18:00:00+00:00,14.8,87.6,77.0,974.0,11.0,0.0,540,77.0,0.0,1992,11,18,18,1
1992314N08141,1992,FORREST,1992-11-19 00:00:00+00:00,15.9,87.7,90.0,966.0,9.0,5.0,462,77.0,13.0,1992,11,19,0,1
1992314N08141,1992,FORREST,1992-11-19 06:00:00+00:00,16.6,87.8,102.0,952.0,8.0,30.0,408,90.0,12.0,1992,11,19,6,0
1992314N08141,1992,FORREST,1992-11-19 12:00:00+00:00,17.4,88.4,102.0,952.0,8.0,30.0,359,102.0,0.0,1992,11,19,12,0
1992314N08141,1992,FORREST,1992-11-19 18:00:00+00:00,17.9,88.6,102.0,954.0,6.0,25.0,329,102.0,0.0,1992,11,19,18,0
1992314N08141,1992,FORREST,1992-11-20 00:00:00+00:00,18.5,89.0,102.0,954.0,7.0,35.0,314,102.0,0.0,1992,11,20,0,0
1992314N08141,1992,FORREST,1992-11-20 06:00:00+00:00,19.0,89.4,102.0,956.0,7.0,45.0,292,102.0,0.0,1992,11,20,6,0
1992314N08141,1992,FORREST,1992-11-20 12:00:00+00:00,19.4,90.0,90.0,968.0,7.0,70.0,263,102.0,-12.0,1992,11,20,12,0
1992314N08141,1992,FORREST,1992-11-20 18:00:00+00:00,19.6,90.8,90.0,972.0,7.0,70.0,207,90.0,0.0,1992,11,20,18,0
1992314N08141,1992,FORREST,1992-11-21 00:00:00+00:00,19.9,91.4,90.0,972.0,7.0,70.0,137,90.0,0.0,1992,11,21,0,0
1992314N08141,1992,FORREST,1992-11-21 06:00:00+00:00,20.1,92.3,45.0,1000.0,9.0,75.0,47,90.0,-45.0,1992,11,21,6,0
1992314N08141,1992,FORREST,1992-11-21 12:00:00+00:00,20.4,93.3,35.0,1000.0,8.0,75.0,0,45.0,-10.0,1992,11,21,12,0
1993312N06079,1993,UNNAMED,1993-11-08 03:00:00+00:00,6.5,78.5,25.0,1000.0,7.0,315.0,158,35.0,0.0,1993,11,8,3,0
1993312N06079,1993,UNNAMED,1993-11-08 06:00:00+00:00,6.5,78.5,25.0,1000.0,2.0,0.0,158,25.0,0.0,1993,11,8,6,0
1993312N06079,1993,UNNAMED,1993-11-08 12:00:00+00:00,7.0,78.5,25.0,1000.0,5.0,5.0,154,25.0,0.0,1993,11,8,12,0
1993312N06079,1993,UNNAMED,1993-11-08 18:00:00+00:00,7.5,78.5,25.0,1002.0,8.0,0.0,110,25.0,0.0,1993,11,8,18,0
1993312N06079,1993,UNNAMED,1993-11-09 00:00:00+00:00,8.5,78.5,25.0,1000.0,10.0,0.0,44,25.0,0.0,1993,11,9,0,0
1993312N06079,1993,UNNAMED,1993-11-09 03:00:00+00:00,9.0,78.5,25.0,1000.0,7.0,315.0,11,25.0,0.0,1993,11,9,3,0
1993312N06079,1993,UNNAMED,1993-11-09 06:00:00+00:00,9.0,78.0,25.0,1000.0,8.0,270.0,0,25.0,0.0,1993,11,9,6,0
1993312N06079,1993,UNNAMED,1993-11-09 12:00:00+00:00,9.0,77.5,25.0,998.0,4.0,265.0,0,25.0,0.0,1993,11,9,12,0
1993312N06079,1993,UNNAMED,1993-11-09 18:00:00+00:00,9.0,77.0,25.0,1000.0,8.0,290.0,0,25.0,0.0,1993,11,9,18,0
1993316N11070,1993,UNNAMED,1993-11-12 00:00:00+00:00,11.0,69.5,15.0,1006.0,14.0,315.0,611,35.0,0.0,1993,11,12,0,1
1993316N11070,1993,UNNAMED,1993-11-12 03:00:00+00:00,11.5,69.0,25.0,1004.0,14.0,315.0,647,15.0,10.0,1993,11,12,3,0
1993316N11070,1993,UNNAMED,1993-11-12 06:00:00+00:00,12.0,68.5,25.0,1004.0,18.0,330.0,679,25.0,0.0,1993,11,12,6,1
1993316N11070,1993,UNNAMED,1993-11-12 12:00:00+00:00,14.0,67.5,30.0,1002.0,14.0,315.0,682,25.0,5.0,1993,11,12,12,0
1993316N11070,1993,UNNAMED,1993-11-12 18:00:00+00:00,14.0,66.5,30.0,1002.0,10.0,285.0,781,30.0,0.0,1993,11,12,18,1
1993316N11070,1993,UNNAMED,1993-11-13 00:00:00+00:00,15.0,65.5,35.0,1000.0,19.0,330.0,844,30.0,5.0,1993,11,13,0,1
1993316N11070,1993,UNNAMED,1993-11-13 03:00:00+00:00,16.0,65.0,45.0,1000.0,19.0,325.0,791,35.0,10.0,1993,11,13,3,0
1993316N11070,1993,UNNAMED,1993-11-13 06:00:00+00:00,16.5,64.4,45.0,1000.0,13.0,325.0,752,45.0,0.0,1993,11,13,6,0
1993316N11070,1993,UNNAMED,1993-11-13 12:00:00+00:00,17.5,64.2,45.0,998.0,10.0,350.0,673,45.0,0.0,1993,11,13,12,0
1993316N11070,1993,UNNAMED,1993-11-13 18:00:00+00:00,18.5,64.0,45.0,1000.0,10.0,360.0,588,45.0,0.0,1993,11,13,18,0
1993316N11070,1993,UNNAMED,1993-11-14 00:00:00+00:00,19.4,64.1,45.0,1000.0,10.0,5.0,545,45.0,0.0,1993,11,14,0,0
1993316N11070,1993,UNNAMED,1993-11-14 03:00:00+00:00,19.9,64.1,45.0,998.0,6.0,10.0,514,45.0,0.0,1993,11,14,3,1
1993316N11070,1993,UNNAMED,1993-11-14 06:00:00+00:00,20.0,64.2,55.0,992.0,4.0,20.0,518,45.0,10.0,1993,11,14,6,1
1993316N11070,1993,UNNAMED,1993-11-14 12:00:00+00:00,20.6,64.4,65.0,986.0,9.0,30.0,486,55.0,10.0,1993,11,14,12,0
1993316N11070,1993,UNNAMED,1993-11-14 18:00:00+00:00,21.5,65.3,65.0,988.0,13.0,50.0,348,65.0,0.0,1993,11,14,18,0
1993316N11070,1993,UNNAMED,1993-11-15 00:00:00+00:00,22.4,66.5,55.0,998.0,16.0,40.0,192,65.0,-10.0,1993,11,15,0,0
1993316N11070,1993,UNNAMED,1993-11-15 03:00:00+00:00,23.1,66.9,45.0,1002.0,10.0,35.0,105,55.0,-10.0,1993,11,15,3,0
1993316N11070,1993,UNNAMED,1993-11-15 06:00:00+00:00,23.2,67.0,35.0,1004.0,2.0,70.0,90,45.0,-10.0,1993,11,15,6,0
1993316N11070,1993,UNNAMED,1993-11-15 12:00:00+00:00,23.2,67.3,30.0,1004.0,2.0,90.0,73,35.0,-5.0,1993,11,15,12,0
1993316N11070,1993,UNNAMED,1993-11-15 18:00:00+00:00,23.2,67.5,30.0,1004.0,2.0,115.0,67,30.0,0.0,1993,11,15,18,0
1993331N07108,1993,UNNAMED,1993-12-01 03:00:00+00:00,8.1,89.8,15.0,1004.0,3.0,220.0,659,35.0,0.0,1993,12,1,3,1
1993331N07108,1993,UNNAMED,1993-12-01 06:00:00+00:00,7.8,89.7,25.0,1002.0,6.0,245.0,656,15.0,10.0,1993,12,1,6,1
1993331N07108,1993,UNNAMED,1993-12-01 12:00:00+00:00,8.2,88.6,30.0,1000.0,13.0,290.0,751,25.0,5.0,1993,12,1,12,0
1993331N07108,1993,UNNAMED,1993-12-01 18:00:00+00:00,8.3,87.7,30.0,1002.0,7.0,275.0,655,30.0,0.0,1993,12,1,18,0
1993331N07108,1993,UNNAMED,1993-12-02 00:00:00+00:00,8.4,87.1,30.0,1002.0,8.0,275.0,590,30.0,0.0,1993,12,2,0,0
1993331N07108,1993,UNNAMED,1993-12-02 03:00:00+00:00,8.4,86.6,30.0,1000.0,9.0,290.0,536,30.0,0.0,1993,12,2,3,0
1993331N07108,1993,UNNAMED,1993-12-02 06:00:00+00:00,8.7,86.2,30.0,1002.0,10.0,300.0,500,30.0,0.0,1993,12,2,6,1
1993331N07108,1993,UNNAMED,1993-12-02 12:00:00+00:00,9.0,85.3,45.0,996.0,7.0,280.0,416,30.0,15.0,1993,12,2,12,0
1993331N07108,1993,UNNAMED,1993-12-02 18:00:00+00:00,9.0,84.7,45.0,996.0,6.0,285.0,355,45.0,0.0,1993,12,2,18,0
1993331N07108,1993,UNNAMED,1993-12-03 00:00:00+00:00,9.3,84.0,45.0,994.0,11.0,280.0,301,45.0,0.0,1993,12,3,0,1
1993331N07108,1993,UNNAMED,1993-12-03 03:00:00+00:00,9.3,83.2,55.0,988.0,11.0,275.0,222,45.0,10.0,1993,12,3,3,0
1993331N07108,1993,UNNAMED,1993-12-03 06:00:00+00:00,9.4,82.8,55.0,988.0,9.0,285.0,190,55.0,0.0,1993,12,3,6,1
1993331N07108,1993,UNNAMED,1993-12-03 12:00:00+00:00,9.8,81.9,65.0,982.0,9.0,300.0,133,55.0,10.0,1993,12,3,12,0
1993331N07108,1993,UNNAMED,1993-12-03 18:00:00+00:00,10.2,81.3,65.0,982.0,7.0,305.0,114,65.0,0.0,1993,12,3,18,1
1993331N07108,1993,UNNAMED,1993-12-04 00:00:00+00:00,10.7,80.6,77.0,976.0,11.0,300.0,76,65.0,12.0,1993,12,4,0,0
1993331N07108,1993,UNNAMED,1993-12-04 03:00:00+00:00,10.9,80.0,77.0,976.0,15.0,300.0,10,77.0,0.0,1993,12,4,3,1
1993331N07108,1993,UNNAMED,1993-12-04 06:00:00+00:00,11.4,79.3,90.0,968.0,14.0,300.0,0,77.0,13.0,1993,12,4,6,0
1993331N07108,1993,UNNAMED,1993-12-04 12:00:00+00:00,11.9,78.5,30.0,998.0,9.0,305.0,0,90.0,-60.0,1993,12,4,12,0
1993336N05164,1993,MANNY,1993-12-05 00:00:00+00:00,8.8,140.7,35.0,996.0,18.0,290.0,1197,35.0,0.0,1993,12,5,0,1
1993336N05164,1993,MANNY,1993-12-05 06:00:00+00:00,9.4,139.0,45.0,990.0,18.0,290.0,1192,35.0,10.0,1993,12,5,6,1
1993336N05164,1993,MANNY,1993-12-05 12:00:00+00:00,10.0,137.4,55.0,985.0,18.0,290.0,1215,45.0,10.0,1993,12,5,12,0
1993336N05164,1993,MANNY,1993-12-05 18:00:00+00:00,10.6,135.6,55.0,980.0,17.0,295.0,1039,55.0,0.0,1993,12,5,18,0
1993336N05164,1993,MANNY,1993-12-06 00:00:00+00:00,11.5,134.3,55.0,980.0,15.0,310.0,923,55.0,0.0,1993,12,6,0,0
1993336N05164,1993,MANNY,1993-12-06 06:00:00+00:00,12.5,133.3,55.0,980.0,14.0,315.0,834,55.0,0.0,1993,12,6,6,0
1993336N05164,1993,MANNY,1993-12-06 12:00:00+00:00,13.4,132.2,55.0,980.0,13.0,305.0,739,55.0,0.0,1993,12,6,12,0
1993336N05164,1993,MANNY,1993-12-06 18:00:00+00:00,14.1,131.2,55.0,980.0,11.0,310.0,653,55.0,0.0,1993,12,6,18,0
1993336N05164,1993,MANNY,1993-12-07 00:00:00+00:00,14.8,130.4,55.0,980.0,9.0,320.0,604,55.0,0.0,1993,12,7,0,0
1993336N05164,1993,MANNY,1993-12-07 06:00:00+00:00,15.5,129.9,55.0,980.0,7.0,330.0,601,55.0,0.0,1993,12,7,6,0
1993336N05164,1993,MANNY,1993-12-07 12:00:00+00:00,16.0,129.7,55.0,980.0,5.0,345.0,616,55.0,0.0,1993,12,7,12,1
1993336N05164,1993,MANNY,1993-12-07 18:00:00+00:00,16.5,129.7,60.0,975.0,4.0,20.0,639,55.0,5.0,1993,12,7,18,0
1993336N05164,1993,MANNY,1993-12-08 00:00:00+00:00,16.7,129.9,60.0,975.0,3.0,105.0,668,60.0,0.0,1993,12,8,0,0
1993336N05164,1993,MANNY,1993-12-08 06:00:00+00:00,16.3,130.1,60.0,975.0,4.0,175.0,668,60.0,0.0,1993,12,8,6,0
1993336N05164,1993,MANNY,1993-12-08 12:00:00+00:00,15.9,130.0,60.0,975.0,6.0,215.0,638,60.0,0.0,1993,12,8,12,0
1993336N05164,1993,MANNY,1993-12-08 18:00:00+00:00,15.3,129.5,60.0,975.0,10.0,225.0,554,60.0,0.0,1993,12,8,18,1
1993336N05164,1993,MANNY,1993-12-09 00:00:00+00:00,14.6,128.6,65.0,970.0,12.0,230.0,429,60.0,5.0,1993,12,9,0,1
1993336N05164,1993,MANNY,1993-12-09 06:00:00+00:00,13.9,127.6,75.0,960.0,12.0,240.0,296,65.0,10.0,1993,12,9,6,0
1993336N05164,1993,MANNY,1993-12-09 12:00:00+00:00,13.4,126.4,75.0,955.0,13.0,245.0,163,75.0,0.0,1993,12,9,12,0
1993336N05164,1993,MANNY,1993-12-09 18:00:00+00:00,12.9,125.1,75.0,960.0,13.0,250.0,44,75.0,0.0,1993,12,9,18,0
1993336N05164,1993,MANNY,1993-12-10 00:00:00+00:00,12.5,124.0,65.0,970.0,11.0,260.0,0,75.0,-10.0,1993,12,10,0,0
1993336N05164,1993,MANNY,1993-12-10 06:00:00+00:00,12.5,123.0,55.0,980.0,9.0,265.0,32,65.0,-10.0,1993,12,10,6,0
1993336N05164,1993,MANNY,1993-12-10 12:00:00+00:00,12.4,122.1,50.0,985.0,8.0,260.0,58,55.0,-5.0,1993,12,10,12,0
1993336N05164,1993,MANNY,1993-12-10 18:00:00+00:00,12.2,121.3,45.0,990.0,8.0,255.0,10,50.0,-5.0,1993,12,10,18,0
1993336N05164,1993,MANNY,1993-12-11 00:00:00+00:00,11.9,120.5,40.0,994.0,8.0,250.0,69,45.0,-5.0,1993,12,11,0,0
1993336N05164,1993,MANNY,1993-12-11 06:00:00+00:00,11.6,119.7,35.0,996.0,9.0,245.0,35,40.0,-5.0,1993,12,11,6,0
1993336N05164,1993,MANNY,1993-12-11 12:00:00+00:00,11.3,118.8,35.0,996.0,9.0,245.0,66,35.0,0.0,1993,12,11,12,0
1993336N05164,1993,MANNY,1993-12-11 18:00:00+00:00,11.0,118.0,35.0,996.0,8.0,255.0,133,35.0,0.0,1993,12,11,18,0
1993336N05164,1993,MANNY,1993-12-12 00:00:00+00:00,10.9,117.2,35.0,996.0,7.0,265.0,195,35.0,0.0,1993,12,12,0,0
1993336N05164,1993,MANNY,1993-12-13 06:00:00+00:00,10.9,113.4,35.0,996.0,8.0,265.0,461,35.0,0.0,1993,12,13,6,0
1993336N05164,1993,MANNY,1993-12-13 12:00:00+00:00,10.8,112.6,35.0,996.0,9.0,260.0,380,35.0,0.0,1993,12,13,12,0
1993336N05164,1993,MANNY,1993-12-13 18:00:00+00:00,10.6,111.6,35.0,996.0,11.0,255.0,289,35.0,0.0,1993,12,13,18,0
1993353N09084,1993,UNNAMED,1993-12-19 00:00:00+00:00,8.5,83.5,25.0,1008.0,0.0,0.0,212,35.0,0.0,1993,12,19,0,0
1993353N09084,1993,UNNAMED,1993-12-19 03:00:00+00:00,8.5,83.5,25.0,1008.0,11.0,295.0,212,25.0,0.0,1993,12,19,3,0
1993353N09084,1993,UNNAMED,1993-12-19 06:00:00+00:00,9.0,82.5,25.0,1008.0,16.0,300.0,138,25.0,0.0,1993,12,19,6,1
1993353N09084,1993,UNNAMED,1993-12-19 12:00:00+00:00,9.5,82.0,30.0,1006.0,8.0,305.0,125,25.0,5.0,1993,12,19,12,0
1993353N09084,1993,UNNAMED,1993-12-19 18:00:00+00:00,10.0,81.0,30.0,1008.0,9.0,300.0,78,30.0,0.0,1993,12,19,18,0
1993353N09084,1993,UNNAMED,1993-12-20 00:00:00+00:00,10.5,80.5,25.0,1008.0,8.0,350.0,65,30.0,-5.0,1993,12,20,0,0
1993353N09084,1993,UNNAMED,1993-12-20 03:00:00+00:00,11.0,80.5,25.0,1008.0,5.0,0.0,65,25.0,0.0,1993,12,20,3,0
1993353N09084,1993,UNNAMED,1993-12-20 06:00:00+00:00,11.0,80.5,25.0,1008.0,0.0,0.0,65,25.0,0.0,1993,12,20,6,0
1993353N09084,1993,UNNAMED,1993-12-20 09:00:00+00:00,11.0,80.5,25.0,1008.0,5.0,270.0,65,25.0,0.0,1993,12,20,9,0
1994117N07096,1994,UNNAMED,1994-04-29 00:00:00+00:00,9.2,91.3,25.0,1002.0,2.0,300.0,589,35.0,0.0,1994,4,29,0,1
1994117N07096,1994,UNNAMED,1994-04-29 03:00:00+00:00,9.4,91.1,30.0,1001.0,4.0,315.0,621,25.0,5.0,1994,4,29,3,0
1994117N07096,1994,UNNAMED,1994-04-29 06:00:00+00:00,9.5,91.0,30.0,1001.0,5.0,335.0,636,30.0,0.0,1994,4,29,6,1
1994117N07096,1994,UNNAMED,1994-04-29 12:00:00+00:00,10.1,90.8,35.0,998.0,6.0,340.0,699,30.0,5.0,1994,4,29,12,1
1994117N07096,1994,UNNAMED,1994-04-29 18:00:00+00:00,10.5,90.6,45.0,994.0,5.0,345.0,712,35.0,10.0,1994,4,29,18,0
1994117N07096,1994,UNNAMED,1994-04-30 00:00:00+00:00,11.1,90.5,45.0,994.0,5.0,345.0,674,45.0,0.0,1994,4,30,0,0
1994117N07096,1994,UNNAMED,1994-04-30 03:00:00+00:00,11.3,90.4,45.0,994.0,7.0,345.0,664,45.0,0.0,1994,4,30,3,0
1994117N07096,1994,UNNAMED,1994-04-30 06:00:00+00:00,11.7,90.4,45.0,994.0,7.0,355.0,630,45.0,0.0,1994,4,30,6,1
1994117N07096,1994,UNNAMED,1994-04-30 12:00:00+00:00,12.3,90.4,55.0,988.0,7.0,355.0,582,45.0,10.0,1994,4,30,12,0
1994117N07096,1994,UNNAMED,1994-04-30 18:00:00+00:00,13.2,90.2,55.0,988.0,8.0,355.0,532,55.0,0.0,1994,4,30,18,1
1994117N07096,1994,UNNAMED,1994-05-01 00:00:00+00:00,14.0,90.2,60.0,986.0,9.0,0.0,484,55.0,5.0,1994,5,1,0,0
1994117N07096,1994,UNNAMED,1994-05-01 03:00:00+00:00,14.4,90.2,60.0,986.0,13.0,5.0,465,60.0,0.0,1994,5,1,3,0
1994117N07096,1994,UNNAMED,1994-05-01 06:00:00+00:00,15.2,90.3,60.0,986.0,14.0,10.0,427,60.0,0.0,1994,5,1,6,1
1994117N07096,1994,UNNAMED,1994-05-01 12:00:00+00:00,16.3,90.6,77.0,972.0,10.0,10.0,386,60.0,17.0,1994,5,1,12,1
1994117N07096,1994,UNNAMED,1994-05-01 18:00:00+00:00,17.3,90.8,90.0,962.0,13.0,15.0,360,77.0,13.0,1994,5,1,18,1
1994117N07096,1994,UNNAMED,1994-05-02 00:00:00+00:00,18.6,91.3,102.0,952.0,12.0,20.0,237,90.0,12.0,1994,5,2,0,0
1994117N07096,1994,UNNAMED,1994-05-02 03:00:00+00:00,19.1,91.4,102.0,952.0,11.0,20.0,191,102.0,0.0,1994,5,2,3,0
1994117N07096,1994,UNNAMED,1994-05-02 06:00:00+00:00,19.6,91.6,102.0,948.0,11.0,20.0,139,102.0,0.0,1994,5,2,6,1
1994157N17074,1994,UNNAMED,1994-06-05 12:00:00+00:00,16.6,73.7,15.0,994.0,9.0,290.0,0,35.0,0.0,1994,6,5,12,1
1994157N17074,1994,UNNAMED,1994-06-05 18:00:00+00:00,16.9,72.9,25.0,992.0,8.0,285.0,42,15.0,10.0,1994,6,5,18,0
1994157N17074,1994,UNNAMED,1994-06-06 00:00:00+00:00,17.2,72.1,25.0,992.0,13.0,310.0,115,25.0,0.0,1994,6,6,0,1
1994157N17074,1994,UNNAMED,1994-06-06 03:00:00+00:00,17.8,71.4,30.0,991.0,12.0,305.0,164,25.0,5.0,1994,6,6,3,0
1994157N17074,1994,UNNAMED,1994-06-06 06:00:00+00:00,17.9,71.1,30.0,990.0,10.0,285.0,193,30.0,0.0,1994,6,6,6,1
1994157N17074,1994,UNNAMED,1994-06-06 12:00:00+00:00,18.3,69.7,35.0,988.0,14.0,290.0,292,30.0,5.0,1994,6,6,12,0
1994157N17074,1994,UNNAMED,1994-06-06 18:00:00+00:00,18.9,68.4,35.0,988.0,14.0,290.0,309,35.0,0.0,1994,6,6,18,0
1994157N17074,1994,UNNAMED,1994-06-07 00:00:00+00:00,19.2,66.9,35.0,988.0,15.0,275.0,396,35.0,0.0,1994,6,7,0,0
1994157N17074,1994,UNNAMED,1994-06-07 03:00:00+00:00,19.2,66.1,35.0,988.0,17.0,270.0,452,35.0,0.0,1994,6,7,3,1
1994157N17074,1994,UNNAMED,1994-06-07 06:00:00+00:00,19.2,65.0,45.0,986.0,16.0,270.0,533,35.0,10.0,1994,6,7,6,1
1994157N17074,1994,UNNAMED,1994-06-07 12:00:00+00:00,19.2,64.0,55.0,980.0,9.0,270.0,548,45.0,10.0,1994,6,7,12,0
1994157N17074,1994,UNNAMED,1994-06-07 18:00:00+00:00,19.2,63.0,45.0,984.0,9.0,275.0,457,55.0,-10.0,1994,6,7,18,0
1994157N17074,1994,UNNAMED,1994-06-08 00:00:00+00:00,19.3,62.1,35.0,988.0,8.0,275.0,374,45.0,-10.0,1994,6,8,0,0
1994157N17074,1994,UNNAMED,1994-06-08 03:00:00+00:00,19.3,61.7,35.0,988.0,5.0,280.0,343,35.0,0.0,1994,6,8,3,0
1994157N17074,1994,UNNAMED,1994-06-08 06:00:00+00:00,19.4,61.6,35.0,988.0,4.0,290.0,327,35.0,0.0,1994,6,8,6,0
1994157N17074,1994,UNNAMED,1994-06-08 12:00:00+00:00,19.6,61.0,30.0,990.0,6.0,280.0,268,35.0,-5.0,1994,6,8,12,0
1994157N17074,1994,UNNAMED,1994-06-08 18:00:00+00:00,19.7,60.4,30.0,990.0,6.0,280.0,209,30.0,0.0,1994,6,8,18,0
1994157N17074,1994,UNNAMED,1994-06-09 00:00:00+00:00,19.8,59.8,25.0,990.0,7.0,280.0,151,30.0,-5.0,1994,6,9,0,0
1994157N17074,1994,UNNAMED,1994-06-09 03:00:00+00:00,19.8,59.3,25.0,990.0,8.0,295.0,107,25.0,0.0,1994,6,9,3,0
1994157N17074,1994,UNNAMED,1994-06-09 06:00:00+00:00,20.1,58.9,25.0,990.0,8.0,305.0,53,25.0,0.0,1994,6,9,6,0
1994206N22107,1994,AMY,1994-07-29 00:00:00+00:00,19.8,108.5,35.0,994.0,7.0,205.0,49,35.0,0.0,1994,7,29,0,1
1994206N22107,1994,AMY,1994-07-29 06:00:00+00:00,19.0,108.2,45.0,985.0,5.0,175.0,52,35.0,10.0,1994,7,29,6,0
1994206N22107,1994,AMY,1994-07-29 12:00:00+00:00,18.8,108.4,40.0,990.0,2.0,95.0,31,45.0,-5.0,1994,7,29,12,0
1994206N22107,1994,AMY,1994-07-29 18:00:00+00:00,18.9,108.5,40.0,990.0,3.0,285.0,21,40.0,0.0,1994,7,29,18,0
1994206N22107,1994,AMY,1994-07-30 00:00:00+00:00,19.0,107.8,35.0,990.0,6.0,285.0,90,40.0,-5.0,1994,7,30,0,0
1994206N22107,1994,AMY,1994-07-30 06:00:00+00:00,19.3,107.3,35.0,992.0,6.0,300.0,130,35.0,0.0,1994,7,30,6,0
1994206N22107,1994,AMY,1994-07-30 12:00:00+00:00,19.6,106.6,35.0,992.0,9.0,280.0,61,35.0,0.0,1994,7,30,12,0
1994302N11086,1994,UNNAMED,1994-10-29 03:00:00+00:00,11.1,84.8,25.0,1006.0,6.0,225.0,477,35.0,0.0,1994,10,29,3,0
1994302N11086,1994,UNNAMED,1994-10-29 06:00:00+00:00,11.0,84.5,25.0,1004.0,4.0,265.0,444,25.0,0.0,1994,10,29,6,1
1994302N11086,1994,UNNAMED,1994-10-29 12:00:00+00:00,11.0,84.3,30.0,1003.0,4.0,300.0,433,25.0,5.0,1994,10,29,12,0
1994302N11086,1994,UNNAMED,1994-10-29 18:00:00+00:00,11.4,83.7,30.0,1005.0,7.0,295.0,395,30.0,0.0,1994,10,29,18,0
1994302N11086,1994,UNNAMED,1994-10-30 00:00:00+00:00,11.7,82.9,30.0,1004.0,12.0,290.0,307,30.0,0.0,1994,10,30,0,1
1994302N11086,1994,UNNAMED,1994-10-30 03:00:00+00:00,11.9,82.2,35.0,1002.0,12.0,290.0,227,30.0,5.0,1994,10,30,3,1
1994302N11086,1994,UNNAMED,1994-10-30 06:00:00+00:00,12.0,81.8,45.0,1000.0,8.0,285.0,179,35.0,10.0,1994,10,30,6,1
1994302N11086,1994,UNNAMED,1994-10-30 12:00:00+00:00,12.2,81.2,55.0,992.0,6.0,290.0,113,45.0,10.0,1994,10,30,12,1
1994302N11086,1994,UNNAMED,1994-10-30 18:00:00+00:00,12.5,80.6,60.0,990.0,6.0,305.0,43,55.0,5.0,1994,10,30,18,0
1994302N11086,1994,UNNAMED,1994-10-31 00:00:00+00:00,12.9,80.2,60.0,988.0,6.0,310.0,0,60.0,0.0,1994,10,31,0,0
1994302N11086,1994,UNNAMED,1994-10-31 03:00:00+00:00,13.1,79.9,55.0,995.0,8.0,310.0,0,60.0,-5.0,1994,10,31,3,0
1994302N11086,1994,UNNAMED,1994-10-31 06:00:00+00:00,13.5,79.6,35.0,995.0,9.0,310.0,0,55.0,-20.0,1994,10,31,6,0
1994317N07070,1994,UNNAMED,1994-11-15 00:00:00+00:00,10.2,66.2,15.0,1006.0,7.0,235.0,981,35.0,0.0,1994,11,15,0,1
1994317N07070,1994,UNNAMED,1994-11-15 03:00:00+00:00,9.8,65.8,25.0,1004.0,7.0,220.0,1037,15.0,10.0,1994,11,15,3,0
1994317N07070,1994,UNNAMED,1994-11-15 06:00:00+00:00,9.6,65.7,25.0,1006.0,4.0,225.0,1055,25.0,0.0,1994,11,15,6,0
1994317N07070,1994,UNNAMED,1994-11-15 12:00:00+00:00,9.5,65.5,25.0,1006.0,3.0,260.0,1080,25.0,0.0,1994,11,15,12,0
1994317N07070,1994,UNNAMED,1994-11-15 18:00:00+00:00,9.4,65.0,25.0,1006.0,4.0,275.0,1131,25.0,0.0,1994,11,15,18,0
1994317N07070,1994,UNNAMED,1994-11-16 00:00:00+00:00,9.5,64.6,25.0,1006.0,6.0,265.0,1156,25.0,0.0,1994,11,16,0,1
1994317N07070,1994,UNNAMED,1994-11-16 03:00:00+00:00,9.4,64.2,30.0,1004.0,5.0,250.0,1118,25.0,5.0,1994,11,16,3,0
1994317N07070,1994,UNNAMED,1994-11-16 06:00:00+00:00,9.4,64.1,30.0,1002.0,3.0,240.0,1108,30.0,0.0,1994,11,16,6,1
1994317N07070,1994,UNNAMED,1994-11-16 12:00:00+00:00,9.3,63.9,35.0,1000.0,3.0,255.0,1091,30.0,5.0,1994,11,16,12,1
1994317N07070,1994,UNNAMED,1994-11-16 18:00:00+00:00,9.2,63.6,40.0,998.0,4.0,270.0,1064,35.0,5.0,1994,11,16,18,0
1994317N07070,1994,UNNAMED,1994-11-17 00:00:00+00:00,9.2,63.0,40.0,998.0,8.0,245.0,1003,40.0,0.0,1994,11,17,0,0
1994317N07070,1994,UNNAMED,1994-11-17 03:00:00+00:00,8.9,62.6,40.0,998.0,11.0,255.0,977,40.0,0.0,1994,11,17,3,0
1994317N07070,1994,UNNAMED,1994-11-17 06:00:00+00:00,8.9,61.9,35.0,998.0,12.0,265.0,908,40.0,-5.0,1994,11,17,6,0
1994317N07070,1994,UNNAMED,1994-11-17 12:00:00+00:00,8.6,61.0,35.0,998.0,8.0,245.0,840,35.0,0.0,1994,11,17,12,0
1994317N07070,1994,UNNAMED,1994-11-17 18:00:00+00:00,8.3,60.4,35.0,998.0,7.0,255.0,805,35.0,0.0,1994,11,17,18,1
1994317N07070,1994,UNNAMED,1994-11-18 00:00:00+00:00,8.2,59.7,40.0,998.0,6.0,265.0,752,35.0,5.0,1994,11,18,0,0
1994317N07070,1994,UNNAMED,1994-11-18 03:00:00+00:00,8.2,59.4,40.0,998.0,15.0,270.0,728,40.0,0.0,1994,11,18,3,0
1994317N07070,1994,UNNAMED,1994-11-18 06:00:00+00:00,8.2,58.1,40.0,998.0,20.0,270.0,630,40.0,0.0,1994,11,18,6,0
1994317N07070,1994,UNNAMED,1994-11-18 12:00:00+00:00,8.1,57.0,40.0,998.0,8.0,265.0,573,40.0,0.0,1994,11,18,12,1
1994317N07070,1994,UNNAMED,1994-11-18 18:00:00+00:00,8.1,56.1,45.0,996.0,13.0,270.0,523,40.0,5.0,1994,11,18,18,1
1994317N07070,1994,UNNAMED,1994-11-19 00:00:00+00:00,8.0,54.4,55.0,990.0,15.0,270.0,425,45.0,10.0,1994,11,19,0,1
1994317N07070,1994,UNNAMED,1994-11-19 03:00:00+00:00,8.0,53.8,65.0,984.0,15.0,270.0,365,55.0,10.0,1994,11,19,3,0
1994317N07070,1994,UNNAMED,1994-11-19 06:00:00+00:00,8.0,52.9,65.0,984.0,18.0,270.0,276,65.0,0.0,1994,11,19,6,0
1994317N07070,1994,UNNAMED,1994-11-19 12:00:00+00:00,7.9,51.1,55.0,990.0,14.0,270.0,115,65.0,-10.0,1994,11,19,12,0
1994317N07070,1994,UNNAMED,1994-11-19 18:00:00+00:00,7.8,50.1,45.0,994.0,10.0,265.0,24,55.0,-10.0,1994,11,19,18,0
1994317N07070,1994,UNNAMED,1994-11-20 00:00:00+00:00,7.8,48.9,35.0,996.0,14.0,265.0,0,45.0,-10.0,1994,11,20,0,0
1995126N11081,1995,UNNAMED,1995-05-05 21:00:00+00:00,11.0,80.5,25.0,998.0,10.0,0.0,65,35.0,0.0,1995,5,5,21,0
1995126N11081,1995,UNNAMED,1995-05-06 00:00:00+00:00,11.5,80.5,25.0,998.0,5.0,0.0,73,25.0,0.0,1995,5,6,0,0
1995126N11081,1995,UNNAMED,1995-05-06 03:00:00+00:00,11.5,80.5,25.0,998.0,0.0,0.0,73,25.0,0.0,1995,5,6,3,0
1995126N11081,1995,UNNAMED,1995-05-06 06:00:00+00:00,11.5,80.5,25.0,997.0,5.0,270.0,73,25.0,0.0,1995,5,6,6,1
1995128N15082,1995,UNNAMED,1995-05-08 09:00:00+00:00,14.5,81.5,25.0,998.0,10.0,0.0,140,35.0,0.0,1995,5,8,9,0
1995128N15082,1995,UNNAMED,1995-05-08 12:00:00+00:00,15.0,81.5,25.0,998.0,8.0,0.0,101,25.0,0.0,1995,5,8,12,0
1995128N15082,1995,UNNAMED,1995-05-08 18:00:00+00:00,15.5,81.5,25.0,998.0,2.0,295.0,61,25.0,0.0,1995,5,8,18,0
1995128N15082,1995,UNNAMED,1995-05-09 00:00:00+00:00,15.5,81.5,25.0,998.0,13.0,65.0,61,25.0,0.0,1995,5,9,0,0
1995128N15082,1995,UNNAMED,1995-05-09 03:00:00+00:00,16.0,82.5,25.0,998.0,14.0,45.0,70,25.0,0.0,1995,5,9,3,0
1995128N15082,1995,UNNAMED,1995-05-09 06:00:00+00:00,16.5,82.5,25.0,997.0,5.0,0.0,24,25.0,0.0,1995,5,9,6,1
1995128N15082,1995,UNNAMED,1995-05-09 09:00:00+00:00,16.5,82.5,30.0,996.0,0.0,0.0,24,25.0,5.0,1995,5,9,9,0
1995135N20087,1995,UNNAMED,1995-05-14 18:00:00+00:00,19.5,86.5,25.0,998.0,5.0,35.0,56,35.0,0.0,1995,5,14,18,0
1995135N20087,1995,UNNAMED,1995-05-15 00:00:00+00:00,20.0,86.8,25.0,997.0,9.0,20.0,35,25.0,0.0,1995,5,15,0,1
1995135N20087,1995,UNNAMED,1995-05-15 03:00:00+00:00,20.5,87.0,30.0,996.0,11.0,25.0,15,25.0,5.0,1995,5,15,3,0
1995135N20087,1995,UNNAMED,1995-05-15 06:00:00+00:00,21.0,87.3,30.0,996.0,9.0,25.0,38,30.0,0.0,1995,5,15,6,0
1995135N20087,1995,UNNAMED,1995-05-15 12:00:00+00:00,21.5,87.5,30.0,996.0,3.0,60.0,15,30.0,0.0,1995,5,15,12,0
1995135N20087,1995,UNNAMED,1995-05-15 18:00:00+00:00,21.5,88.0,30.0,996.0,6.0,65.0,23,30.0,0.0,1995,5,15,18,0
1995135N20087,1995,UNNAMED,1995-05-16 00:00:00+00:00,22.0,88.5,30.0,996.0,3.0,40.0,0,30.0,0.0,1995,5,16,0,0
1995233N16115,1995,LOIS,1995-08-26 06:00:00+00:00,17.6,114.3,35.0,994.0,6.0,265.0,413,35.0,0.0,1995,8,26,6,1
1995233N16115,1995,LOIS,1995-08-26 12:00:00+00:00,17.5,113.6,40.0,990.0,7.0,255.0,358,35.0,5.0,1995,8,26,12,1
1995233N16115,1995,LOIS,1995-08-26 18:00:00+00:00,17.3,113.0,45.0,985.0,5.0,255.0,313,40.0,5.0,1995,8,26,18,0
1995233N16115,1995,LOIS,1995-08-27 00:00:00+00:00,17.3,112.5,45.0,985.0,5.0,280.0,269,45.0,0.0,1995,8,27,0,1
1995233N16115,1995,LOIS,1995-08-27 06:00:00+00:00,17.4,111.9,50.0,980.0,6.0,290.0,215,45.0,5.0,1995,8,27,6,0
1995233N16115,1995,LOIS,1995-08-27 12:00:00+00:00,17.7,111.3,50.0,980.0,6.0,295.0,146,50.0,0.0,1995,8,27,12,0
1995233N16115,1995,LOIS,1995-08-27 18:00:00+00:00,18.0,110.8,50.0,980.0,6.0,310.0,88,50.0,0.0,1995,8,27,18,0
1995233N16115,1995,LOIS,1995-08-28 00:00:00+00:00,18.4,110.3,50.0,980.0,7.0,295.0,23,50.0,0.0,1995,8,28,0,0
1995233N16115,1995,LOIS,1995-08-28 06:00:00+00:00,18.6,109.5,50.0,980.0,7.0,285.0,0,50.0,0.0,1995,8,28,6,0
1995233N16115,1995,LOIS,1995-08-28 12:00:00+00:00,18.8,108.8,50.0,980.0,7.0,290.0,0,50.0,0.0,1995,8,28,12,0
1995233N16115,1995,LOIS,1995-08-28 18:00:00+00:00,19.0,108.2,50.0,980.0,6.0,280.0,52,50.0,0.0,1995,8,28,18,0
1995233N16115,1995,LOIS,1995-08-29 00:00:00+00:00,19.1,107.6,50.0,980.0,6.0,280.0,107,50.0,0.0,1995,8,29,0,0
1995233N16115,1995,LOIS,1995-08-29 06:00:00+00:00,19.2,107.0,50.0,980.0,6.0,285.0,122,50.0,0.0,1995,8,29,6,0
1995233N16115,1995,LOIS,1995-08-29 12:00:00+00:00,19.3,106.4,45.0,985.0,7.0,270.0,62,50.0,-5.0,1995,8,29,12,0
1995233N16115,1995,LOIS,1995-08-29 18:00:00+00:00,19.2,105.5,45.0,985.0,9.0,255.0,0,45.0,0.0,1995,8,29,18,0
1995233N16115,1995,LOIS,1995-08-30 00:00:00+00:00,18.9,104.6,40.0,992.0,9.0,245.0,0,45.0,-5.0,1995,8,30,0,0
1995255N14104,1995,UNNAMED,1995-09-15 21:00:00+00:00,19.6,89.5,25.0,998.0,3.0,270.0,227,35.0,0.0,1995,9,15,21,0
1995255N14104,1995,UNNAMED,1995-09-16 00:00:00+00:00,19.7,89.2,25.0,998.0,6.0,305.0,212,25.0,0.0,1995,9,16,0,0
1995255N14104,1995,UNNAMED,1995-09-16 06:00:00+00:00,20.1,88.8,25.0,998.0,9.0,325.0,156,25.0,0.0,1995,9,16,6,0
1995255N14104,1995,UNNAMED,1995-09-16 12:00:00+00:00,21.1,88.1,25.0,998.0,8.0,310.0,56,25.0,0.0,1995,9,16,12,0
1995284N17074,1995,UNNAMED,1995-10-12 12:00:00+00:00,16.6,70.0,25.0,1008.0,4.0,275.0,348,35.0,0.0,1995,10,12,12,0
1995284N17074,1995,UNNAMED,1995-10-12 18:00:00+00:00,16.7,69.6,25.0,1007.0,6.0,295.0,385,25.0,0.0,1995,10,12,18,0
1995284N17074,1995,UNNAMED,1995-10-13 00:00:00+00:00,17.0,69.0,25.0,1006.0,4.0,290.0,434,25.0,0.0,1995,10,13,0,0
1995284N17074,1995,UNNAMED,1995-10-13 03:00:00+00:00,17.0,68.9,25.0,1006.0,2.0,285.0,444,25.0,0.0,1995,10,13,3,0
1995284N17074,1995,UNNAMED,1995-10-13 06:00:00+00:00,17.0,68.8,25.0,1006.0,3.0,275.0,454,25.0,0.0,1995,10,13,6,1
1995284N17074,1995,UNNAMED,1995-10-13 12:00:00+00:00,17.1,68.4,30.0,1004.0,5.0,290.0,475,25.0,5.0,1995,10,13,12,0
1995284N17074,1995,UNNAMED,1995-10-13 18:00:00+00:00,17.3,68.0,30.0,1004.0,5.0,300.0,480,30.0,0.0,1995,10,13,18,1
1995284N17074,1995,UNNAMED,1995-10-14 00:00:00+00:00,17.5,67.6,35.0,1000.0,2.0,300.0,486,30.0,5.0,1995,10,14,0,0
1995284N17074,1995,UNNAMED,1995-10-14 03:00:00+00:00,17.5,67.5,35.0,1000.0,5.0,310.0,492,35.0,0.0,1995,10,14,3,0
1995284N17074,1995,UNNAMED,1995-10-14 06:00:00+00:00,17.8,67.2,35.0,1000.0,6.0,315.0,484,35.0,0.0,1995,10,14,6,1
1995284N17074,1995,UNNAMED,1995-10-14 12:00:00+00:00,17.9,67.1,45.0,998.0,1.0,290.0,483,35.0,10.0,1995,10,14,12,0
1995284N17074,1995,UNNAMED,1995-10-14 18:00:00+00:00,18.0,67.0,45.0,996.0,1.0,305.0,482,45.0,0.0,1995,10,14,18,0
1995284N17074,1995,UNNAMED,1995-10-15 00:00:00+00:00,18.1,66.8,35.0,1000.0,2.0,300.0,489,45.0,-10.0,1995,10,15,0,0
1995284N17074,1995,UNNAMED,1995-10-15 03:00:00+00:00,18.1,66.7,35.0,1000.0,2.0,300.0,496,35.0,0.0,1995,10,15,3,0
1995284N17074,1995,UNNAMED,1995-10-15 06:00:00+00:00,18.2,66.6,35.0,1000.0,4.0,300.0,496,35.0,0.0,1995,10,15,6,0
1995284N17074,1995,UNNAMED,1995-10-15 12:00:00+00:00,18.5,66.0,35.0,1000.0,5.0,300.0,518,35.0,0.0,1995,10,15,12,0
1995284N17074,1995,UNNAMED,1995-10-15 18:00:00+00:00,18.7,65.8,35.0,1000.0,3.0,340.0,516,35.0,0.0,1995,10,15,18,0
1995284N17074,1995,UNNAMED,1995-10-16 00:00:00+00:00,19.1,65.6,35.0,1000.0,5.0,300.0,495,35.0,0.0,1995,10,16,0,0
1995284N17074,1995,UNNAMED,1995-10-16 03:00:00+00:00,19.1,65.3,35.0,1000.0,4.0,290.0,517,35.0,0.0,1995,10,16,3,0
1995284N17074,1995,UNNAMED,1995-10-16 06:00:00+00:00,19.2,65.2,35.0,1000.0,4.0,320.0,517,35.0,0.0,1995,10,16,6,0
1995284N17074,1995,UNNAMED,1995-10-16 12:00:00+00:00,19.7,64.8,30.0,1002.0,5.0,310.0,515,35.0,-5.0,1995,10,16,12,0
1995284N17074,1995,UNNAMED,1995-10-16 18:00:00+00:00,19.8,64.5,30.0,1002.0,2.0,270.0,535,30.0,0.0,1995,10,16,18,0
1995284N17074,1995,UNNAMED,1995-10-17 00:00:00+00:00,19.7,64.2,30.0,1002.0,6.0,260.0,535,30.0,0.0,1995,10,17,0,0
1995284N17074,1995,UNNAMED,1995-10-17 03:00:00+00:00,19.6,63.7,25.0,1004.0,9.0,260.0,497,30.0,-5.0,1995,10,17,3,0
1995284N17074,1995,UNNAMED,1995-10-17 06:00:00+00:00,19.6,63.2,25.0,1004.0,10.0,260.0,453,25.0,0.0,1995,10,17,6,0
1995292N08150,1995,YVETTE,1995-10-25 00:00:00+00:00,13.5,115.1,35.0,998.0,18.0,275.0,533,35.0,0.0,1995,10,25,0,0
1995292N08150,1995,YVETTE,1995-10-25 06:00:00+00:00,13.7,113.4,35.0,996.0,15.0,270.0,431,35.0,0.0,1995,10,25,6,0
1995292N08150,1995,YVETTE,1995-10-25 12:00:00+00:00,13.6,112.1,35.0,994.0,12.0,270.0,292,35.0,0.0,1995,10,25,12,1
1995292N08150,1995,YVETTE,1995-10-25 18:00:00+00:00,13.6,110.8,40.0,992.0,12.0,265.0,161,35.0,5.0,1995,10,25,18,1
1995292N08150,1995,YVETTE,1995-10-26 00:00:00+00:00,13.4,109.7,50.0,985.0,11.0,265.0,43,40.0,10.0,1995,10,26,0,0
1995310N09096,1995,UNNAMED,1995-11-07 03:00:00+00:00,11.5,91.0,25.0,1000.0,10.0,305.0,605,35.0,0.0,1995,11,7,3,0
1995310N09096,1995,UNNAMED,1995-11-07 06:00:00+00:00,11.8,90.6,25.0,1000.0,12.0,305.0,607,25.0,0.0,1995,11,7,6,1
1995310N09096,1995,UNNAMED,1995-11-07 12:00:00+00:00,12.6,89.4,30.0,996.0,13.0,300.0,642,25.0,5.0,1995,11,7,12,0
1995310N09096,1995,UNNAMED,1995-11-07 18:00:00+00:00,13.0,88.5,30.0,996.0,8.0,295.0,699,30.0,0.0,1995,11,7,18,1
1995310N09096,1995,UNNAMED,1995-11-08 00:00:00+00:00,13.4,87.7,35.0,996.0,13.0,305.0,670,30.0,5.0,1995,11,8,0,1
1995310N09096,1995,UNNAMED,1995-11-08 03:00:00+00:00,13.9,87.0,45.0,996.0,17.0,305.0,580,35.0,10.0,1995,11,8,3,0
1995310N09096,1995,UNNAMED,1995-11-08 06:00:00+00:00,14.4,86.3,45.0,996.0,16.0,310.0,487,45.0,0.0,1995,11,8,6,1
1995310N09096,1995,UNNAMED,1995-11-08 12:00:00+00:00,15.6,85.3,55.0,990.0,14.0,330.0,316,45.0,10.0,1995,11,8,12,1
1995310N09096,1995,UNNAMED,1995-11-08 18:00:00+00:00,16.8,84.7,65.0,984.0,12.0,335.0,177,55.0,10.0,1995,11,8,18,0
1995310N09096,1995,UNNAMED,1995-11-09 00:00:00+00:00,17.8,84.3,65.0,984.0,15.0,350.0,59,65.0,0.0,1995,11,9,0,1
1995323N05097,1995,UNNAMED,1995-11-21 12:00:00+00:00,6.8,90.4,25.0,1002.0,5.0,270.0,547,35.0,0.0,1995,11,21,12,0
1995323N05097,1995,UNNAMED,1995-11-21 18:00:00+00:00,7.0,89.8,25.0,1002.0,6.0,300.0,617,25.0,0.0,1995,11,21,18,0
1995323N05097,1995,UNNAMED,1995-11-22 00:00:00+00:00,7.4,89.3,25.0,1002.0,5.0,295.0,682,25.0,0.0,1995,11,22,0,1
1995323N05097,1995,UNNAMED,1995-11-22 03:00:00+00:00,7.4,89.1,30.0,1000.0,9.0,295.0,704,25.0,5.0,1995,11,22,3,0
1995323N05097,1995,UNNAMED,1995-11-22 06:00:00+00:00,7.8,88.5,30.0,1000.0,11.0,305.0,733,30.0,0.0,1995,11,22,6,1
1995323N05097,1995,UNNAMED,1995-11-22 12:00:00+00:00,8.4,88.1,35.0,998.0,9.0,325.0,700,30.0,5.0,1995,11,22,12,1
1995323N05097,1995,UNNAMED,1995-11-22 18:00:00+00:00,9.2,87.3,45.0,994.0,11.0,310.0,631,35.0,10.0,1995,11,22,18,0
1995323N05097,1995,UNNAMED,1995-11-23 00:00:00+00:00,9.7,86.4,45.0,994.0,9.0,290.0,558,45.0,0.0,1995,11,23,0,1
1995323N05097,1995,UNNAMED,1995-11-23 03:00:00+00:00,9.8,86.0,55.0,990.0,9.0,300.0,523,45.0,10.0,1995,11,23,3,0
1995323N05097,1995,UNNAMED,1995-11-23 06:00:00+00:00,10.2,85.6,55.0,990.0,10.0,315.0,503,55.0,0.0,1995,11,23,6,0
1995323N05097,1995,UNNAMED,1995-11-23 12:00:00+00:00,10.9,85.0,55.0,988.0,9.0,340.0,484,55.0,0.0,1995,11,23,12,1
1995323N05097,1995,UNNAMED,1995-11-23 18:00:00+00:00,12.0,85.0,65.0,984.0,13.0,0.0,523,55.0,10.0,1995,11,23,18,1
1995323N05097,1995,UNNAMED,1995-11-24 00:00:00+00:00,13.6,85.1,77.0,976.0,17.0,5.0,450,65.0,12.0,1995,11,24,0,1
1995323N05097,1995,UNNAMED,1995-11-24 03:00:00+00:00,14.4,85.2,90.0,964.0,15.0,10.0,396,77.0,13.0,1995,11,24,3,0
1995323N05097,1995,UNNAMED,1995-11-24 06:00:00+00:00,15.1,85.4,90.0,960.0,15.0,20.0,365,90.0,0.0,1995,11,24,6,1
1995323N05097,1995,UNNAMED,1995-11-24 12:00:00+00:00,16.6,86.4,102.0,956.0,22.0,45.0,307,90.0,12.0,1995,11,24,12,0
1995323N05097,1995,UNNAMED,1995-11-24 18:00:00+00:00,18.1,88.2,90.0,962.0,18.0,45.0,284,102.0,-12.0,1995,11,24,18,0
1995323N05097,1995,UNNAMED,1995-11-25 00:00:00+00:00,19.3,89.2,77.0,970.0,23.0,50.0,257,90.0,-13.0,1995,11,25,0,0
1995323N05097,1995,UNNAMED,1995-11-25 03:00:00+00:00,20.1,90.4,77.0,972.0,28.0,55.0,191,77.0,0.0,1995,11,25,3,0
1996122N08092,1996,UNNAMED,1996-05-07 03:00:00+00:00,18.6,89.1,15.0,1004.0,6.0,25.0,315,35.0,0.0,1996,5,7,3,1
1996122N08092,1996,UNNAMED,1996-05-07 06:00:00+00:00,18.9,89.2,25.0,1002.0,7.0,25.0,302,15.0,10.0,1996,5,7,6,0
1996122N08092,1996,UNNAMED,1996-05-07 12:00:00+00:00,19.8,89.7,25.0,1002.0,11.0,40.0,210,25.0,0.0,1996,5,7,12,1
1996122N08092,1996,UNNAMED,1996-05-07 18:00:00+00:00,20.4,90.7,30.0,1000.0,15.0,60.0,164,25.0,5.0,1996,5,7,18,0
1996163N08088,1996,UNNAMED,1996-06-12 12:00:00+00:00,10.9,85.6,25.0,998.0,9.0,310.0,539,35.0,0.0,1996,6,12,12,0
1996163N08088,1996,UNNAMED,1996-06-12 18:00:00+00:00,11.5,84.8,25.0,998.0,10.0,305.0,502,25.0,0.0,1996,6,12,18,0
1996163N08088,1996,UNNAMED,1996-06-13 00:00:00+00:00,12.1,83.9,25.0,998.0,14.0,300.0,404,25.0,0.0,1996,6,13,0,1
1996163N08088,1996,UNNAMED,1996-06-13 03:00:00+00:00,12.5,83.1,30.0,996.0,11.0,305.0,315,25.0,5.0,1996,6,13,3,0
1996163N08088,1996,UNNAMED,1996-06-13 06:00:00+00:00,12.8,83.0,30.0,996.0,7.0,310.0,297,30.0,0.0,1996,6,13,6,0
1996163N08088,1996,UNNAMED,1996-06-13 12:00:00+00:00,13.2,82.2,30.0,996.0,9.0,300.0,206,30.0,0.0,1996,6,13,12,0
1996163N08088,1996,UNNAMED,1996-06-13 18:00:00+00:00,13.7,81.5,30.0,996.0,6.0,295.0,129,30.0,0.0,1996,6,13,18,1
1996163N08088,1996,UNNAMED,1996-06-14 00:00:00+00:00,13.8,81.2,35.0,994.0,4.0,345.0,97,30.0,5.0,1996,6,14,0,0
1996163N08088,1996,UNNAMED,1996-06-14 03:00:00+00:00,14.1,81.1,35.0,994.0,7.0,10.0,92,35.0,0.0,1996,6,14,3,0
1996163N08088,1996,UNNAMED,1996-06-14 06:00:00+00:00,14.5,81.3,35.0,994.0,7.0,20.0,118,35.0,0.0,1996,6,14,6,0
1996163N08088,1996,UNNAMED,1996-06-14 12:00:00+00:00,15.1,81.6,35.0,994.0,9.0,35.0,100,35.0,0.0,1996,6,14,12,0
1996163N08088,1996,UNNAMED,1996-06-14 18:00:00+00:00,15.9,82.3,35.0,994.0,10.0,40.0,70,35.0,0.0,1996,6,14,18,0
1996163N08088,1996,UNNAMED,1996-06-15 00:00:00+00:00,16.5,82.8,35.0,994.0,4.0,35.0,54,35.0,0.0,1996,6,15,0,0
1996163N08088,1996,UNNAMED,1996-06-15 03:00:00+00:00,16.6,82.8,35.0,994.0,5.0,50.0,48,35.0,0.0,1996,6,15,3,0
1996163N08088,1996,UNNAMED,1996-06-15 06:00:00+00:00,16.8,83.2,35.0,992.0,7.0,50.0,79,35.0,0.0,1996,6,15,6,1
1996163N08088,1996,UNNAMED,1996-06-15 12:00:00+00:00,17.1,83.6,45.0,992.0,3.0,45.0,70,35.0,10.0,1996,6,15,12,0
1996163N08088,1996,UNNAMED,1996-06-15 18:00:00+00:00,17.3,83.6,45.0,992.0,2.0,0.0,54,45.0,0.0,1996,6,15,18,0
1996163N08088,1996,UNNAMED,1996-06-16 00:00:00+00:00,17.6,83.6,45.0,992.0,4.0,360.0,30,45.0,0.0,1996,6,16,0,0
1996167N16072,1996,UNNAMED,1996-06-17 09:00:00+00:00,17.8,69.1,25.0,990.0,5.0,15.0,370,35.0,0.0,1996,6,17,9,0
1996167N16072,1996,UNNAMED,1996-06-17 12:00:00+00:00,18.1,69.2,25.0,988.0,5.0,30.0,335,25.0,0.0,1996,6,17,12,1
1996167N16072,1996,UNNAMED,1996-06-17 18:00:00+00:00,18.2,69.5,30.0,986.0,5.0,55.0,311,25.0,5.0,1996,6,17,18,0
1996167N16072,1996,UNNAMED,1996-06-18 00:00:00+00:00,18.8,70.1,30.0,986.0,7.0,45.0,224,30.0,0.0,1996,6,18,0,0
1996167N16072,1996,UNNAMED,1996-06-18 03:00:00+00:00,19.0,70.3,30.0,984.0,6.0,25.0,197,30.0,0.0,1996,6,18,3,0
1996167N16072,1996,UNNAMED,1996-06-18 06:00:00+00:00,19.4,70.4,30.0,984.0,5.0,20.0,151,30.0,0.0,1996,6,18,6,1
1996167N16072,1996,UNNAMED,1996-06-18 09:00:00+00:00,19.5,70.5,35.0,982.0,5.0,15.0,137,30.0,5.0,1996,6,18,9,1
1996167N16072,1996,UNNAMED,1996-06-18 12:00:00+00:00,19.9,70.6,45.0,980.0,7.0,10.0,91,35.0,10.0,1996,6,18,12,1
1996167N16072,1996,UNNAMED,1996-06-18 18:00:00+00:00,20.4,70.7,55.0,976.0,4.0,10.0,35,45.0,10.0,1996,6,18,18,1
1996275N15082,1996,UNNAMED,1996-10-01 03:00:00+00:00,15.0,82.0,25.0,1002.0,10.0,270.0,139,35.0,0.0,1996,10,1,3,0
1996275N15082,1996,UNNAMED,1996-10-01 06:00:00+00:00,15.0,81.5,25.0,1002.0,10.0,270.0,101,25.0,0.0,1996,10,1,6,0
1996275N15082,1996,UNNAMED,1996-10-01 12:00:00+00:00,15.0,80.5,25.0,1000.0,7.0,265.0,48,25.0,0.0,1996,10,1,12,0
1996288N09092,1996,UNNAMED,1996-10-22 09:00:00+00:00,14.1,69.5,25.0,1000.0,3.0,335.0,481,35.0,0.0,1996,10,22,9,0
1996288N09092,1996,UNNAMED,1996-10-22 12:00:00+00:00,14.3,69.6,25.0,1000.0,3.0,15.0,464,25.0,0.0,1996,10,22,12,1
1996288N09092,1996,UNNAMED,1996-10-22 18:00:00+00:00,14.4,69.6,30.0,1000.0,3.0,45.0,459,25.0,5.0,1996,10,22,18,0
1996288N09092,1996,UNNAMED,1996-10-23 00:00:00+00:00,14.8,70.0,30.0,1000.0,4.0,35.0,401,30.0,0.0,1996,10,23,0,0
1996288N09092,1996,UNNAMED,1996-10-23 03:00:00+00:00,14.9,70.0,30.0,1000.0,6.0,35.0,396,30.0,0.0,1996,10,23,3,0
1996288N09092,1996,UNNAMED,1996-10-23 06:00:00+00:00,15.3,70.3,30.0,1000.0,7.0,30.0,347,30.0,0.0,1996,10,23,6,1
1996288N09092,1996,UNNAMED,1996-10-23 09:00:00+00:00,15.4,70.3,35.0,998.0,7.0,5.0,343,30.0,5.0,1996,10,23,9,1
1996288N09092,1996,UNNAMED,1996-10-23 12:00:00+00:00,15.9,70.4,45.0,998.0,8.0,0.0,316,35.0,10.0,1996,10,23,12,1
1996288N09092,1996,UNNAMED,1996-10-23 18:00:00+00:00,16.7,70.4,55.0,996.0,9.0,355.0,304,45.0,10.0,1996,10,23,18,0
1996288N09092,1996,UNNAMED,1996-10-24 00:00:00+00:00,17.7,70.3,55.0,996.0,8.0,355.0,280,55.0,0.0,1996,10,24,0,1
1996288N09092,1996,UNNAMED,1996-10-24 03:00:00+00:00,18.0,70.2,60.0,994.0,5.0,355.0,286,55.0,5.0,1996,10,24,3,0
1996288N09092,1996,UNNAMED,1996-10-24 06:00:00+00:00,18.2,70.2,60.0,994.0,6.0,345.0,285,60.0,0.0,1996,10,24,6,0
1996288N09092,1996,UNNAMED,1996-10-24 12:00:00+00:00,19.0,70.0,55.0,994.0,6.0,350.0,207,60.0,-5.0,1996,10,24,12,0
1996288N09092,1996,UNNAMED,1996-10-24 18:00:00+00:00,19.3,70.0,55.0,994.0,3.0,15.0,177,55.0,0.0,1996,10,24,18,0
1996288N09092,1996,UNNAMED,1996-10-25 00:00:00+00:00,19.7,70.1,45.0,996.0,5.0,5.0,133,55.0,-10.0,1996,10,25,0,0
1996288N09092,1996,UNNAMED,1996-10-25 03:00:00+00:00,20.0,70.1,35.0,998.0,4.0,0.0,107,45.0,-10.0,1996,10,25,3,0
1996288N09092,1996,UNNAMED,1996-10-25 06:00:00+00:00,20.0,70.1,30.0,1000.0,1.0,325.0,107,35.0,-5.0,1996,10,25,6,0
1996288N09092,1996,UNNAMED,1996-10-25 12:00:00+00:00,20.1,70.0,25.0,1002.0,1.0,270.0,103,30.0,-5.0,1996,10,25,12,0
1996288N09092,1996,UNNAMED,1996-10-26 00:00:00+00:00,19.9,69.9,25.0,1002.0,1.0,170.0,128,25.0,0.0,1996,10,26,0,0
1996288N09092,1996,UNNAMED,1996-10-26 03:00:00+00:00,19.9,69.9,25.0,1002.0,1.0,0.0,128,25.0,0.0,1996,10,26,3,0
1996288N09092,1996,UNNAMED,1996-10-26 06:00:00+00:00,19.8,69.9,25.0,1002.0,1.0,0.0,137,25.0,0.0,1996,10,26,6,0
1996288N09092,1996,UNNAMED,1996-10-26 12:00:00+00:00,19.7,69.9,25.0,1002.0,1.0,185.0,146,25.0,0.0,1996,10,26,12,0
1996288N09092,1996,UNNAMED,1996-10-26 18:00:00+00:00,19.5,69.8,25.0,1002.0,2.0,205.0,170,25.0,0.0,1996,10,26,18,0
1996288N09092,1996,UNNAMED,1996-10-27 00:00:00+00:00,19.2,69.7,25.0,1002.0,6.0,195.0,203,25.0,0.0,1996,10,27,0,0
1996288N09092,1996,UNNAMED,1996-10-27 03:00:00+00:00,18.8,69.6,25.0,1002.0,7.0,195.0,246,25.0,0.0,1996,10,27,3,0
1996288N09092,1996,UNNAMED,1996-10-27 06:00:00+00:00,18.5,69.4,25.0,1002.0,9.0,200.0,286,25.0,0.0,1996,10,27,6,0
1996288N09092,1996,UNNAMED,1996-10-27 09:00:00+00:00,17.9,69.2,25.0,1002.0,14.0,205.0,355,25.0,0.0,1996,10,27,9,0
1996296N09093,1996,UNNAMED,1996-10-27 03:00:00+00:00,15.1,85.5,25.0,1000.0,8.0,10.0,372,35.0,0.0,1996,10,27,3,0
1996296N09093,1996,UNNAMED,1996-10-27 06:00:00+00:00,15.5,85.4,25.0,1000.0,8.0,360.0,332,25.0,0.0,1996,10,27,6,0
1996296N09093,1996,UNNAMED,1996-10-27 12:00:00+00:00,16.1,85.6,25.0,1000.0,8.0,25.0,293,25.0,0.0,1996,10,27,12,1
1996296N09093,1996,UNNAMED,1996-10-27 18:00:00+00:00,17.0,86.1,30.0,998.0,11.0,35.0,253,25.0,5.0,1996,10,27,18,0
1996296N09093,1996,UNNAMED,1996-10-28 00:00:00+00:00,18.0,86.9,30.0,998.0,16.0,30.0,228,30.0,0.0,1996,10,28,0,0
1996296N09093,1996,UNNAMED,1996-10-28 03:00:00+00:00,18.8,87.3,30.0,998.0,18.0,25.0,164,30.0,0.0,1996,10,28,3,0
1996296N09093,1996,UNNAMED,1996-10-28 06:00:00+00:00,19.6,87.8,30.0,998.0,17.0,30.0,139,30.0,0.0,1996,10,28,6,0
1996296N09093,1996,UNNAMED,1996-10-28 12:00:00+00:00,21.0,88.6,30.0,998.0,13.0,30.0,67,30.0,0.0,1996,10,28,12,0
1996306N15097,1996,UNNAMED,1996-11-04 15:00:00+00:00,16.0,87.5,25.0,1002.0,5.0,260.0,438,35.0,0.0,1996,11,4,15,0
1996306N15097,1996,UNNAMED,1996-11-04 18:00:00+00:00,16.0,87.2,25.0,1002.0,6.0,265.0,415,25.0,0.0,1996,11,4,18,0
1996306N15097,1996,UNNAMED,1996-11-05 00:00:00+00:00,16.0,86.7,25.0,1002.0,7.0,270.0,377,25.0,0.0,1996,11,5,0,1
1996306N15097,1996,UNNAMED,1996-11-05 03:00:00+00:00,16.0,86.2,30.0,1000.0,6.0,270.0,340,25.0,5.0,1996,11,5,3,0
1996306N15097,1996,UNNAMED,1996-11-05 06:00:00+00:00,16.0,86.1,30.0,1000.0,6.0,270.0,333,30.0,0.0,1996,11,5,6,1
1996306N15097,1996,UNNAMED,1996-11-05 09:00:00+00:00,16.0,85.6,35.0,992.0,8.0,270.0,302,30.0,5.0,1996,11,5,9,1
1996306N15097,1996,UNNAMED,1996-11-05 12:00:00+00:00,16.0,85.2,45.0,992.0,8.0,270.0,277,35.0,10.0,1996,11,5,12,0
1996306N15097,1996,UNNAMED,1996-11-05 18:00:00+00:00,16.0,84.6,45.0,992.0,4.0,265.0,232,45.0,0.0,1996,11,5,18,0
1996306N15097,1996,UNNAMED,1996-11-06 00:00:00+00:00,16.0,84.1,45.0,992.0,9.0,280.0,202,45.0,0.0,1996,11,6,0,1
1996306N15097,1996,UNNAMED,1996-11-06 01:00:00+00:00,16.1,83.8,55.0,990.0,10.0,280.0,168,45.0,10.0,1996,11,6,1,0
1996306N15097,1996,UNNAMED,1996-11-06 03:00:00+00:00,16.1,83.5,55.0,990.0,7.0,285.0,139,55.0,0.0,1996,11,6,3,1
1996306N15097,1996,UNNAMED,1996-11-06 06:00:00+00:00,16.2,83.2,65.0,988.0,7.0,290.0,105,55.0,10.0,1996,11,6,6,1
1996306N15097,1996,UNNAMED,1996-11-06 09:00:00+00:00,16.3,82.8,77.0,988.0,7.0,290.0,63,65.0,12.0,1996,11,6,9,0
1996306N15097,1996,UNNAMED,1996-11-06 12:00:00+00:00,16.5,82.5,77.0,988.0,7.0,295.0,24,77.0,0.0,1996,11,6,12,0
1996312N14125,1996,ERNIE,1996-11-09 12:00:00+00:00,19.9,118.1,35.0,996.0,4.0,255.0,311,35.0,0.0,1996,11,9,12,0
1996312N14125,1996,ERNIE,1996-11-09 18:00:00+00:00,19.4,117.8,35.0,996.0,4.0,180.0,315,35.0,0.0,1996,11,9,18,1
1996312N14125,1996,ERNIE,1996-11-10 00:00:00+00:00,19.4,117.9,40.0,996.0,3.0,10.0,305,35.0,5.0,1996,11,10,0,0
1996312N14125,1996,ERNIE,1996-11-10 06:00:00+00:00,19.7,117.9,40.0,996.0,3.0,350.0,318,40.0,0.0,1996,11,10,6,0
1996312N14125,1996,ERNIE,1996-11-10 12:00:00+00:00,20.0,117.9,40.0,996.0,2.0,10.0,335,40.0,0.0,1996,11,10,12,0
1996312N14125,1996,ERNIE,1996-11-10 18:00:00+00:00,20.2,118.0,40.0,996.0,2.0,40.0,338,40.0,0.0,1996,11,10,18,0
1996312N14125,1996,ERNIE,1996-11-11 00:00:00+00:00,20.2,118.2,40.0,996.0,3.0,130.0,321,40.0,0.0,1996,11,11,0,0
1996312N14125,1996,ERNIE,1996-11-11 06:00:00+00:00,19.8,118.5,40.0,992.0,6.0,135.0,270,40.0,0.0,1996,11,11,6,0
1996312N14125,1996,ERNIE,1996-11-11 12:00:00+00:00,19.5,119.1,40.0,992.0,6.0,110.0,200,40.0,0.0,1996,11,11,12,0
1996312N14125,1996,ERNIE,1996-11-11 18:00:00+00:00,19.4,119.7,40.0,992.0,6.0,110.0,146,40.0,0.0,1996,11,11,18,0
1996312N14125,1996,ERNIE,1996-11-12 00:00:00+00:00,19.1,120.1,40.0,992.0,5.0,140.0,92,40.0,0.0,1996,11,12,0,0
1996312N14125,1996,ERNIE,1996-11-12 06:00:00+00:00,18.6,120.4,40.0,994.0,6.0,170.0,30,40.0,0.0,1996,11,12,6,0
1996312N14125,1996,ERNIE,1996-11-12 12:00:00+00:00,18.0,120.4,40.0,994.0,8.0,195.0,10,40.0,0.0,1996,11,12,12,0
1996312N14125,1996,ERNIE,1996-11-12 18:00:00+00:00,17.1,119.9,35.0,996.0,10.0,215.0,54,40.0,-5.0,1996,11,12,18,0
1996312N14125,1996,ERNIE,1996-11-13 00:00:00+00:00,16.4,119.1,35.0,996.0,10.0,235.0,75,35.0,0.0,1996,11,13,0,0
1996312N14125,1996,ERNIE,1996-11-13 06:00:00+00:00,15.9,118.3,35.0,998.0,9.0,245.0,150,35.0,0.0,1996,11,13,6,0
1996312N14125,1996,ERNIE,1996-11-13 12:00:00+00:00,15.6,117.5,35.0,998.0,11.0,250.0,239,35.0,0.0,1996,11,13,12,0
1996312N14125,1996,ERNIE,1996-11-13 18:00:00+00:00,15.1,116.3,35.0,998.0,13.0,245.0,378,35.0,0.0,1996,11,13,18,0
1996312N14125,1996,ERNIE,1996-11-14 00:00:00+00:00,14.5,115.1,35.0,998.0,13.0,240.0,521,35.0,0.0,1996,11,14,0,0
1996332N09092,1996,UNNAMED,1996-11-28 03:00:00+00:00,11.4,85.7,25.0,1004.0,8.0,335.0,578,35.0,0.0,1996,11,28,3,0
1996332N09092,1996,UNNAMED,1996-11-28 06:00:00+00:00,11.8,85.5,25.0,1004.0,9.0,330.0,581,25.0,0.0,1996,11,28,6,0
1996332N09092,1996,UNNAMED,1996-11-28 12:00:00+00:00,12.5,85.2,25.0,1004.0,6.0,340.0,538,25.0,0.0,1996,11,28,12,0
1996332N09092,1996,UNNAMED,1996-11-28 18:00:00+00:00,13.0,85.1,25.0,1004.0,5.0,355.0,503,25.0,0.0,1996,11,28,18,0
1996332N09092,1996,UNNAMED,1996-11-29 00:00:00+00:00,13.3,85.0,25.0,1004.0,4.0,265.0,469,25.0,0.0,1996,11,29,0,1
1996332N09092,1996,UNNAMED,1996-11-29 03:00:00+00:00,13.2,84.7,30.0,1002.0,3.0,0.0,459,25.0,5.0,1996,11,29,3,0
1996332N09092,1996,UNNAMED,1996-11-29 06:00:00+00:00,13.6,85.0,30.0,1002.0,8.0,35.0,443,30.0,0.0,1996,11,29,6,0
1996332N09092,1996,UNNAMED,1996-11-29 12:00:00+00:00,14.1,85.4,30.0,1002.0,8.0,55.0,434,30.0,0.0,1996,11,29,12,0
1996332N09092,1996,UNNAMED,1996-11-29 18:00:00+00:00,14.5,86.4,30.0,1002.0,10.0,65.0,487,30.0,0.0,1996,11,29,18,0
1996332N09092,1996,UNNAMED,1996-11-30 00:00:00+00:00,14.9,87.2,30.0,1002.0,7.0,75.0,503,30.0,0.0,1996,11,30,0,0
1996332N09092,1996,UNNAMED,1996-11-30 03:00:00+00:00,14.9,87.5,30.0,1002.0,8.0,70.0,525,30.0,0.0,1996,11,30,3,0
1996332N09092,1996,UNNAMED,1996-11-30 06:00:00+00:00,15.2,88.0,30.0,1002.0,9.0,65.0,539,30.0,0.0,1996,11,30,6,0
1996332N09092,1996,UNNAMED,1996-11-30 12:00:00+00:00,15.3,88.7,25.0,1004.0,6.0,110.0,579,30.0,-5.0,1996,11,30,12,0
1996332N09092,1996,UNNAMED,1996-11-30 18:00:00+00:00,14.9,89.1,25.0,1004.0,6.0,165.0,560,25.0,0.0,1996,11,30,18,0
1996332N09092,1996,UNNAMED,1996-12-01 00:00:00+00:00,14.4,89.0,25.0,1004.0,3.0,215.0,586,25.0,0.0,1996,12,1,0,0
1996332N09092,1996,UNNAMED,1996-12-01 03:00:00+00:00,14.3,88.9,25.0,1004.0,5.0,250.0,600,25.0,0.0,1996,12,1,3,0
1996332N09092,1996,UNNAMED,1996-12-01 06:00:00+00:00,14.3,88.6,25.0,1004.0,5.0,260.0,630,25.0,0.0,1996,12,1,6,1
1996332N09092,1996,UNNAMED,1996-12-01 12:00:00+00:00,14.2,88.3,30.0,1002.0,3.0,270.0,641,25.0,5.0,1996,12,1,12,0
1996332N09092,1996,UNNAMED,1996-12-01 18:00:00+00:00,14.2,87.8,30.0,1002.0,7.0,260.0,605,30.0,0.0,1996,12,1,18,1
1996332N09092,1996,UNNAMED,1996-12-02 00:00:00+00:00,13.9,87.1,35.0,996.0,5.0,255.0,578,30.0,5.0,1996,12,2,0,0
1996332N09092,1996,UNNAMED,1996-12-02 03:00:00+00:00,13.9,86.9,35.0,996.0,2.0,270.0,573,35.0,0.0,1996,12,2,3,0
1996332N09092,1996,UNNAMED,1996-12-02 06:00:00+00:00,13.9,86.8,35.0,994.0,4.0,270.0,557,35.0,0.0,1996,12,2,6,0
1996332N09092,1996,UNNAMED,1996-12-02 12:00:00+00:00,13.9,86.1,35.0,994.0,7.0,270.0,500,35.0,0.0,1996,12,2,12,0
1996332N09092,1996,UNNAMED,1996-12-02 18:00:00+00:00,14.0,85.5,35.0,994.0,5.0,275.0,450,35.0,0.0,1996,12,2,18,1
1996332N09092,1996,UNNAMED,1996-12-03 00:00:00+00:00,14.1,85.0,45.0,994.0,7.0,275.0,402,35.0,10.0,1996,12,3,0,1
1996332N09092,1996,UNNAMED,1996-12-03 03:00:00+00:00,14.1,84.5,55.0,992.0,8.0,285.0,366,45.0,10.0,1996,12,3,3,0
1996332N09092,1996,UNNAMED,1996-12-03 06:00:00+00:00,14.3,84.2,55.0,992.0,7.0,290.0,328,55.0,0.0,1996,12,3,6,1
1996332N09092,1996,UNNAMED,1996-12-03 12:00:00+00:00,14.4,83.7,65.0,988.0,5.0,285.0,288,55.0,10.0,1996,12,3,12,0
1996332N09092,1996,UNNAMED,1996-12-03 18:00:00+00:00,14.5,83.2,65.0,986.0,3.0,290.0,253,65.0,0.0,1996,12,3,18,0
1996332N09092,1996,UNNAMED,1996-12-04 00:00:00+00:00,14.6,83.0,65.0,986.0,6.0,280.0,233,65.0,0.0,1996,12,4,0,0
1996332N09092,1996,UNNAMED,1996-12-04 03:00:00+00:00,14.6,82.5,65.0,986.0,7.0,290.0,208,65.0,0.0,1996,12,4,3,0
1996332N09092,1996,UNNAMED,1996-12-04 06:00:00+00:00,14.8,82.3,65.0,986.0,5.0,300.0,178,65.0,0.0,1996,12,4,6,0
1996332N09092,1996,UNNAMED,1996-12-04 12:00:00+00:00,14.9,81.9,65.0,984.0,3.0,290.0,139,65.0,0.0,1996,12,4,12,0
1996332N09092,1996,UNNAMED,1996-12-04 18:00:00+00:00,15.0,81.8,65.0,990.0,2.0,250.0,124,65.0,0.0,1996,12,4,18,0
1996332N09092,1996,UNNAMED,1996-12-05 00:00:00+00:00,14.8,81.7,55.0,992.0,5.0,145.0,132,65.0,-10.0,1996,12,5,0,0
1996332N09092,1996,UNNAMED,1996-12-05 03:00:00+00:00,14.5,82.0,55.0,994.0,3.0,165.0,178,55.0,0.0,1996,12,5,3,0
1996332N09092,1996,UNNAMED,1996-12-05 06:00:00+00:00,14.5,81.8,45.0,994.0,3.0,250.0,165,55.0,-10.0,1996,12,5,6,0
1996332N09092,1996,UNNAMED,1996-12-05 12:00:00+00:00,14.3,81.6,45.0,994.0,3.0,210.0,151,45.0,0.0,1996,12,5,12,0
1996332N09092,1996,UNNAMED,1996-12-05 18:00:00+00:00,14.0,81.4,45.0,994.0,3.0,220.0,120,45.0,0.0,1996,12,5,18,0
1996332N09092,1996,UNNAMED,1996-12-06 00:00:00+00:00,13.8,81.1,45.0,994.0,3.0,235.0,97,45.0,0.0,1996,12,6,0,0
1996332N09092,1996,UNNAMED,1996-12-06 03:00:00+00:00,13.7,81.0,45.0,994.0,5.0,235.0,75,45.0,0.0,1996,12,6,3,0
1996332N09092,1996,UNNAMED,1996-12-06 06:00:00+00:00,13.5,80.8,45.0,994.0,5.0,230.0,54,45.0,0.0,1996,12,6,6,0
1997133N03092,1997,UNNAMED,1997-05-15 06:00:00+00:00,7.7,90.3,25.0,1000.0,2.0,20.0,590,35.0,0.0,1997,5,15,6,0
1997133N03092,1997,UNNAMED,1997-05-15 09:00:00+00:00,7.8,90.3,25.0,1000.0,3.0,25.0,595,25.0,0.0,1997,5,15,9,1
1997133N03092,1997,UNNAMED,1997-05-15 12:00:00+00:00,8.0,90.4,30.0,1000.0,3.0,20.0,594,25.0,5.0,1997,5,15,12,0
1997133N03092,1997,UNNAMED,1997-05-15 18:00:00+00:00,8.3,90.5,30.0,1002.0,4.0,10.0,600,30.0,0.0,1997,5,15,18,0
1997133N03092,1997,UNNAMED,1997-05-16 00:00:00+00:00,8.8,90.6,30.0,1002.0,7.0,15.0,621,30.0,0.0,1997,5,16,0,1
1997133N03092,1997,UNNAMED,1997-05-16 03:00:00+00:00,9.2,90.6,35.0,1001.0,7.0,15.0,648,30.0,5.0,1997,5,16,3,0
1997133N03092,1997,UNNAMED,1997-05-16 06:00:00+00:00,9.5,90.8,35.0,1001.0,7.0,15.0,653,35.0,0.0,1997,5,16,6,0
1997133N03092,1997,UNNAMED,1997-05-16 09:00:00+00:00,9.8,90.8,35.0,1001.0,9.0,25.0,675,35.0,0.0,1997,5,16,9,0
1997133N03092,1997,UNNAMED,1997-05-16 12:00:00+00:00,10.3,91.2,35.0,999.0,10.0,30.0,686,35.0,0.0,1997,5,16,12,0
1997133N03092,1997,UNNAMED,1997-05-16 18:00:00+00:00,11.0,91.4,35.0,999.0,7.0,10.0,618,35.0,0.0,1997,5,16,18,0
1997133N03092,1997,UNNAMED,1997-05-17 00:00:00+00:00,11.8,91.5,35.0,998.0,12.0,0.0,546,35.0,0.0,1997,5,17,0,0
1997133N03092,1997,UNNAMED,1997-05-17 03:00:00+00:00,12.6,91.4,35.0,998.0,15.0,355.0,482,35.0,0.0,1997,5,17,3,1
1997133N03092,1997,UNNAMED,1997-05-17 06:00:00+00:00,13.3,91.4,45.0,992.0,12.0,350.0,426,35.0,10.0,1997,5,17,6,1
1997133N03092,1997,UNNAMED,1997-05-17 09:00:00+00:00,13.8,91.2,55.0,986.0,10.0,330.0,405,45.0,10.0,1997,5,17,9,0
1997133N03092,1997,UNNAMED,1997-05-17 12:00:00+00:00,14.2,90.9,55.0,986.0,10.0,330.0,407,55.0,0.0,1997,5,17,12,0
1997133N03092,1997,UNNAMED,1997-05-17 18:00:00+00:00,15.1,90.7,55.0,986.0,10.0,360.0,388,55.0,0.0,1997,5,17,18,0
1997133N03092,1997,UNNAMED,1997-05-18 00:00:00+00:00,16.1,90.6,55.0,986.0,11.0,345.0,384,55.0,0.0,1997,5,18,0,1
1997133N03092,1997,UNNAMED,1997-05-18 03:00:00+00:00,16.6,90.4,65.0,980.0,10.0,350.0,411,55.0,10.0,1997,5,18,3,0
1997133N03092,1997,UNNAMED,1997-05-18 06:00:00+00:00,17.1,90.4,65.0,980.0,10.0,5.0,408,65.0,0.0,1997,5,18,6,0
1997133N03092,1997,UNNAMED,1997-05-18 09:00:00+00:00,17.6,90.4,65.0,980.0,11.0,0.0,382,65.0,0.0,1997,5,18,9,0
1997133N03092,1997,UNNAMED,1997-05-18 12:00:00+00:00,18.2,90.5,65.0,980.0,11.0,360.0,329,65.0,0.0,1997,5,18,12,1
1997133N03092,1997,UNNAMED,1997-05-18 18:00:00+00:00,19.3,90.4,77.0,974.0,10.0,10.0,261,65.0,12.0,1997,5,18,18,1
1997133N03092,1997,UNNAMED,1997-05-19 00:00:00+00:00,20.1,90.8,90.0,968.0,9.0,35.0,179,77.0,13.0,1997,5,19,0,0
1997133N03092,1997,UNNAMED,1997-05-19 03:00:00+00:00,20.5,91.1,90.0,964.0,8.0,30.0,130,90.0,0.0,1997,5,19,3,0
1997133N03092,1997,UNNAMED,1997-05-19 06:00:00+00:00,20.8,91.2,90.0,964.0,12.0,15.0,103,90.0,0.0,1997,5,19,6,0
1997133N03092,1997,UNNAMED,1997-05-19 09:00:00+00:00,21.6,91.4,90.0,964.0,14.0,15.0,52,90.0,0.0,1997,5,19,9,0
1997177N21090,1997,UNNAMED,1997-06-26 03:00:00+00:00,21.0,89.5,25.0,990.0,9.0,270.0,78,35.0,0.0,1997,6,26,3,0
1997177N21090,1997,UNNAMED,1997-06-26 06:00:00+00:00,21.0,89.0,25.0,990.0,8.0,285.0,67,25.0,0.0,1997,6,26,6,1
1997177N21090,1997,UNNAMED,1997-06-26 12:00:00+00:00,21.5,88.5,30.0,986.0,3.0,330.0,11,25.0,5.0,1997,6,26,12,0
1997177N21090,1997,UNNAMED,1997-06-26 18:00:00+00:00,21.5,88.5,30.0,986.0,2.0,315.0,11,30.0,0.0,1997,6,26,18,0
1997210N21089,1997,UNNAMED,1997-07-29 03:00:00+00:00,21.0,89.0,25.0,1006.0,0.0,0.0,67,35.0,0.0,1997,7,29,3,0
1997210N21089,1997,UNNAMED,1997-07-29 06:00:00+00:00,21.0,89.0,25.0,1006.0,7.0,270.0,67,25.0,0.0,1997,7,29,6,0
1997210N21089,1997,UNNAMED,1997-07-29 12:00:00+00:00,21.0,87.5,25.0,1006.0,9.0,270.0,56,25.0,0.0,1997,7,29,12,0
1997210N21089,1997,UNNAMED,1997-07-29 18:00:00+00:00,21.0,87.5,25.0,1006.0,1.0,90.0,56,25.0,0.0,1997,7,29,18,0
1997210N21089,1997,UNNAMED,1997-07-30 00:00:00+00:00,21.0,87.5,25.0,1004.0,0.0,0.0,56,25.0,0.0,1997,7,30,0,1
1997210N21089,1997,UNNAMED,1997-07-30 03:00:00+00:00,21.0,87.5,30.0,1002.0,5.0,270.0,56,25.0,5.0,1997,7,30,3,0
1997216N20091,1997,UNNAMED,1997-08-04 06:00:00+00:00,20.0,91.0,25.0,988.0,36.0,330.0,165,35.0,0.0,1997,8,4,6,0
1997216N20091,1997,UNNAMED,1997-08-04 09:00:00+00:00,21.5,90.0,25.0,990.0,17.0,305.0,35,25.0,0.0,1997,8,4,9,0
1997216N20091,1997,UNNAMED,1997-08-04 12:00:00+00:00,21.0,89.5,25.0,990.0,6.0,235.0,78,25.0,0.0,1997,8,4,12,0
1997216N20091,1997,UNNAMED,1997-08-04 18:00:00+00:00,21.5,89.5,25.0,990.0,3.0,5.0,24,25.0,0.0,1997,8,4,18,0
1997216N20091,1997,UNNAMED,1997-08-05 00:00:00+00:00,21.5,89.0,25.0,988.0,15.0,295.0,11,25.0,0.0,1997,8,5,0,1
1997232N20088,1997,UNNAMED,1997-08-20 03:00:00+00:00,20.5,87.5,25.0,992.0,9.0,270.0,56,35.0,0.0,1997,8,20,3,1
1997240N20087,1997,UNNAMED,1997-08-28 03:00:00+00:00,19.5,87.0,25.0,994.0,19.0,270.0,84,35.0,0.0,1997,8,28,3,0
1997263N14084,1997,UNNAMED,1997-09-23 03:00:00+00:00,15.3,82.8,25.0,1000.0,4.0,320.0,153,35.0,0.0,1997,9,23,3,0
1997263N14084,1997,UNNAMED,1997-09-23 06:00:00+00:00,15.5,82.6,25.0,1000.0,4.0,325.0,124,25.0,0.0,1997,9,23,6,0
1997263N14084,1997,UNNAMED,1997-09-23 09:00:00+00:00,15.6,82.5,25.0,1000.0,2.0,315.0,109,25.0,0.0,1997,9,23,9,1
1997263N14084,1997,UNNAMED,1997-09-23 12:00:00+00:00,15.7,82.5,30.0,998.0,2.0,320.0,99,25.0,5.0,1997,9,23,12,0
1997263N14084,1997,UNNAMED,1997-09-23 18:00:00+00:00,15.9,82.4,30.0,998.0,3.0,360.0,74,30.0,0.0,1997,9,23,18,0
1997263N14084,1997,UNNAMED,1997-09-24 00:00:00+00:00,16.3,82.4,30.0,998.0,3.0,10.0,35,30.0,0.0,1997,9,24,0,0
1997263N14084,1997,UNNAMED,1997-09-24 03:00:00+00:00,16.4,82.4,30.0,998.0,2.0,25.0,24,30.0,0.0,1997,9,24,3,0
1997263N14084,1997,UNNAMED,1997-09-24 06:00:00+00:00,16.5,82.5,30.0,998.0,3.0,45.0,24,30.0,0.0,1997,9,24,6,1
1997263N14084,1997,UNNAMED,1997-09-24 09:00:00+00:00,16.6,82.6,35.0,996.0,4.0,45.0,30,30.0,5.0,1997,9,24,9,0
1997263N14084,1997,UNNAMED,1997-09-24 12:00:00+00:00,16.8,82.8,35.0,996.0,4.0,40.0,42,35.0,0.0,1997,9,24,12,0
1997263N14084,1997,UNNAMED,1997-09-24 18:00:00+00:00,17.0,83.1,35.0,996.0,5.0,60.0,54,35.0,0.0,1997,9,24,18,0
1997263N14084,1997,UNNAMED,1997-09-25 00:00:00+00:00,17.3,83.7,35.0,994.0,6.0,65.0,61,35.0,0.0,1997,9,25,0,0
1997263N14084,1997,UNNAMED,1997-09-25 03:00:00+00:00,17.4,83.9,35.0,994.0,6.0,55.0,69,35.0,0.0,1997,9,25,3,0
1997263N14084,1997,UNNAMED,1997-09-25 06:00:00+00:00,17.7,84.2,35.0,994.0,8.0,50.0,64,35.0,0.0,1997,9,25,6,0
1997263N14084,1997,UNNAMED,1997-09-25 09:00:00+00:00,17.9,84.6,35.0,994.0,8.0,60.0,69,35.0,0.0,1997,9,25,9,0
1997263N14084,1997,UNNAMED,1997-09-25 12:00:00+00:00,18.1,85.0,35.0,994.0,9.0,65.0,84,35.0,0.0,1997,9,25,12,0
1997263N14084,1997,UNNAMED,1997-09-25 18:00:00+00:00,18.7,85.9,35.0,994.0,13.0,55.0,113,35.0,0.0,1997,9,25,18,0
1997263N14084,1997,UNNAMED,1997-09-26 00:00:00+00:00,19.5,87.1,35.0,994.0,12.0,45.0,92,35.0,0.0,1997,9,26,0,0
1997263N14084,1997,UNNAMED,1997-09-26 03:00:00+00:00,19.8,87.4,35.0,994.0,13.0,55.0,92,35.0,0.0,1997,9,26,3,1
1997263N14084,1997,UNNAMED,1997-09-26 06:00:00+00:00,20.3,88.3,40.0,992.0,15.0,50.0,142,35.0,5.0,1997,9,26,6,1
1997263N14084,1997,UNNAMED,1997-09-26 09:00:00+00:00,20.7,88.6,45.0,990.0,15.0,50.0,101,40.0,5.0,1997,9,26,9,0
1997263N14084,1997,UNNAMED,1997-09-26 12:00:00+00:00,21.3,89.5,45.0,988.0,17.0,60.0,45,45.0,0.0,1997,9,26,12,1
1997298N06140,1997,LINDA,1997-11-01 06:00:00+00:00,7.9,112.0,35.0,996.0,14.0,285.0,430,35.0,0.0,1997,11,1,6,1
1997298N06140,1997,LINDA,1997-11-01 12:00:00+00:00,8.3,110.7,40.0,994.0,15.0,285.0,391,35.0,5.0,1997,11,1,12,1
1997298N06140,1997,LINDA,1997-11-01 18:00:00+00:00,8.6,109.2,45.0,992.0,16.0,280.0,269,40.0,5.0,1997,11,1,18,1
1997298N06140,1997,LINDA,1997-11-02 00:00:00+00:00,8.8,107.6,50.0,985.0,17.0,270.0,149,45.0,5.0,1997,11,2,0,0
1997298N06140,1997,LINDA,1997-11-02 06:00:00+00:00,8.8,106.0,50.0,985.0,14.0,275.0,55,50.0,0.0,1997,11,2,6,0
1997298N06140,1997,LINDA,1997-11-02 12:00:00+00:00,9.0,104.7,50.0,985.0,11.0,280.0,21,50.0,0.0,1997,11,2,12,0
1997298N06140,1997,LINDA,1997-11-02 18:00:00+00:00,9.3,103.7,50.0,985.0,10.0,290.0,131,50.0,0.0,1997,11,2,18,0
1997298N06140,1997,LINDA,1997-11-03 00:00:00+00:00,9.7,102.8,45.0,990.0,10.0,300.0,125,50.0,-5.0,1997,11,3,0,0
1997298N06140,1997,LINDA,1997-11-03 06:00:00+00:00,10.3,101.9,45.0,990.0,11.0,305.0,147,45.0,0.0,1997,11,3,6,0
1997298N06140,1997,LINDA,1997-11-03 12:00:00+00:00,11.0,101.0,40.0,992.0,12.0,315.0,154,45.0,-5.0,1997,11,3,12,0
1997298N06140,1997,LINDA,1997-11-03 18:00:00+00:00,11.8,100.0,35.0,998.0,13.0,305.0,24,40.0,-5.0,1997,11,3,18,0
1997298N06140,1997,LINDA,1997-11-04 03:00:00+00:00,12.6,98.2,35.0,1006.0,13.0,295.0,43,35.0,0.0,1997,11,4,3,0
1997298N06140,1997,LINDA,1997-11-04 06:00:00+00:00,12.9,97.5,35.0,1006.0,12.0,290.0,101,35.0,0.0,1997,11,4,6,0
1997298N06140,1997,LINDA,1997-11-04 09:00:00+00:00,13.0,97.0,35.0,1004.0,11.0,295.0,136,35.0,0.0,1997,11,4,9,0
1997298N06140,1997,LINDA,1997-11-04 12:00:00+00:00,13.3,96.5,35.0,1004.0,10.0,300.0,176,35.0,0.0,1997,11,4,12,0
1997298N06140,1997,LINDA,1997-11-04 18:00:00+00:00,13.7,95.8,35.0,1004.0,9.0,285.0,226,35.0,0.0,1997,11,4,18,0
1997298N06140,1997,LINDA,1997-11-05 00:00:00+00:00,13.9,94.8,35.0,1004.0,7.0,280.0,202,35.0,0.0,1997,11,5,0,0
1997298N06140,1997,LINDA,1997-11-05 03:00:00+00:00,13.9,94.6,35.0,1004.0,5.0,285.0,206,35.0,0.0,1997,11,5,3,0
1997298N06140,1997,LINDA,1997-11-05 06:00:00+00:00,14.0,94.3,35.0,1004.0,6.0,290.0,201,35.0,0.0,1997,11,5,6,0
1997298N06140,1997,LINDA,1997-11-05 12:00:00+00:00,14.3,93.7,35.0,1004.0,5.0,295.0,183,35.0,0.0,1997,11,5,12,0
1997298N06140,1997,LINDA,1997-11-05 18:00:00+00:00,14.4,93.4,35.0,1004.0,3.0,290.0,189,35.0,0.0,1997,11,5,18,0
1997298N06140,1997,LINDA,1997-11-06 00:00:00+00:00,14.6,93.0,35.0,1004.0,5.0,315.0,201,35.0,0.0,1997,11,6,0,0
1997298N06140,1997,LINDA,1997-11-06 03:00:00+00:00,14.8,92.8,35.0,1004.0,5.0,300.0,201,35.0,0.0,1997,11,6,3,0
1997298N06140,1997,LINDA,1997-11-06 06:00:00+00:00,14.8,92.5,35.0,1004.0,8.0,275.0,226,35.0,0.0,1997,11,6,6,0
1997298N06140,1997,LINDA,1997-11-06 09:00:00+00:00,14.9,92.0,35.0,1004.0,6.0,280.0,266,35.0,0.0,1997,11,6,9,0
1997298N06140,1997,LINDA,1997-11-06 12:00:00+00:00,14.9,91.9,35.0,1004.0,2.0,300.0,275,35.0,0.0,1997,11,6,12,0
1997298N06140,1997,LINDA,1997-11-06 18:00:00+00:00,15.1,91.8,35.0,1004.0,2.0,345.0,276,35.0,0.0,1997,11,6,18,0
1997298N06140,1997,LINDA,1997-11-07 00:00:00+00:00,15.2,91.7,35.0,1004.0,5.0,280.0,282,35.0,0.0,1997,11,7,0,0
1997298N06140,1997,LINDA,1997-11-07 03:00:00+00:00,15.2,91.3,35.0,1004.0,5.0,265.0,323,35.0,0.0,1997,11,7,3,0
1997298N06140,1997,LINDA,1997-11-07 06:00:00+00:00,15.2,91.2,35.0,1004.0,2.0,255.0,333,35.0,0.0,1997,11,7,6,0
1997298N06140,1997,LINDA,1997-11-07 09:00:00+00:00,15.2,91.1,35.0,1004.0,1.0,245.0,343,35.0,0.0,1997,11,7,9,0
1997298N06140,1997,LINDA,1997-11-07 12:00:00+00:00,15.2,91.1,35.0,1004.0,1.0,240.0,343,35.0,0.0,1997,11,7,12,0
1997298N06140,1997,LINDA,1997-11-07 18:00:00+00:00,15.1,91.0,35.0,1004.0,0.0,0.0,357,35.0,0.0,1997,11,7,18,0
1997298N06140,1997,LINDA,1997-11-08 00:00:00+00:00,15.1,91.0,35.0,1004.0,3.0,270.0,357,35.0,0.0,1997,11,8,0,0
1997298N06140,1997,LINDA,1997-11-08 03:00:00+00:00,15.1,90.7,35.0,1006.0,5.0,270.0,388,35.0,0.0,1997,11,8,3,0
1997298N06140,1997,LINDA,1997-11-08 06:00:00+00:00,15.1,90.5,35.0,1006.0,3.0,270.0,409,35.0,0.0,1997,11,8,6,0
1997298N06140,1997,LINDA,1997-11-08 09:00:00+00:00,15.1,90.4,35.0,1006.0,1.0,270.0,419,35.0,0.0,1997,11,8,9,0
1997298N06140,1997,LINDA,1997-11-08 12:00:00+00:00,15.1,90.4,35.0,1005.0,1.0,300.0,419,35.0,0.0,1997,11,8,12,0
1997298N06140,1997,LINDA,1997-11-08 18:00:00+00:00,15.2,90.3,35.0,1005.0,1.0,25.0,427,35.0,0.0,1997,11,8,18,0
1997298N06140,1997,LINDA,1997-11-09 00:00:00+00:00,15.3,90.4,35.0,1005.0,2.0,290.0,414,35.0,0.0,1997,11,9,0,0
1997298N06140,1997,LINDA,1997-11-09 03:00:00+00:00,15.3,90.1,30.0,1007.0,2.0,295.0,446,35.0,-5.0,1997,11,9,3,0
1997298N06140,1997,LINDA,1997-11-09 06:00:00+00:00,15.4,90.2,30.0,1007.0,2.0,50.0,433,30.0,0.0,1997,11,9,6,0
1997307N08082,1997,UNNAMED,1997-11-10 18:00:00+00:00,12.0,67.7,25.0,1006.0,2.0,190.0,754,35.0,0.0,1997,11,10,18,0
1997307N08082,1997,UNNAMED,1997-11-11 00:00:00+00:00,11.9,67.7,25.0,1007.0,6.0,290.0,760,25.0,0.0,1997,11,11,0,1
1997307N08082,1997,UNNAMED,1997-11-11 03:00:00+00:00,12.1,67.2,30.0,1007.0,17.0,290.0,798,25.0,5.0,1997,11,11,3,0
1997307N08082,1997,UNNAMED,1997-11-11 06:00:00+00:00,12.4,66.1,30.0,1007.0,17.0,295.0,895,30.0,0.0,1997,11,11,6,0
1997307N08082,1997,UNNAMED,1997-11-11 12:00:00+00:00,13.1,65.5,30.0,1005.0,5.0,335.0,921,30.0,0.0,1997,11,11,12,0
1997307N08082,1997,UNNAMED,1997-11-11 18:00:00+00:00,13.3,65.3,30.0,1005.0,2.0,285.0,931,30.0,0.0,1997,11,11,18,0
1997307N08082,1997,UNNAMED,1997-11-12 00:00:00+00:00,13.4,65.2,30.0,1005.0,5.0,20.0,937,30.0,0.0,1997,11,12,0,0
1997307N08082,1997,UNNAMED,1997-11-12 03:00:00+00:00,13.7,65.3,30.0,1005.0,7.0,30.0,914,30.0,0.0,1997,11,12,3,0
1997307N08082,1997,UNNAMED,1997-11-12 06:00:00+00:00,14.1,65.5,30.0,1005.0,5.0,325.0,878,30.0,0.0,1997,11,12,6,0
1997307N08082,1997,UNNAMED,1997-11-12 12:00:00+00:00,14.2,64.4,30.0,1005.0,8.0,285.0,884,30.0,0.0,1997,11,12,12,0
1997307N08082,1997,UNNAMED,1997-11-12 18:00:00+00:00,14.6,64.1,30.0,1005.0,5.0,290.0,831,30.0,0.0,1997,11,12,18,0
1997307N08082,1997,UNNAMED,1997-11-13 00:00:00+00:00,14.6,63.4,30.0,1005.0,5.0,270.0,773,30.0,0.0,1997,11,13,0,0
1997307N08082,1997,UNNAMED,1997-11-13 03:00:00+00:00,14.6,63.2,30.0,1005.0,6.0,270.0,756,30.0,0.0,1997,11,13,3,0
1997307N08082,1997,UNNAMED,1997-11-13 06:00:00+00:00,14.6,62.7,30.0,1005.0,7.0,275.0,717,30.0,0.0,1997,11,13,6,0
1998133N04086,1998,UNNAMED,1998-05-17 12:00:00+00:00,14.2,87.3,25.0,998.0,11.0,55.0,572,35.0,0.0,1998,5,17,12,0
1998133N04086,1998,UNNAMED,1998-05-17 18:00:00+00:00,14.7,88.0,25.0,998.0,7.0,55.0,579,25.0,0.0,1998,5,17,18,0
1998133N04086,1998,UNNAMED,1998-05-18 00:00:00+00:00,15.1,88.5,25.0,998.0,7.0,25.0,586,25.0,0.0,1998,5,18,0,0
1998133N04086,1998,UNNAMED,1998-05-18 03:00:00+00:00,15.5,88.6,25.0,998.0,9.0,15.0,554,25.0,0.0,1998,5,18,3,1
1998133N04086,1998,UNNAMED,1998-05-18 06:00:00+00:00,16.0,88.7,30.0,996.0,11.0,25.0,509,25.0,5.0,1998,5,18,6,1
1998133N04086,1998,UNNAMED,1998-05-18 09:00:00+00:00,16.5,89.1,35.0,992.0,13.0,35.0,484,30.0,5.0,1998,5,18,9,0
1998133N04086,1998,UNNAMED,1998-05-18 12:00:00+00:00,17.0,89.4,35.0,994.0,11.0,25.0,461,35.0,0.0,1998,5,18,12,0
1998133N04086,1998,UNNAMED,1998-05-18 18:00:00+00:00,18.0,89.6,35.0,994.0,10.0,10.0,398,35.0,0.0,1998,5,18,18,0
1998133N04086,1998,UNNAMED,1998-05-19 00:00:00+00:00,19.1,90.0,35.0,990.0,12.0,30.0,294,35.0,0.0,1998,5,19,0,0
1998133N04086,1998,UNNAMED,1998-05-19 03:00:00+00:00,19.6,90.4,35.0,990.0,11.0,20.0,242,35.0,0.0,1998,5,19,3,1
1998133N04086,1998,UNNAMED,1998-05-19 06:00:00+00:00,20.1,90.5,55.0,986.0,9.0,10.0,192,35.0,20.0,1998,5,19,6,0
1998133N04086,1998,UNNAMED,1998-05-19 12:00:00+00:00,20.7,90.7,55.0,976.0,6.0,30.0,133,55.0,0.0,1998,5,19,12,1
1998133N04086,1998,UNNAMED,1998-05-19 18:00:00+00:00,21.2,91.1,60.0,974.0,6.0,35.0,89,55.0,5.0,1998,5,19,18,0
1998152N11075,1998,UNNAMED,1998-06-04 06:00:00+00:00,11.1,71.0,25.0,1004.0,9.0,265.0,455,35.0,0.0,1998,6,4,6,1
1998152N11075,1998,UNNAMED,1998-06-04 12:00:00+00:00,11.2,70.3,30.0,1004.0,6.0,275.0,521,25.0,5.0,1998,6,4,12,0
1998152N11075,1998,UNNAMED,1998-06-05 03:00:00+00:00,11.3,70.3,30.0,1004.0,5.0,35.0,517,30.0,0.0,1998,6,5,3,0
1998152N11075,1998,UNNAMED,1998-06-05 06:00:00+00:00,11.6,70.5,30.0,1000.0,9.0,350.0,486,30.0,0.0,1998,6,5,6,1
1998152N11075,1998,UNNAMED,1998-06-05 09:00:00+00:00,12.2,70.2,35.0,998.0,6.0,310.0,503,30.0,5.0,1998,6,5,9,0
1998152N11075,1998,UNNAMED,1998-06-05 12:00:00+00:00,12.0,70.1,35.0,998.0,4.0,230.0,518,35.0,0.0,1998,6,5,12,0
1998152N11075,1998,UNNAMED,1998-06-05 18:00:00+00:00,12.0,69.6,35.0,996.0,5.0,300.0,572,35.0,0.0,1998,6,5,18,0
1998152N11075,1998,UNNAMED,1998-06-06 00:00:00+00:00,12.4,69.3,35.0,996.0,3.0,320.0,581,35.0,0.0,1998,6,6,0,1
1998152N11075,1998,UNNAMED,1998-06-06 03:00:00+00:00,12.4,69.2,45.0,996.0,2.0,330.0,591,35.0,10.0,1998,6,6,3,1
1998152N11075,1998,UNNAMED,1998-06-06 06:00:00+00:00,12.5,69.2,55.0,989.0,4.0,340.0,585,45.0,10.0,1998,6,6,6,0
1998152N11075,1998,UNNAMED,1998-06-06 12:00:00+00:00,13.1,69.0,55.0,987.0,7.0,330.0,574,55.0,0.0,1998,6,6,12,0
1998152N11075,1998,UNNAMED,1998-06-06 18:00:00+00:00,13.6,68.5,55.0,991.0,7.0,320.0,602,55.0,0.0,1998,6,6,18,0
1998152N11075,1998,UNNAMED,1998-06-07 00:00:00+00:00,14.2,68.1,55.0,989.0,8.0,340.0,614,55.0,0.0,1998,6,7,0,0
1998152N11075,1998,UNNAMED,1998-06-07 03:00:00+00:00,14.6,68.0,55.0,989.0,9.0,350.0,606,55.0,0.0,1998,6,7,3,0
1998152N11075,1998,UNNAMED,1998-06-07 06:00:00+00:00,15.0,68.0,55.0,989.0,9.0,350.0,591,55.0,0.0,1998,6,7,6,1
1998152N11075,1998,UNNAMED,1998-06-07 09:00:00+00:00,15.4,67.9,65.0,979.0,9.0,355.0,590,55.0,10.0,1998,6,7,9,1
1998152N11075,1998,UNNAMED,1998-06-07 12:00:00+00:00,15.9,67.9,80.0,970.0,8.0,360.0,580,65.0,15.0,1998,6,7,12,0
1998152N11075,1998,UNNAMED,1998-06-07 18:00:00+00:00,16.6,67.9,80.0,970.0,8.0,5.0,551,80.0,0.0,1998,6,7,18,0
1998152N11075,1998,UNNAMED,1998-06-08 00:00:00+00:00,17.6,67.9,80.0,970.0,11.0,345.0,459,80.0,0.0,1998,6,8,0,0
1998152N11075,1998,UNNAMED,1998-06-08 03:00:00+00:00,18.1,67.6,80.0,970.0,10.0,0.0,432,80.0,0.0,1998,6,8,3,1
1998152N11075,1998,UNNAMED,1998-06-08 06:00:00+00:00,18.6,67.9,90.0,970.0,10.0,15.0,368,80.0,10.0,1998,6,8,6,0
1998152N11075,1998,UNNAMED,1998-06-08 12:00:00+00:00,19.6,67.9,90.0,958.0,10.0,10.0,289,90.0,0.0,1998,6,8,12,0
1998152N11075,1998,UNNAMED,1998-06-08 18:00:00+00:00,20.5,68.4,80.0,960.0,11.0,30.0,182,90.0,-10.0,1998,6,8,18,0
1998165N18088,1998,UNNAMED,1998-06-13 15:00:00+00:00,17.5,87.5,25.0,994.0,29.0,270.0,302,35.0,0.0,1998,6,13,15,1
1998165N18088,1998,UNNAMED,1998-06-13 18:00:00+00:00,17.5,86.0,30.0,995.0,21.0,270.0,207,25.0,5.0,1998,6,13,18,0
1998165N18088,1998,UNNAMED,1998-06-14 00:00:00+00:00,17.5,85.0,30.0,995.0,8.0,270.0,130,30.0,0.0,1998,6,14,0,0
1998165N18088,1998,UNNAMED,1998-06-14 03:00:00+00:00,17.5,84.5,30.0,995.0,14.0,270.0,99,30.0,0.0,1998,6,14,3,0
1998165N18088,1998,UNNAMED,1998-06-14 06:00:00+00:00,17.5,83.5,30.0,995.0,13.0,265.0,30,30.0,0.0,1998,6,14,6,0
1998280N14069,1998,UNNAMED,1998-10-06 12:00:00+00:00,14.0,69.0,25.0,1002.0,0.0,0.0,536,35.0,0.0,1998,10,6,12,0
1998280N14069,1998,UNNAMED,1998-10-06 18:00:00+00:00,14.0,69.0,25.0,1002.0,0.0,0.0,536,25.0,0.0,1998,10,6,18,0
1998280N14069,1998,UNNAMED,1998-10-07 00:00:00+00:00,14.0,69.0,25.0,1002.0,0.0,0.0,536,25.0,0.0,1998,10,7,0,0
1998280N14069,1998,UNNAMED,1998-10-07 03:00:00+00:00,14.0,69.0,25.0,1004.0,10.0,270.0,536,25.0,0.0,1998,10,7,3,0
1998280N14069,1998,UNNAMED,1998-10-07 06:00:00+00:00,14.0,68.0,25.0,1002.0,11.0,270.0,633,25.0,0.0,1998,10,7,6,0
1998280N14069,1998,UNNAMED,1998-10-07 12:00:00+00:00,14.0,68.0,25.0,1000.0,0.0,270.0,633,25.0,0.0,1998,10,7,12,0
1998280N14069,1998,UNNAMED,1998-10-07 18:00:00+00:00,14.0,67.5,25.0,1002.0,6.0,270.0,682,25.0,0.0,1998,10,7,18,1
1998280N14069,1998,UNNAMED,1998-10-08 00:00:00+00:00,14.0,67.0,30.0,1000.0,2.0,270.0,731,25.0,5.0,1998,10,8,0,0
1998280N14069,1998,UNNAMED,1998-10-08 03:00:00+00:00,14.0,67.0,30.0,1002.0,0.0,0.0,731,30.0,0.0,1998,10,8,3,0
1998280N14069,1998,UNNAMED,1998-10-08 06:00:00+00:00,14.0,67.0,30.0,1002.0,4.0,260.0,731,30.0,0.0,1998,10,8,6,0
1998280N14069,1998,UNNAMED,1998-10-08 12:00:00+00:00,14.0,66.0,30.0,998.0,10.0,305.0,831,30.0,0.0,1998,10,8,12,0
1998280N14069,1998,UNNAMED,1998-10-08 18:00:00+00:00,15.0,65.5,30.0,1002.0,10.0,305.0,844,30.0,0.0,1998,10,8,18,0
1998280N14069,1998,UNNAMED,1998-10-09 00:00:00+00:00,15.0,64.5,30.0,1000.0,4.0,260.0,841,30.0,0.0,1998,10,9,0,0
1998280N14069,1998,UNNAMED,1998-10-09 03:00:00+00:00,15.0,64.5,30.0,1002.0,5.0,270.0,841,30.0,0.0,1998,10,9,3,0
1998280N14069,1998,UNNAMED,1998-10-09 06:00:00+00:00,15.0,64.0,30.0,1002.0,8.0,270.0,796,30.0,0.0,1998,10,9,6,0
1998285N14068,1998,UNNAMED,1998-10-11 12:00:00+00:00,14.0,67.5,25.0,1002.0,15.0,320.0,682,35.0,0.0,1998,10,11,12,0
1998285N14068,1998,UNNAMED,1998-10-11 18:00:00+00:00,15.0,66.5,25.0,1002.0,11.0,305.0,747,25.0,0.0,1998,10,11,18,0
1998285N14068,1998,UNNAMED,1998-10-12 00:00:00+00:00,15.0,66.0,25.0,1000.0,8.0,150.0,799,25.0,0.0,1998,10,12,0,0
1998285N14068,1998,UNNAMED,1998-10-12 03:00:00+00:00,14.5,66.5,25.0,1000.0,10.0,180.0,762,25.0,0.0,1998,10,12,3,0
1998285N14068,1998,UNNAMED,1998-10-12 06:00:00+00:00,14.0,66.0,25.0,1000.0,0.0,0.0,831,25.0,0.0,1998,10,12,6,1
1998285N14068,1998,UNNAMED,1998-10-12 09:00:00+00:00,14.5,66.5,30.0,998.0,10.0,0.0,762,25.0,5.0,1998,10,12,9,0
1998285N14068,1998,UNNAMED,1998-10-12 12:00:00+00:00,15.0,66.0,30.0,998.0,10.0,305.0,799,30.0,0.0,1998,10,12,12,0
1998285N14068,1998,UNNAMED,1998-10-12 18:00:00+00:00,15.0,65.5,30.0,998.0,2.0,205.0,844,30.0,0.0,1998,10,12,18,0
1998285N14068,1998,UNNAMED,1998-10-13 00:00:00+00:00,15.0,65.5,30.0,998.0,8.0,320.0,844,30.0,0.0,1998,10,13,0,0
1998285N14068,1998,UNNAMED,1998-10-13 03:00:00+00:00,15.5,65.0,30.0,998.0,11.0,295.0,832,30.0,0.0,1998,10,13,3,0
1998285N14068,1998,UNNAMED,1998-10-13 06:00:00+00:00,15.5,64.5,30.0,998.0,8.0,285.0,812,30.0,0.0,1998,10,13,6,0
1998285N14068,1998,UNNAMED,1998-10-13 12:00:00+00:00,16.0,64.0,25.0,998.0,3.0,330.0,738,30.0,-5.0,1998,10,13,12,0
1998285N14068,1998,UNNAMED,1998-10-13 18:00:00+00:00,16.0,64.0,25.0,1000.0,2.0,315.0,738,25.0,0.0,1998,10,13,18,0
1998285N14068,1998,UNNAMED,1998-10-14 00:00:00+00:00,16.5,63.5,25.0,1002.0,12.0,315.0,665,25.0,0.0,1998,10,14,0,0
1998285N14068,1998,UNNAMED,1998-10-14 03:00:00+00:00,17.0,63.0,25.0,1004.0,11.0,300.0,593,25.0,0.0,1998,10,14,3,0
1998285N14068,1998,UNNAMED,1998-10-14 06:00:00+00:00,17.0,62.5,25.0,1004.0,8.0,290.0,545,25.0,0.0,1998,10,14,6,0
1998285N14068,1998,UNNAMED,1998-10-14 12:00:00+00:00,17.5,62.0,25.0,1004.0,9.0,255.0,474,25.0,0.0,1998,10,14,12,0
1998285N14068,1998,UNNAMED,1998-10-14 18:00:00+00:00,16.5,61.0,25.0,1000.0,6.0,150.0,439,25.0,0.0,1998,10,14,18,0
1998285N14068,1998,UNNAMED,1998-10-15 00:00:00+00:00,16.6,62.4,25.0,1000.0,12.0,100.0,556,25.0,0.0,1998,10,15,0,0
1998285N14068,1998,UNNAMED,1998-10-15 03:00:00+00:00,16.4,62.9,25.0,1000.0,8.0,100.0,613,25.0,0.0,1998,10,15,3,0
1998285N14068,1998,UNNAMED,1998-10-15 06:00:00+00:00,16.5,63.3,25.0,998.0,8.0,65.0,646,25.0,0.0,1998,10,15,6,1
1998285N14068,1998,UNNAMED,1998-10-15 12:00:00+00:00,16.8,63.9,30.0,994.0,5.0,80.0,690,25.0,5.0,1998,10,15,12,0
1998285N14068,1998,UNNAMED,1998-10-15 18:00:00+00:00,16.8,64.4,30.0,996.0,6.0,75.0,740,30.0,0.0,1998,10,15,18,0
1998285N14068,1998,UNNAMED,1998-10-16 00:00:00+00:00,17.1,65.1,30.0,996.0,7.0,65.0,696,30.0,0.0,1998,10,16,0,0
1998285N14068,1998,UNNAMED,1998-10-16 03:00:00+00:00,17.2,65.4,30.0,996.0,17.0,55.0,665,30.0,0.0,1998,10,16,3,0
1998285N14068,1998,UNNAMED,1998-10-16 06:00:00+00:00,18.1,66.6,30.0,998.0,24.0,55.0,504,30.0,0.0,1998,10,16,6,1
1998285N14068,1998,UNNAMED,1998-10-16 12:00:00+00:00,18.7,68.3,35.0,996.0,15.0,60.0,333,30.0,5.0,1998,10,16,12,0
1998285N14068,1998,UNNAMED,1998-10-16 18:00:00+00:00,19.7,69.3,35.0,996.0,8.0,25.0,182,35.0,0.0,1998,10,16,18,0
1998287N16083,1998,UNNAMED,1998-10-13 12:00:00+00:00,15.5,82.5,25.0,1000.0,6.0,270.0,119,35.0,0.0,1998,10,13,12,1
1998287N16083,1998,UNNAMED,1998-10-13 18:00:00+00:00,15.5,82.0,30.0,1000.0,2.0,270.0,95,25.0,5.0,1998,10,13,18,0
1998287N16083,1998,UNNAMED,1998-10-14 00:00:00+00:00,15.5,82.0,30.0,1000.0,0.0,90.0,95,30.0,0.0,1998,10,14,0,0
1998287N16083,1998,UNNAMED,1998-10-14 03:00:00+00:00,15.5,82.0,30.0,1000.0,0.0,0.0,95,30.0,0.0,1998,10,14,3,0
1998287N16083,1998,UNNAMED,1998-10-14 06:00:00+00:00,15.5,82.0,30.0,1000.0,3.0,305.0,95,30.0,0.0,1998,10,14,6,0
1998299N11090,1998,UNNAMED,1998-10-26 09:00:00+00:00,11.0,90.0,25.0,1002.0,31.0,290.0,717,35.0,0.0,1998,10,26,9,0
1998299N11090,1998,UNNAMED,1998-10-26 12:00:00+00:00,11.5,88.5,25.0,1002.0,22.0,295.0,795,25.0,0.0,1998,10,26,12,0
1998299N11090,1998,UNNAMED,1998-10-26 18:00:00+00:00,12.0,88.0,25.0,1004.0,2.0,10.0,801,25.0,0.0,1998,10,26,18,0
1998299N11090,1998,UNNAMED,1998-10-27 00:00:00+00:00,12.0,88.0,25.0,1004.0,0.0,125.0,801,25.0,0.0,1998,10,27,0,0
1998299N11090,1998,UNNAMED,1998-10-27 03:00:00+00:00,12.0,88.0,25.0,1004.0,11.0,295.0,801,25.0,0.0,1998,10,27,3,0
1998299N11090,1998,UNNAMED,1998-10-27 06:00:00+00:00,12.5,87.0,25.0,1004.0,14.0,305.0,683,25.0,0.0,1998,10,27,6,1
1998299N11090,1998,UNNAMED,1998-10-27 12:00:00+00:00,13.0,87.0,30.0,1002.0,4.0,305.0,646,25.0,5.0,1998,10,27,12,0
1998299N11090,1998,UNNAMED,1998-10-27 18:00:00+00:00,13.0,86.0,30.0,1002.0,8.0,265.0,566,30.0,0.0,1998,10,27,18,0
1998299N11090,1998,UNNAMED,1998-10-28 00:00:00+00:00,13.0,85.5,30.0,1002.0,7.0,270.0,529,30.0,0.0,1998,10,28,0,0
1998299N11090,1998,UNNAMED,1998-10-28 03:00:00+00:00,13.0,85.0,30.0,1004.0,10.0,270.0,496,30.0,0.0,1998,10,28,3,0
1998299N11090,1998,UNNAMED,1998-10-28 06:00:00+00:00,13.0,84.5,30.0,1004.0,8.0,270.0,456,30.0,0.0,1998,10,28,6,0
1998299N11090,1998,UNNAMED,1998-10-28 12:00:00+00:00,13.0,84.0,30.0,1004.0,4.0,270.0,402,30.0,0.0,1998,10,28,12,0
1998299N11090,1998,UNNAMED,1998-10-28 18:00:00+00:00,13.0,83.5,30.0,1004.0,5.0,260.0,348,30.0,0.0,1998,10,28,18,0
1998299N11090,1998,UNNAMED,1998-10-29 00:00:00+00:00,13.0,83.0,30.0,1004.0,6.0,340.0,294,30.0,0.0,1998,10,29,0,0
1998299N11090,1998,UNNAMED,1998-10-29 03:00:00+00:00,13.5,83.0,30.0,1004.0,8.0,0.0,292,30.0,0.0,1998,10,29,3,0
1998299N11090,1998,UNNAMED,1998-10-29 06:00:00+00:00,13.8,83.0,30.0,1004.0,7.0,315.0,291,30.0,0.0,1998,10,29,6,0
1998317N11087,1998,UNNAMED,1998-11-13 12:00:00+00:00,12.3,87.4,25.0,1004.0,7.0,345.0,730,35.0,0.0,1998,11,13,12,1
1998317N11087,1998,UNNAMED,1998-11-14 03:00:00+00:00,13.7,86.3,30.0,1002.0,13.0,320.0,538,25.0,5.0,1998,11,14,3,0
1998317N11087,1998,UNNAMED,1998-11-14 06:00:00+00:00,14.2,85.9,30.0,1002.0,9.0,320.0,470,30.0,0.0,1998,11,14,6,1
1998317N11087,1998,UNNAMED,1998-11-14 09:00:00+00:00,14.4,85.7,35.0,998.0,8.0,315.0,439,30.0,5.0,1998,11,14,9,1
1998317N11087,1998,UNNAMED,1998-11-14 12:00:00+00:00,14.8,85.3,45.0,996.0,10.0,315.0,379,35.0,10.0,1998,11,14,12,1
1998317N11087,1998,UNNAMED,1998-11-14 18:00:00+00:00,15.3,84.8,55.0,992.0,6.0,310.0,304,45.0,10.0,1998,11,14,18,0
1998317N11087,1998,UNNAMED,1998-11-15 00:00:00+00:00,15.8,84.2,55.0,992.0,10.0,315.0,221,55.0,0.0,1998,11,15,0,1
1998317N11087,1998,UNNAMED,1998-11-15 03:00:00+00:00,16.2,83.8,65.0,988.0,12.0,320.0,163,55.0,10.0,1998,11,15,3,1
1998317N11087,1998,UNNAMED,1998-11-15 06:00:00+00:00,16.7,83.4,77.0,982.0,11.0,330.0,99,65.0,12.0,1998,11,15,6,0
1998320N10102,1998,UNNAMED,1998-11-19 03:00:00+00:00,11.7,92.6,25.0,1002.0,8.0,310.0,498,35.0,0.0,1998,11,19,3,0
1998320N10102,1998,UNNAMED,1998-11-19 06:00:00+00:00,11.9,92.3,25.0,1002.0,8.0,305.0,492,25.0,0.0,1998,11,19,6,1
1998320N10102,1998,UNNAMED,1998-11-19 12:00:00+00:00,12.5,91.4,30.0,1000.0,9.0,300.0,491,25.0,5.0,1998,11,19,12,0
1998320N10102,1998,UNNAMED,1998-11-19 15:00:00+00:00,12.7,91.1,30.0,1000.0,9.0,295.0,497,30.0,0.0,1998,11,19,15,0
1998320N10102,1998,UNNAMED,1998-11-19 18:00:00+00:00,12.9,90.6,30.0,1002.0,15.0,300.0,520,30.0,0.0,1998,11,19,18,0
1998320N10102,1998,UNNAMED,1998-11-20 00:00:00+00:00,14.0,89.0,30.0,1002.0,17.0,310.0,601,30.0,0.0,1998,11,20,0,1
1998320N10102,1998,UNNAMED,1998-11-20 03:00:00+00:00,14.5,88.5,35.0,1000.0,13.0,315.0,633,30.0,5.0,1998,11,20,3,0
1998320N10102,1998,UNNAMED,1998-11-20 06:00:00+00:00,15.0,88.1,35.0,998.0,11.0,330.0,563,35.0,0.0,1998,11,20,6,0
1998320N10102,1998,UNNAMED,1998-11-20 09:00:00+00:00,15.4,88.0,35.0,996.0,7.0,350.0,524,35.0,0.0,1998,11,20,9,1
1998320N10102,1998,UNNAMED,1998-11-20 12:00:00+00:00,15.6,88.0,45.0,996.0,5.0,355.0,508,35.0,10.0,1998,11,20,12,0
1998320N10102,1998,UNNAMED,1998-11-20 18:00:00+00:00,16.2,87.9,45.0,996.0,5.0,340.0,453,45.0,0.0,1998,11,20,18,0
1998320N10102,1998,UNNAMED,1998-11-21 00:00:00+00:00,16.7,87.6,45.0,996.0,8.0,340.0,390,45.0,0.0,1998,11,21,0,1
1998320N10102,1998,UNNAMED,1998-11-21 03:00:00+00:00,17.1,87.4,55.0,992.0,10.0,350.0,341,45.0,10.0,1998,11,21,3,0
1998320N10102,1998,UNNAMED,1998-11-21 06:00:00+00:00,17.6,87.4,55.0,992.0,10.0,355.0,288,55.0,0.0,1998,11,21,6,0
1998320N10102,1998,UNNAMED,1998-11-21 09:00:00+00:00,18.1,87.3,55.0,992.0,13.0,0.0,232,55.0,0.0,1998,11,21,9,1
1998320N10102,1998,UNNAMED,1998-11-21 12:00:00+00:00,18.9,87.4,65.0,984.0,11.0,5.0,161,55.0,10.0,1998,11,21,12,0
1998320N10102,1998,UNNAMED,1998-11-21 18:00:00+00:00,19.5,87.5,65.0,984.0,5.0,25.0,122,65.0,0.0,1998,11,21,18,0
1998320N10102,1998,UNNAMED,1998-11-22 00:00:00+00:00,20.1,87.9,65.0,984.0,11.0,25.0,115,65.0,0.0,1998,11,22,0,0
1998320N10102,1998,UNNAMED,1998-11-22 03:00:00+00:00,20.7,88.2,60.0,990.0,12.0,30.0,100,65.0,-5.0,1998,11,22,3,0
1998343N08114,1998,GIL,1998-12-09 18:00:00+00:00,7.5,108.7,35.0,996.0,8.0,285.0,337,35.0,0.0,1998,12,9,18,1
1998343N08114,1998,GIL,1998-12-10 00:00:00+00:00,7.7,108.0,40.0,994.0,7.0,295.0,267,35.0,5.0,1998,12,10,0,0
1998343N08114,1998,GIL,1998-12-10 06:00:00+00:00,8.0,107.2,40.0,992.0,9.0,285.0,189,40.0,0.0,1998,12,10,6,0
1998343N08114,1998,GIL,1998-12-10 12:00:00+00:00,8.1,106.3,40.0,996.0,6.0,270.0,135,40.0,0.0,1998,12,10,12,0
1998343N08114,1998,GIL,1998-12-10 18:00:00+00:00,8.1,105.8,35.0,998.0,7.0,270.0,95,40.0,-5.0,1998,12,10,18,0
1998346N10072,1998,UNNAMED,1998-12-13 00:00:00+00:00,10.6,68.6,25.0,1004.0,5.0,315.0,719,35.0,0.0,1998,12,13,0,1
1998346N10072,1998,UNNAMED,1998-12-13 03:00:00+00:00,10.8,68.4,30.0,1002.0,5.0,315.0,732,25.0,5.0,1998,12,13,3,1
1998346N10072,1998,UNNAMED,1998-12-13 06:00:00+00:00,11.0,68.2,35.0,1000.0,7.0,315.0,746,30.0,5.0,1998,12,13,6,0
1998346N10072,1998,UNNAMED,1998-12-13 09:00:00+00:00,11.2,67.9,35.0,1000.0,9.0,315.0,772,35.0,0.0,1998,12,13,9,0
1998346N10072,1998,UNNAMED,1998-12-13 12:00:00+00:00,11.5,67.6,35.0,1000.0,8.0,320.0,786,35.0,0.0,1998,12,13,12,0
1998346N10072,1998,UNNAMED,1998-12-13 18:00:00+00:00,12.1,67.4,35.0,1000.0,4.0,355.0,778,35.0,0.0,1998,12,13,18,0
1998346N10072,1998,UNNAMED,1998-12-14 00:00:00+00:00,12.4,67.4,35.0,1000.0,6.0,355.0,764,35.0,0.0,1998,12,14,0,1
1998346N10072,1998,UNNAMED,1998-12-14 03:00:00+00:00,12.8,67.3,45.0,998.0,7.0,345.0,757,35.0,10.0,1998,12,14,3,0
1998346N10072,1998,UNNAMED,1998-12-14 06:00:00+00:00,13.1,67.2,45.0,998.0,8.0,335.0,754,45.0,0.0,1998,12,14,6,1
1998346N10072,1998,UNNAMED,1998-12-14 09:00:00+00:00,13.5,67.0,55.0,993.0,9.0,345.0,755,45.0,10.0,1998,12,14,9,0
1998346N10072,1998,UNNAMED,1998-12-14 12:00:00+00:00,14.0,66.9,55.0,993.0,10.0,355.0,741,55.0,0.0,1998,12,14,12,0
1998346N10072,1998,UNNAMED,1998-12-14 18:00:00+00:00,14.9,66.8,55.0,993.0,7.0,355.0,718,55.0,0.0,1998,12,14,18,0
1998346N10072,1998,UNNAMED,1998-12-15 00:00:00+00:00,15.6,66.6,55.0,993.0,13.0,325.0,721,55.0,0.0,1998,12,15,0,0
1998346N10072,1998,UNNAMED,1998-12-15 03:00:00+00:00,16.3,66.0,55.0,993.0,14.0,320.0,695,55.0,0.0,1998,12,15,3,0
1998346N10072,1998,UNNAMED,1998-12-15 06:00:00+00:00,16.7,65.7,55.0,993.0,8.0,310.0,682,55.0,0.0,1998,12,15,6,0
1998346N10072,1998,UNNAMED,1998-12-15 09:00:00+00:00,16.7,65.4,55.0,993.0,8.0,300.0,705,55.0,0.0,1998,12,15,9,0
1998346N10072,1998,UNNAMED,1998-12-15 12:00:00+00:00,17.1,65.0,55.0,993.0,9.0,305.0,704,55.0,0.0,1998,12,15,12,0
1998346N10072,1998,UNNAMED,1998-12-15 18:00:00+00:00,17.4,64.3,55.0,993.0,7.0,295.0,689,55.0,0.0,1998,12,15,18,0
1998346N10072,1998,UNNAMED,1998-12-16 00:00:00+00:00,17.8,63.5,55.0,993.0,13.0,290.0,596,55.0,0.0,1998,12,16,0,0
1998346N10072,1998,UNNAMED,1998-12-16 03:00:00+00:00,18.0,62.7,45.0,998.0,16.0,290.0,516,55.0,-10.0,1998,12,16,3,0
1998346N10072,1998,UNNAMED,1998-12-16 06:00:00+00:00,18.3,62.0,35.0,998.0,13.0,280.0,435,45.0,-10.0,1998,12,16,6,0
1998346N10072,1998,UNNAMED,1998-12-16 09:00:00+00:00,18.2,61.4,30.0,1002.0,13.0,280.0,389,35.0,-5.0,1998,12,16,9,0
1998346N10072,1998,UNNAMED,1998-12-16 12:00:00+00:00,18.5,60.7,25.0,1004.0,13.0,290.0,310,30.0,-5.0,1998,12,16,12,0
1998346N10072,1998,UNNAMED,1998-12-16 18:00:00+00:00,18.8,59.8,25.0,995.0,8.0,275.0,211,25.0,0.0,1998,12,16,18,0
1998346N10072,1998,UNNAMED,1998-12-17 00:00:00+00:00,18.7,58.9,25.0,995.0,10.0,265.0,120,25.0,0.0,1998,12,17,0,0
1999031N08092,1999,UNNAMED,1999-02-01 03:00:00+00:00,8.3,88.3,25.0,1006.0,6.0,300.0,720,35.0,0.0,1999,2,1,3,0
1999031N08092,1999,UNNAMED,1999-02-01 12:00:00+00:00,8.6,87.5,25.0,1004.0,6.0,295.0,637,25.0,0.0,1999,2,1,12,0
1999031N08092,1999,UNNAMED,1999-02-02 03:00:00+00:00,9.4,85.7,25.0,1006.0,8.0,290.0,474,25.0,0.0,1999,2,2,3,1
1999031N08092,1999,UNNAMED,1999-02-02 06:00:00+00:00,9.6,85.4,30.0,1006.0,5.0,295.0,454,25.0,5.0,1999,2,2,6,0
1999031N08092,1999,UNNAMED,1999-02-02 09:00:00+00:00,9.7,85.3,30.0,1006.0,6.0,320.0,449,30.0,0.0,1999,2,2,9,0
1999031N08092,1999,UNNAMED,1999-02-02 12:00:00+00:00,10.0,85.0,30.0,1004.0,9.0,330.0,434,30.0,0.0,1999,2,2,12,1
1999031N08092,1999,UNNAMED,1999-02-02 18:00:00+00:00,10.7,84.9,35.0,1002.0,6.0,25.0,462,30.0,5.0,1999,2,2,18,1
1999031N08092,1999,UNNAMED,1999-02-03 00:00:00+00:00,11.1,85.3,50.0,998.0,3.0,45.0,523,35.0,15.0,1999,2,3,0,0
1999031N08092,1999,UNNAMED,1999-02-03 03:00:00+00:00,11.1,85.3,50.0,998.0,4.0,350.0,523,50.0,0.0,1999,2,3,3,0
1999031N08092,1999,UNNAMED,1999-02-03 06:00:00+00:00,11.4,85.3,35.0,1002.0,4.0,350.0,541,50.0,-15.0,1999,2,3,6,0
1999031N08092,1999,UNNAMED,1999-02-03 09:00:00+00:00,11.5,85.2,30.0,1002.0,1.0,65.0,538,35.0,-5.0,1999,2,3,9,0
1999031N08092,1999,UNNAMED,1999-02-03 12:00:00+00:00,11.4,85.3,25.0,1004.0,1.0,230.0,541,30.0,-5.0,1999,2,3,12,0
1999135N12073,1999,UNNAMED,1999-05-16 12:00:00+00:00,13.0,71.8,25.0,1000.0,6.0,310.0,315,35.0,0.0,1999,5,16,12,0
1999135N12073,1999,UNNAMED,1999-05-16 15:00:00+00:00,13.2,71.5,25.0,1000.0,7.0,310.0,332,25.0,0.0,1999,5,16,15,0
1999135N12073,1999,UNNAMED,1999-05-16 18:00:00+00:00,13.4,71.3,25.0,1000.0,6.0,310.0,338,25.0,0.0,1999,5,16,18,1
1999135N12073,1999,UNNAMED,1999-05-16 21:00:00+00:00,13.6,71.1,30.0,998.0,8.0,315.0,345,25.0,5.0,1999,5,16,21,0
1999135N12073,1999,UNNAMED,1999-05-17 00:00:00+00:00,14.0,70.7,30.0,998.0,14.0,325.0,365,30.0,0.0,1999,5,17,0,1
1999135N12073,1999,UNNAMED,1999-05-17 03:00:00+00:00,14.7,70.2,35.0,996.0,14.0,325.0,387,30.0,5.0,1999,5,17,3,1
1999135N12073,1999,UNNAMED,1999-05-17 06:00:00+00:00,15.1,69.9,45.0,996.0,9.0,305.0,396,35.0,10.0,1999,5,17,6,1
1999135N12073,1999,UNNAMED,1999-05-17 09:00:00+00:00,15.2,69.4,55.0,992.0,6.0,295.0,441,45.0,10.0,1999,5,17,9,1
1999135N12073,1999,UNNAMED,1999-05-17 12:00:00+00:00,15.4,69.3,64.0,984.0,7.0,315.0,445,55.0,9.0,1999,5,17,12,0
1999135N12073,1999,UNNAMED,1999-05-17 15:00:00+00:00,15.7,68.9,64.0,984.0,11.0,320.0,478,64.0,0.0,1999,5,17,15,0
1999135N12073,1999,UNNAMED,1999-05-17 18:00:00+00:00,16.2,68.6,64.0,984.0,8.0,320.0,502,64.0,0.0,1999,5,17,18,0
1999135N12073,1999,UNNAMED,1999-05-17 21:00:00+00:00,16.3,68.4,64.0,980.0,7.0,340.0,520,64.0,0.0,1999,5,17,21,1
1999135N12073,1999,UNNAMED,1999-05-18 00:00:00+00:00,16.8,68.3,80.0,976.0,12.0,325.0,509,64.0,16.0,1999,5,18,0,0
1999135N12073,1999,UNNAMED,1999-05-18 03:00:00+00:00,17.3,67.7,80.0,976.0,14.0,330.0,498,80.0,0.0,1999,5,18,3,1
1999135N12073,1999,UNNAMED,1999-05-18 06:00:00+00:00,18.0,67.6,90.0,964.0,9.0,350.0,440,80.0,10.0,1999,5,18,6,0
1999135N12073,1999,UNNAMED,1999-05-18 09:00:00+00:00,18.1,67.5,90.0,964.0,7.0,345.0,438,90.0,0.0,1999,5,18,9,1
1999135N12073,1999,UNNAMED,1999-05-18 12:00:00+00:00,18.7,67.4,105.0,950.0,8.0,345.0,397,90.0,15.0,1999,5,18,12,0
1999135N12073,1999,UNNAMED,1999-05-18 15:00:00+00:00,18.9,67.4,105.0,948.0,6.0,355.0,381,105.0,0.0,1999,5,18,15,0
1999135N12073,1999,UNNAMED,1999-05-18 18:00:00+00:00,19.3,67.4,105.0,948.0,11.0,360.0,350,105.0,0.0,1999,5,18,18,0
1999135N12073,1999,UNNAMED,1999-05-18 21:00:00+00:00,20.0,67.3,105.0,948.0,12.0,360.0,304,105.0,0.0,1999,5,18,21,0
1999135N12073,1999,UNNAMED,1999-05-19 00:00:00+00:00,20.4,67.3,105.0,948.0,9.0,360.0,260,105.0,0.0,1999,5,19,0,0
1999135N12073,1999,UNNAMED,1999-05-19 03:00:00+00:00,20.9,67.3,105.0,948.0,6.0,0.0,227,105.0,0.0,1999,5,19,3,0
1999135N12073,1999,UNNAMED,1999-05-19 06:00:00+00:00,21.1,67.3,105.0,948.0,4.0,10.0,212,105.0,0.0,1999,5,19,6,0
1999135N12073,1999,UNNAMED,1999-05-19 09:00:00+00:00,21.2,67.3,105.0,948.0,6.0,10.0,205,105.0,0.0,1999,5,19,9,0
1999135N12073,1999,UNNAMED,1999-05-19 12:00:00+00:00,21.7,67.4,105.0,946.0,9.0,10.0,168,105.0,0.0,1999,5,19,12,0
1999135N12073,1999,UNNAMED,1999-05-19 15:00:00+00:00,22.1,67.5,105.0,946.0,9.0,10.0,145,105.0,0.0,1999,5,19,15,0
1999135N12073,1999,UNNAMED,1999-05-19 18:00:00+00:00,22.5,67.6,105.0,946.0,8.0,10.0,128,105.0,0.0,1999,5,19,18,0
1999135N12073,1999,UNNAMED,1999-05-19 21:00:00+00:00,22.9,67.6,105.0,946.0,7.0,10.0,99,105.0,0.0,1999,5,19,21,0
1999135N12073,1999,UNNAMED,1999-05-20 00:00:00+00:00,23.2,67.7,105.0,946.0,8.0,50.0,67,105.0,0.0,1999,5,20,0,0
1999135N12073,1999,UNNAMED,1999-05-20 03:00:00+00:00,23.4,68.3,105.0,946.0,7.0,55.0,15,105.0,0.0,1999,5,20,3,0
1999168N19086,1999,UNNAMED,1999-06-17 03:00:00+00:00,18.5,86.0,25.0,990.0,0.0,0.0,138,35.0,0.0,1999,6,17,3,1
1999168N19086,1999,UNNAMED,1999-06-17 06:00:00+00:00,18.5,86.0,30.0,992.0,5.0,295.0,138,25.0,5.0,1999,6,17,6,0
1999168N19086,1999,UNNAMED,1999-06-17 12:00:00+00:00,19.0,85.0,30.0,986.0,10.0,305.0,30,30.0,0.0,1999,6,17,12,0
1999208N21089,1999,UNNAMED,1999-07-27 03:00:00+00:00,21.0,89.0,20.0,992.0,9.0,270.0,67,35.0,0.0,1999,7,27,3,0
1999208N21089,1999,UNNAMED,1999-07-27 06:00:00+00:00,21.0,88.5,20.0,992.0,7.0,315.0,67,20.0,0.0,1999,7,27,6,1
1999208N21089,1999,UNNAMED,1999-07-27 12:00:00+00:00,22.0,88.5,25.0,990.0,7.0,325.0,0,20.0,5.0,1999,7,27,12,0
1999208N21089,1999,UNNAMED,1999-07-27 18:00:00+00:00,22.0,87.5,25.0,992.0,7.0,280.0,0,25.0,0.0,1999,7,27,18,0
1999219N21089,1999,UNNAMED,1999-08-06 12:00:00+00:00,21.0,88.5,20.0,992.0,2.0,165.0,67,35.0,0.0,1999,8,6,12,0
1999219N21089,1999,UNNAMED,1999-08-06 18:00:00+00:00,21.0,88.5,20.0,992.0,6.0,350.0,67,20.0,0.0,1999,8,6,18,0
1999219N21089,1999,UNNAMED,1999-08-07 03:00:00+00:00,22.5,87.5,20.0,992.0,16.0,285.0,0,20.0,0.0,1999,8,7,3,0
1999219N21089,1999,UNNAMED,1999-08-07 06:00:00+00:00,22.5,86.5,20.0,992.0,13.0,270.0,0,20.0,0.0,1999,8,7,6,0
1999219N21089,1999,UNNAMED,1999-08-07 12:00:00+00:00,22.5,86.0,20.0,992.0,1.0,270.0,0,20.0,0.0,1999,8,7,12,0
1999219N21089,1999,UNNAMED,1999-08-07 18:00:00+00:00,22.5,86.0,20.0,992.0,1.0,270.0,0,20.0,0.0,1999,8,7,18,0
1999219N21089,1999,UNNAMED,1999-08-08 03:00:00+00:00,22.5,85.0,20.0,992.0,15.0,270.0,0,20.0,0.0,1999,8,8,3,0
1999219N21089,1999,UNNAMED,1999-08-08 06:00:00+00:00,22.5,84.0,20.0,992.0,15.0,270.0,0,20.0,0.0,1999,8,8,6,0
1999219N21089,1999,UNNAMED,1999-08-08 12:00:00+00:00,22.5,83.0,20.0,992.0,3.0,255.0,0,20.0,0.0,1999,8,8,12,0
1999219N21089,1999,UNNAMED,1999-08-08 18:00:00+00:00,22.5,83.0,20.0,992.0,7.0,310.0,0,20.0,0.0,1999,8,8,18,0
1999288N15093,1999,UNNAMED,1999-10-15 03:00:00+00:00,14.4,92.2,20.0,1004.0,12.0,280.0,279,35.0,0.0,1999,10,15,3,0
1999288N15093,1999,UNNAMED,1999-10-15 06:00:00+00:00,14.7,91.4,20.0,1002.0,15.0,290.0,333,20.0,0.0,1999,10,15,6,0
1999288N15093,1999,UNNAMED,1999-10-15 12:00:00+00:00,15.2,90.1,20.0,1002.0,10.0,290.0,448,20.0,0.0,1999,10,15,12,0
1999288N15093,1999,UNNAMED,1999-10-15 18:00:00+00:00,15.5,89.4,20.0,1002.0,9.0,290.0,516,20.0,0.0,1999,10,15,18,1
1999288N15093,1999,UNNAMED,1999-10-15 21:00:00+00:00,15.6,88.9,25.0,1000.0,10.0,290.0,549,20.0,5.0,1999,10,15,21,1
1999288N15093,1999,UNNAMED,1999-10-16 00:00:00+00:00,15.9,88.4,30.0,1000.0,9.0,310.0,505,25.0,5.0,1999,10,16,0,1
1999288N15093,1999,UNNAMED,1999-10-16 03:00:00+00:00,16.2,88.2,35.0,998.0,10.0,315.0,465,30.0,5.0,1999,10,16,3,0
1999288N15093,1999,UNNAMED,1999-10-16 06:00:00+00:00,16.6,87.7,35.0,998.0,12.0,310.0,404,35.0,0.0,1999,10,16,6,1
1999288N15093,1999,UNNAMED,1999-10-16 09:00:00+00:00,16.9,87.2,45.0,996.0,14.0,305.0,347,35.0,10.0,1999,10,16,9,0
1999288N15093,1999,UNNAMED,1999-10-16 12:00:00+00:00,17.3,86.5,45.0,994.0,12.0,295.0,261,45.0,0.0,1999,10,16,12,1
1999288N15093,1999,UNNAMED,1999-10-16 15:00:00+00:00,17.5,86.1,55.0,992.0,6.0,295.0,215,45.0,10.0,1999,10,16,15,0
1999288N15093,1999,UNNAMED,1999-10-16 18:00:00+00:00,17.6,85.9,55.0,992.0,3.0,305.0,192,55.0,0.0,1999,10,16,18,0
1999288N15093,1999,UNNAMED,1999-10-16 21:00:00+00:00,17.7,85.8,55.0,992.0,3.0,300.0,176,55.0,0.0,1999,10,16,21,1
1999288N15093,1999,UNNAMED,1999-10-17 00:00:00+00:00,17.7,85.7,65.0,988.0,5.0,300.0,169,55.0,10.0,1999,10,17,0,1
1999288N15093,1999,UNNAMED,1999-10-17 03:00:00+00:00,17.9,85.3,80.0,978.0,7.0,295.0,123,65.0,15.0,1999,10,17,3,0
1999288N15093,1999,UNNAMED,1999-10-17 06:00:00+00:00,18.0,85.0,80.0,978.0,6.0,320.0,92,80.0,0.0,1999,10,17,6,0
1999288N15093,1999,UNNAMED,1999-10-17 09:00:00+00:00,18.4,84.9,80.0,978.0,8.0,355.0,53,80.0,0.0,1999,10,17,9,0
1999288N15093,1999,UNNAMED,1999-10-17 12:00:00+00:00,18.8,84.9,80.0,978.0,6.0,355.0,30,80.0,0.0,1999,10,17,12,0
1999288N15093,1999,UNNAMED,1999-10-17 15:00:00+00:00,18.9,84.8,80.0,978.0,5.0,0.0,15,80.0,0.0,1999,10,17,15,1
1999298N12099,1999,UNNAMED,1999-10-25 06:00:00+00:00,12.0,98.1,25.0,1004.0,10.0,310.0,44,35.0,0.0,1999,10,25,6,0
1999298N12099,1999,UNNAMED,1999-10-25 09:00:00+00:00,12.4,97.7,25.0,1004.0,9.0,315.0,97,25.0,0.0,1999,10,25,9,0
1999298N12099,1999,UNNAMED,1999-10-25 12:00:00+00:00,12.6,97.4,25.0,1002.0,5.0,305.0,130,25.0,0.0,1999,10,25,12,0
1999298N12099,1999,UNNAMED,1999-10-25 18:00:00+00:00,12.9,97.2,25.0,1002.0,9.0,315.0,125,25.0,0.0,1999,10,25,18,1
1999298N12099,1999,UNNAMED,1999-10-26 00:00:00+00:00,13.7,96.0,30.0,1002.0,14.0,290.0,224,25.0,5.0,1999,10,26,0,1
1999298N12099,1999,UNNAMED,1999-10-26 03:00:00+00:00,13.8,95.4,35.0,1002.0,11.0,285.0,212,30.0,5.0,1999,10,26,3,0
1999298N12099,1999,UNNAMED,1999-10-26 06:00:00+00:00,13.9,95.0,35.0,1002.0,10.0,300.0,201,35.0,0.0,1999,10,26,6,0
1999298N12099,1999,UNNAMED,1999-10-26 09:00:00+00:00,14.3,94.5,35.0,1002.0,13.0,310.0,165,35.0,0.0,1999,10,26,9,1
1999298N12099,1999,UNNAMED,1999-10-26 12:00:00+00:00,14.8,94.0,45.0,998.0,13.0,310.0,119,35.0,10.0,1999,10,26,12,0
1999298N12099,1999,UNNAMED,1999-10-26 15:00:00+00:00,15.2,93.5,45.0,998.0,8.0,310.0,116,45.0,0.0,1999,10,26,15,0
1999298N12099,1999,UNNAMED,1999-10-26 18:00:00+00:00,15.3,93.3,45.0,998.0,7.0,290.0,124,45.0,0.0,1999,10,26,18,0
1999298N12099,1999,UNNAMED,1999-10-26 21:00:00+00:00,15.4,92.8,45.0,998.0,8.0,305.0,164,45.0,0.0,1999,10,26,21,0
1999298N12099,1999,UNNAMED,1999-10-27 00:00:00+00:00,15.8,92.7,45.0,998.0,11.0,310.0,162,45.0,0.0,1999,10,27,0,1
1999298N12099,1999,UNNAMED,1999-10-27 03:00:00+00:00,16.1,91.9,55.0,992.0,13.0,300.0,246,45.0,10.0,1999,10,27,3,0
1999298N12099,1999,UNNAMED,1999-10-27 06:00:00+00:00,16.5,91.5,55.0,992.0,9.0,300.0,293,55.0,0.0,1999,10,27,6,0
1999298N12099,1999,UNNAMED,1999-10-27 09:00:00+00:00,16.5,91.1,55.0,992.0,9.0,300.0,335,55.0,0.0,1999,10,27,9,0
1999298N12099,1999,UNNAMED,1999-10-27 12:00:00+00:00,16.9,90.7,55.0,992.0,7.0,305.0,386,55.0,0.0,1999,10,27,12,1
1999298N12099,1999,UNNAMED,1999-10-27 15:00:00+00:00,16.9,90.5,65.0,986.0,4.0,295.0,407,55.0,10.0,1999,10,27,15,0
1999298N12099,1999,UNNAMED,1999-10-27 18:00:00+00:00,17.0,90.4,65.0,986.0,7.0,290.0,414,65.0,0.0,1999,10,27,18,0
1999298N12099,1999,UNNAMED,1999-10-27 21:00:00+00:00,17.1,89.8,65.0,986.0,9.0,305.0,463,65.0,0.0,1999,10,27,21,0
1999298N12099,1999,UNNAMED,1999-10-28 00:00:00+00:00,17.6,89.6,65.0,986.0,12.0,310.0,429,65.0,0.0,1999,10,28,0,1
1999298N12099,1999,UNNAMED,1999-10-28 03:00:00+00:00,17.9,88.8,77.0,978.0,12.0,295.0,344,65.0,12.0,1999,10,28,3,1
1999298N12099,1999,UNNAMED,1999-10-28 06:00:00+00:00,18.1,88.4,90.0,968.0,9.0,300.0,298,77.0,13.0,1999,10,28,6,1
1999298N12099,1999,UNNAMED,1999-10-28 09:00:00+00:00,18.4,88.0,102.0,956.0,7.0,315.0,245,90.0,12.0,1999,10,28,9,1
1999298N12099,1999,UNNAMED,1999-10-28 12:00:00+00:00,18.6,87.9,115.0,940.0,7.0,315.0,222,102.0,13.0,1999,10,28,12,1
1999298N12099,1999,UNNAMED,1999-10-28 15:00:00+00:00,18.9,87.5,127.0,928.0,10.0,310.0,168,115.0,12.0,1999,10,28,15,1
1999298N12099,1999,UNNAMED,1999-10-28 18:00:00+00:00,19.2,87.1,140.0,912.0,6.0,315.0,115,127.0,13.0,1999,10,28,18,0
1999298N12099,1999,UNNAMED,1999-10-28 21:00:00+00:00,19.3,87.1,140.0,912.0,5.0,330.0,107,140.0,0.0,1999,10,28,21,0
1999298N12099,1999,UNNAMED,1999-10-29 00:00:00+00:00,19.6,86.9,140.0,912.0,7.0,320.0,68,140.0,0.0,1999,10,29,0,0
1999298N12099,1999,UNNAMED,1999-10-29 03:00:00+00:00,19.9,86.6,140.0,912.0,9.0,315.0,23,140.0,0.0,1999,10,29,3,0
1999342N10089,1999,UNNAMED,1999-12-08 06:00:00+00:00,9.5,88.5,15.0,1000.0,10.0,270.0,767,35.0,0.0,1999,12,8,6,0
1999342N10089,1999,UNNAMED,1999-12-08 09:00:00+00:00,9.5,88.0,15.0,1000.0,15.0,315.0,714,15.0,0.0,1999,12,8,9,1
1999342N10089,1999,UNNAMED,1999-12-08 11:30:00+00:00,10.5,87.5,25.0,998.0,24.0,335.0,705,15.0,10.0,1999,12,8,11,0
1999342N10089,1999,UNNAMED,1999-12-08 15:00:00+00:00,10.5,87.5,25.0,998.0,5.0,260.0,705,25.0,0.0,1999,12,8,15,0
1999342N10089,1999,UNNAMED,1999-12-08 18:00:00+00:00,10.5,87.0,25.0,998.0,5.0,270.0,655,25.0,0.0,1999,12,8,18,0
1999342N10089,1999,UNNAMED,1999-12-08 21:00:00+00:00,10.5,87.0,25.0,998.0,6.0,270.0,655,25.0,0.0,1999,12,8,21,0
1999342N10089,1999,UNNAMED,1999-12-09 03:00:00+00:00,10.5,85.5,25.0,998.0,13.0,270.0,507,25.0,0.0,1999,12,9,3,0
1999342N10089,1999,UNNAMED,1999-12-09 06:00:00+00:00,10.5,85.0,25.0,998.0,5.0,270.0,459,25.0,0.0,1999,12,9,6,0
1999342N10089,1999,UNNAMED,1999-12-09 09:00:00+00:00,10.5,85.0,25.0,998.0,0.0,0.0,459,25.0,0.0,1999,12,9,9,0
1999342N10089,1999,UNNAMED,1999-12-09 12:00:00+00:00,10.5,85.0,25.0,998.0,0.0,0.0,459,25.0,0.0,1999,12,9,12,0
1999342N10089,1999,UNNAMED,1999-12-09 18:00:00+00:00,10.5,85.0,25.0,998.0,0.0,0.0,459,25.0,0.0,1999,12,9,18,0
1999342N10089,1999,UNNAMED,1999-12-09 21:00:00+00:00,10.5,85.0,25.0,998.0,7.0,315.0,459,25.0,0.0,1999,12,9,21,0
1999342N10089,1999,UNNAMED,1999-12-10 00:00:00+00:00,11.0,84.5,25.0,998.0,7.0,315.0,444,25.0,0.0,1999,12,10,0,0
1999342N10089,1999,UNNAMED,1999-12-10 03:00:00+00:00,11.0,84.5,25.0,998.0,5.0,270.0,444,25.0,0.0,1999,12,10,3,0
1999342N10089,1999,UNNAMED,1999-12-10 06:00:00+00:00,11.0,84.0,25.0,998.0,5.0,270.0,398,25.0,0.0,1999,12,10,6,0
2000088N08090,2000,UNNAMED,2000-03-27 12:00:00+00:00,7.5,90.0,25.0,1004.0,16.0,310.0,613,35.0,0.0,2000,3,27,12,0
2000088N08090,2000,UNNAMED,2000-03-27 18:00:00+00:00,8.5,89.0,25.0,1006.0,11.0,340.0,757,25.0,0.0,2000,3,27,18,0
2000088N08090,2000,UNNAMED,2000-03-28 00:00:00+00:00,9.5,89.0,25.0,1004.0,11.0,330.0,811,25.0,0.0,2000,3,28,0,0
2000088N08090,2000,UNNAMED,2000-03-28 03:00:00+00:00,10.0,88.5,25.0,1006.0,15.0,325.0,784,25.0,0.0,2000,3,28,3,0
2000088N08090,2000,UNNAMED,2000-03-28 12:00:00+00:00,12.0,88.0,25.0,1004.0,6.0,355.0,801,25.0,0.0,2000,3,28,12,0
2000088N08090,2000,UNNAMED,2000-03-28 18:00:00+00:00,12.0,88.0,25.0,1004.0,1.0,0.0,801,25.0,0.0,2000,3,28,18,0
2000088N08090,2000,UNNAMED,2000-03-29 00:00:00+00:00,12.5,88.0,25.0,1004.0,8.0,0.0,766,25.0,0.0,2000,3,29,0,1
2000088N08090,2000,UNNAMED,2000-03-29 03:00:00+00:00,13.0,88.0,30.0,1002.0,10.0,0.0,725,25.0,5.0,2000,3,29,3,0
2000088N08090,2000,UNNAMED,2000-03-29 06:00:00+00:00,13.5,88.0,30.0,1002.0,8.0,10.0,680,30.0,0.0,2000,3,29,6,1
2000088N08090,2000,UNNAMED,2000-03-29 12:00:00+00:00,14.0,88.5,35.0,998.0,11.0,45.0,652,30.0,5.0,2000,3,29,12,0
2000088N08090,2000,UNNAMED,2000-03-29 15:00:00+00:00,14.5,89.0,35.0,1000.0,14.0,45.0,582,35.0,0.0,2000,3,29,15,0
2000088N08090,2000,UNNAMED,2000-03-29 18:00:00+00:00,15.0,89.5,35.0,1000.0,7.0,45.0,516,35.0,0.0,2000,3,29,18,1
2000088N08090,2000,UNNAMED,2000-03-29 21:00:00+00:00,15.0,89.5,45.0,1000.0,0.0,0.0,516,35.0,10.0,2000,3,29,21,0
2000088N08090,2000,UNNAMED,2000-03-30 00:00:00+00:00,15.0,89.5,45.0,998.0,7.0,45.0,516,45.0,0.0,2000,3,30,0,0
2000088N08090,2000,UNNAMED,2000-03-30 03:00:00+00:00,15.5,90.0,45.0,998.0,7.0,45.0,453,45.0,0.0,2000,3,30,3,0
2000088N08090,2000,UNNAMED,2000-03-30 06:00:00+00:00,15.5,90.0,35.0,1000.0,5.0,180.0,453,45.0,-10.0,2000,3,30,6,0
2000088N08090,2000,UNNAMED,2000-03-30 09:00:00+00:00,15.0,90.0,30.0,1000.0,7.0,45.0,463,35.0,-5.0,2000,3,30,9,0
2000236N17084,2000,UNNAMED,2000-08-23 03:00:00+00:00,16.5,83.5,25.0,994.0,10.0,270.0,121,35.0,0.0,2000,8,23,3,0
2000236N17084,2000,UNNAMED,2000-08-23 06:00:00+00:00,16.5,83.0,25.0,996.0,8.0,265.0,72,25.0,0.0,2000,8,23,6,0
2000236N17084,2000,UNNAMED,2000-08-23 12:00:00+00:00,16.5,82.5,25.0,994.0,6.0,330.0,24,25.0,0.0,2000,8,23,12,0
2000236N17084,2000,UNNAMED,2000-08-23 18:00:00+00:00,17.5,82.0,25.0,996.0,16.0,300.0,0,25.0,0.0,2000,8,23,18,0
2000289N15089,2000,UNNAMED,2000-10-15 00:00:00+00:00,14.6,88.4,25.0,1004.0,5.0,255.0,617,35.0,0.0,2000,10,15,0,0
2000289N15089,2000,UNNAMED,2000-10-15 03:00:00+00:00,14.5,88.2,25.0,1004.0,6.0,265.0,610,25.0,0.0,2000,10,15,3,0
2000289N15089,2000,UNNAMED,2000-10-15 06:00:00+00:00,14.5,87.8,25.0,1002.0,7.0,265.0,580,25.0,0.0,2000,10,15,6,0
2000289N15089,2000,UNNAMED,2000-10-15 12:00:00+00:00,14.5,87.1,25.0,1000.0,7.0,265.0,532,25.0,0.0,2000,10,15,12,1
2000289N15089,2000,UNNAMED,2000-10-15 18:00:00+00:00,14.4,86.5,30.0,1002.0,4.0,265.0,502,25.0,5.0,2000,10,15,18,0
2000289N15089,2000,UNNAMED,2000-10-16 00:00:00+00:00,14.4,86.2,30.0,1000.0,4.0,265.0,480,30.0,0.0,2000,10,16,0,0
2000289N15089,2000,UNNAMED,2000-10-16 03:00:00+00:00,14.3,85.9,30.0,1000.0,6.0,265.0,463,30.0,0.0,2000,10,16,3,0
2000289N15089,2000,UNNAMED,2000-10-16 06:00:00+00:00,14.3,85.5,30.0,1000.0,6.0,270.0,428,30.0,0.0,2000,10,16,6,0
2000289N15089,2000,UNNAMED,2000-10-16 12:00:00+00:00,14.3,85.1,30.0,998.0,3.0,235.0,395,30.0,0.0,2000,10,16,12,0
2000289N15089,2000,UNNAMED,2000-10-16 18:00:00+00:00,14.0,84.9,30.0,1000.0,3.0,240.0,403,30.0,0.0,2000,10,16,18,1
2000289N15089,2000,UNNAMED,2000-10-17 00:00:00+00:00,14.0,84.5,35.0,998.0,3.0,275.0,374,30.0,5.0,2000,10,17,0,0
2000289N15089,2000,UNNAMED,2000-10-17 03:00:00+00:00,14.0,84.4,35.0,998.0,1.0,270.0,368,35.0,0.0,2000,10,17,3,0
2000289N15089,2000,UNNAMED,2000-10-17 06:00:00+00:00,14.0,84.3,35.0,996.0,4.0,275.0,361,35.0,0.0,2000,10,17,6,0
2000289N15089,2000,UNNAMED,2000-10-17 09:00:00+00:00,14.0,84.0,35.0,996.0,3.0,280.0,343,35.0,0.0,2000,10,17,9,0
2000289N15089,2000,UNNAMED,2000-10-17 12:00:00+00:00,14.1,84.0,35.0,996.0,1.0,310.0,334,35.0,0.0,2000,10,17,12,0
2000289N15089,2000,UNNAMED,2000-10-17 15:00:00+00:00,14.1,83.9,35.0,998.0,1.0,315.0,328,35.0,0.0,2000,10,17,15,0
2000289N15089,2000,UNNAMED,2000-10-17 18:00:00+00:00,14.2,83.9,35.0,998.0,2.0,315.0,318,35.0,0.0,2000,10,17,18,0
2000289N15089,2000,UNNAMED,2000-10-17 21:00:00+00:00,14.2,83.8,35.0,998.0,6.0,315.0,313,35.0,0.0,2000,10,17,21,0
2000289N15089,2000,UNNAMED,2000-10-18 00:00:00+00:00,14.6,83.5,35.0,998.0,4.0,290.0,258,35.0,0.0,2000,10,18,0,0
2000289N15089,2000,UNNAMED,2000-10-18 03:00:00+00:00,14.4,83.4,30.0,1000.0,2.0,235.0,273,35.0,-5.0,2000,10,18,3,0
2000289N15089,2000,UNNAMED,2000-10-18 06:00:00+00:00,14.4,83.3,30.0,1000.0,3.0,295.0,258,30.0,0.0,2000,10,18,6,0
2000289N15089,2000,UNNAMED,2000-10-18 12:00:00+00:00,14.5,82.9,30.0,998.0,5.0,280.0,238,30.0,0.0,2000,10,18,12,0
2000289N15089,2000,UNNAMED,2000-10-18 18:00:00+00:00,14.7,82.4,25.0,1000.0,3.0,270.0,193,30.0,-5.0,2000,10,18,18,0
2000289N15089,2000,UNNAMED,2000-10-19 03:00:00+00:00,14.5,82.0,25.0,1004.0,1.0,245.0,178,25.0,0.0,2000,10,19,3,0
2000299N13093,2000,UNNAMED,2000-10-25 09:00:00+00:00,13.5,93.0,25.0,1002.0,14.0,315.0,298,35.0,0.0,2000,10,25,9,0
2000299N13093,2000,UNNAMED,2000-10-25 12:00:00+00:00,14.0,92.5,25.0,1002.0,11.0,315.0,286,25.0,0.0,2000,10,25,12,0
2000299N13093,2000,UNNAMED,2000-10-25 18:00:00+00:00,14.8,91.6,25.0,1002.0,13.0,310.0,309,25.0,0.0,2000,10,25,18,0
2000299N13093,2000,UNNAMED,2000-10-26 00:00:00+00:00,15.6,90.6,25.0,1002.0,16.0,295.0,387,25.0,0.0,2000,10,26,0,0
2000299N13093,2000,UNNAMED,2000-10-26 03:00:00+00:00,15.9,89.7,25.0,1004.0,14.0,310.0,481,25.0,0.0,2000,10,26,3,0
2000299N13093,2000,UNNAMED,2000-10-26 06:00:00+00:00,16.4,89.5,25.0,1002.0,8.0,315.0,504,25.0,0.0,2000,10,26,6,0
2000299N13093,2000,UNNAMED,2000-10-26 12:00:00+00:00,16.5,88.7,25.0,1002.0,6.0,290.0,460,25.0,0.0,2000,10,26,12,0
2000299N13093,2000,UNNAMED,2000-10-26 18:00:00+00:00,17.0,88.4,25.0,1004.0,7.0,335.0,396,25.0,0.0,2000,10,26,18,0
2000299N13093,2000,UNNAMED,2000-10-27 00:00:00+00:00,17.7,88.1,25.0,1002.0,9.0,360.0,313,25.0,0.0,2000,10,27,0,1
2000299N13093,2000,UNNAMED,2000-10-27 03:00:00+00:00,18.2,88.2,30.0,1002.0,10.0,10.0,276,25.0,5.0,2000,10,27,3,0
2000299N13093,2000,UNNAMED,2000-10-27 06:00:00+00:00,18.7,88.3,30.0,1002.0,8.0,10.0,245,30.0,0.0,2000,10,27,6,0
2000299N13093,2000,UNNAMED,2000-10-27 12:00:00+00:00,19.3,88.4,30.0,1000.0,9.0,5.0,210,30.0,0.0,2000,10,27,12,1
2000299N13093,2000,UNNAMED,2000-10-27 18:00:00+00:00,20.4,88.5,35.0,998.0,12.0,5.0,134,30.0,5.0,2000,10,27,18,0
2000299N13093,2000,UNNAMED,2000-10-27 21:00:00+00:00,21.0,88.5,35.0,998.0,13.0,20.0,67,35.0,0.0,2000,10,27,21,0
2000299N13093,2000,UNNAMED,2000-10-28 00:00:00+00:00,21.6,89.0,35.0,998.0,16.0,20.0,0,35.0,0.0,2000,10,28,0,0
2000299N13093,2000,UNNAMED,2000-10-28 03:00:00+00:00,22.5,89.1,30.0,995.0,15.0,20.0,0,35.0,-5.0,2000,10,28,3,0
2000299N13093,2000,UNNAMED,2000-10-28 06:00:00+00:00,23.1,89.6,30.0,995.0,11.0,45.0,0,30.0,0.0,2000,10,28,6,0
2000299N13093,2000,UNNAMED,2000-10-28 12:00:00+00:00,23.5,90.5,25.0,995.0,18.0,75.0,0,30.0,-5.0,2000,10,28,12,0
2000299N13093,2000,UNNAMED,2000-10-28 18:00:00+00:00,24.0,93.0,25.0,995.0,18.0,80.0,0,25.0,0.0,2000,10,28,18,0
2000331N09092,2000,UNNAMED,2000-11-26 03:00:00+00:00,8.5,91.5,25.0,1004.0,21.0,320.0,522,35.0,0.0,2000,11,26,3,0
2000331N09092,2000,UNNAMED,2000-11-26 06:00:00+00:00,9.3,90.8,25.0,1004.0,10.0,325.0,638,25.0,0.0,2000,11,26,6,0
2000331N09092,2000,UNNAMED,2000-11-26 09:00:00+00:00,9.3,90.9,25.0,1004.0,10.0,295.0,630,25.0,0.0,2000,11,26,9,0
2000331N09092,2000,UNNAMED,2000-11-26 12:00:00+00:00,9.7,89.8,25.0,1004.0,11.0,295.0,752,25.0,0.0,2000,11,26,12,1
2000331N09092,2000,UNNAMED,2000-11-26 15:00:00+00:00,9.8,89.9,30.0,1004.0,3.0,310.0,750,25.0,5.0,2000,11,26,15,0
2000331N09092,2000,UNNAMED,2000-11-26 18:00:00+00:00,9.9,89.6,30.0,1002.0,10.0,290.0,783,30.0,0.0,2000,11,26,18,0
2000331N09092,2000,UNNAMED,2000-11-27 00:00:00+00:00,10.4,88.1,30.0,1002.0,15.0,295.0,760,30.0,0.0,2000,11,27,0,0
2000331N09092,2000,UNNAMED,2000-11-27 03:00:00+00:00,10.8,87.5,30.0,1004.0,12.0,295.0,719,30.0,0.0,2000,11,27,3,0
2000331N09092,2000,UNNAMED,2000-11-27 06:00:00+00:00,10.9,87.0,30.0,1002.0,11.0,280.0,675,30.0,0.0,2000,11,27,6,1
2000331N09092,2000,UNNAMED,2000-11-27 09:00:00+00:00,10.9,86.4,35.0,998.0,10.0,280.0,615,30.0,5.0,2000,11,27,9,1
2000331N09092,2000,UNNAMED,2000-11-27 12:00:00+00:00,11.0,85.9,45.0,998.0,11.0,275.0,573,35.0,10.0,2000,11,27,12,0
2000331N09092,2000,UNNAMED,2000-11-27 15:00:00+00:00,11.0,85.3,45.0,998.0,11.0,275.0,517,45.0,0.0,2000,11,27,15,0
2000331N09092,2000,UNNAMED,2000-11-27 18:00:00+00:00,11.1,84.8,45.0,998.0,10.0,280.0,477,45.0,0.0,2000,11,27,18,0
2000331N09092,2000,UNNAMED,2000-11-27 21:00:00+00:00,11.2,84.3,45.0,998.0,10.0,295.0,438,45.0,0.0,2000,11,27,21,1
2000331N09092,2000,UNNAMED,2000-11-28 00:00:00+00:00,11.5,83.8,55.0,992.0,11.0,290.0,404,45.0,10.0,2000,11,28,0,0
2000331N09092,2000,UNNAMED,2000-11-28 03:00:00+00:00,11.6,83.3,55.0,992.0,10.0,270.0,352,55.0,0.0,2000,11,28,3,1
2000331N09092,2000,UNNAMED,2000-11-28 06:00:00+00:00,11.5,82.8,65.0,986.0,9.0,265.0,300,55.0,10.0,2000,11,28,6,0
2000331N09092,2000,UNNAMED,2000-11-28 09:00:00+00:00,11.5,82.3,65.0,986.0,8.0,265.0,254,65.0,0.0,2000,11,28,9,1
2000331N09092,2000,UNNAMED,2000-11-28 12:00:00+00:00,11.5,82.0,77.0,978.0,6.0,265.0,225,65.0,12.0,2000,11,28,12,1
2000331N09092,2000,UNNAMED,2000-11-28 15:00:00+00:00,11.5,81.7,90.0,968.0,5.0,270.0,197,77.0,13.0,2000,11,28,15,1
2000331N09092,2000,UNNAMED,2000-11-28 18:00:00+00:00,11.5,81.5,102.0,958.0,6.0,270.0,177,90.0,12.0,2000,11,28,18,0
2000331N09092,2000,UNNAMED,2000-11-28 21:00:00+00:00,11.5,81.1,102.0,958.0,5.0,270.0,145,102.0,0.0,2000,11,28,21,0
2000331N09092,2000,UNNAMED,2000-11-29 00:00:00+00:00,11.5,80.9,90.0,968.0,6.0,275.0,114,102.0,-12.0,2000,11,29,0,0
2000331N09092,2000,UNNAMED,2000-11-29 03:00:00+00:00,11.5,80.5,90.0,966.0,5.0,275.0,73,90.0,0.0,2000,11,29,3,0
2000331N09092,2000,UNNAMED,2000-11-29 06:00:00+00:00,11.6,80.4,77.0,976.0,5.0,275.0,65,90.0,-13.0,2000,11,29,6,0
2000331N09092,2000,UNNAMED,2000-11-29 09:00:00+00:00,11.6,80.0,77.0,976.0,5.0,270.0,21,77.0,0.0,2000,11,29,9,0
2000331N09092,2000,UNNAMED,2000-11-29 12:00:00+00:00,11.6,79.9,55.0,998.0,7.0,260.0,10,77.0,-22.0,2000,11,29,12,0
2000331N09092,2000,UNNAMED,2000-11-29 18:00:00+00:00,11.3,78.6,45.0,998.0,10.0,260.0,0,55.0,-10.0,2000,11,29,18,0
2000331N09092,2000,UNNAMED,2000-11-30 03:00:00+00:00,11.4,77.7,30.0,1002.0,8.0,275.0,0,45.0,-15.0,2000,11,30,3,0
2000358N08086,2000,UNNAMED,2000-12-23 03:00:00+00:00,8.0,86.0,25.0,1006.0,6.0,220.0,465,35.0,0.0,2000,12,23,3,0
2000358N08086,2000,UNNAMED,2000-12-23 06:00:00+00:00,7.8,85.8,25.0,1006.0,6.0,250.0,439,25.0,0.0,2000,12,23,6,0
2000358N08086,2000,UNNAMED,2000-12-23 12:00:00+00:00,7.8,85.0,25.0,1006.0,7.0,275.0,353,25.0,0.0,2000,12,23,12,0
2000358N08086,2000,UNNAMED,2000-12-23 18:00:00+00:00,7.9,84.6,25.0,1006.0,4.0,270.0,310,25.0,0.0,2000,12,23,18,1
2000358N08086,2000,UNNAMED,2000-12-24 00:00:00+00:00,7.9,84.2,30.0,1004.0,4.0,330.0,266,25.0,5.0,2000,12,24,0,0
2000358N08086,2000,UNNAMED,2000-12-24 03:00:00+00:00,8.2,84.1,30.0,1004.0,3.0,345.0,262,30.0,0.0,2000,12,24,3,0
2000358N08086,2000,UNNAMED,2000-12-24 06:00:00+00:00,8.2,84.1,30.0,1004.0,2.0,275.0,262,30.0,0.0,2000,12,24,6,0
2000358N08086,2000,UNNAMED,2000-12-24 12:00:00+00:00,8.2,83.7,30.0,1004.0,2.0,275.0,219,30.0,0.0,2000,12,24,12,0
2000358N08086,2000,UNNAMED,2000-12-24 18:00:00+00:00,8.3,83.7,30.0,1004.0,2.0,285.0,223,30.0,0.0,2000,12,24,18,0
2000358N08086,2000,UNNAMED,2000-12-25 00:00:00+00:00,8.3,83.4,30.0,1004.0,2.0,285.0,193,30.0,0.0,2000,12,25,0,1
2000358N08086,2000,UNNAMED,2000-12-25 03:00:00+00:00,8.3,83.3,35.0,1004.0,1.0,310.0,182,30.0,5.0,2000,12,25,3,1
2000358N08086,2000,UNNAMED,2000-12-25 06:00:00+00:00,8.4,83.3,45.0,1000.0,1.0,305.0,188,35.0,10.0,2000,12,25,6,1
2000358N08086,2000,UNNAMED,2000-12-25 12:00:00+00:00,8.4,83.2,55.0,994.0,1.0,290.0,178,45.0,10.0,2000,12,25,12,1
2000358N08086,2000,UNNAMED,2000-12-25 18:00:00+00:00,8.5,83.0,65.0,990.0,4.0,280.0,164,55.0,10.0,2000,12,25,18,0
2000358N08086,2000,UNNAMED,2000-12-26 00:00:00+00:00,8.6,82.4,65.0,990.0,4.0,280.0,110,65.0,0.0,2000,12,26,0,0
2000358N08086,2000,UNNAMED,2000-12-26 03:00:00+00:00,8.6,82.3,65.0,990.0,5.0,270.0,101,65.0,0.0,2000,12,26,3,1
2000358N08086,2000,UNNAMED,2000-12-26 06:00:00+00:00,8.6,81.9,77.0,982.0,8.0,270.0,59,65.0,12.0,2000,12,26,6,0
2000358N08086,2000,UNNAMED,2000-12-26 09:00:00+00:00,8.5,81.5,77.0,982.0,9.0,265.0,15,77.0,0.0,2000,12,26,9,1
2000358N08086,2000,UNNAMED,2000-12-26 12:00:00+00:00,8.5,81.0,90.0,970.0,6.0,265.0,0,77.0,13.0,2000,12,26,12,0
2000358N08086,2000,UNNAMED,2000-12-26 15:00:00+00:00,8.5,80.8,90.0,970.0,4.0,255.0,0,90.0,0.0,2000,12,26,15,0
2000358N08086,2000,UNNAMED,2000-12-26 18:00:00+00:00,8.4,80.7,77.0,982.0,3.0,250.0,0,90.0,-13.0,2000,12,26,18,0
2000358N08086,2000,UNNAMED,2000-12-26 21:00:00+00:00,8.3,80.5,77.0,982.0,3.0,250.0,0,77.0,0.0,2000,12,26,21,0
2000358N08086,2000,UNNAMED,2000-12-27 00:00:00+00:00,8.3,80.4,77.0,984.0,8.0,265.0,0,77.0,0.0,2000,12,27,0,0
2000358N08086,2000,UNNAMED,2000-12-27 03:00:00+00:00,8.3,79.7,77.0,986.0,10.0,270.0,11,77.0,0.0,2000,12,27,3,0
2000358N08086,2000,UNNAMED,2000-12-27 06:00:00+00:00,8.3,79.4,77.0,986.0,7.0,270.0,34,77.0,0.0,2000,12,27,6,0
2000358N08086,2000,UNNAMED,2000-12-27 09:00:00+00:00,8.3,79.0,77.0,988.0,7.0,270.0,77,77.0,0.0,2000,12,27,9,0
2000358N08086,2000,UNNAMED,2000-12-27 12:00:00+00:00,8.3,78.7,65.0,990.0,4.0,275.0,67,77.0,-12.0,2000,12,27,12,0
2000358N08086,2000,UNNAMED,2000-12-27 15:00:00+00:00,8.3,78.6,55.0,996.0,2.0,285.0,56,65.0,-10.0,2000,12,27,15,0
2000358N08086,2000,UNNAMED,2000-12-27 18:00:00+00:00,8.4,78.5,55.0,998.0,5.0,275.0,44,55.0,0.0,2000,12,27,18,0
2000358N08086,2000,UNNAMED,2000-12-27 21:00:00+00:00,8.4,78.1,55.0,1002.0,7.0,275.0,0,55.0,0.0,2000,12,27,21,0
2000358N08086,2000,UNNAMED,2000-12-28 00:00:00+00:00,8.4,77.8,35.0,1004.0,4.0,280.0,0,55.0,-20.0,2000,12,28,0,0
2000358N08086,2000,UNNAMED,2000-12-28 03:00:00+00:00,8.4,77.7,35.0,1004.0,5.0,285.0,0,35.0,0.0,2000,12,28,3,0
2000358N08086,2000,UNNAMED,2000-12-28 06:00:00+00:00,8.5,77.3,30.0,1004.0,7.0,290.0,0,35.0,-5.0,2000,12,28,6,0
2001141N14068,2001,UNNAMED,2001-05-21 12:00:00+00:00,13.7,69.0,25.0,1000.0,10.0,95.0,548,35.0,0.0,2001,5,21,12,0
2001141N14068,2001,UNNAMED,2001-05-21 18:00:00+00:00,13.6,69.9,25.0,1000.0,6.0,90.0,462,25.0,0.0,2001,5,21,18,1
2001141N14068,2001,UNNAMED,2001-05-21 21:00:00+00:00,13.6,70.1,30.0,998.0,9.0,70.0,442,25.0,5.0,2001,5,21,21,0
2001141N14068,2001,UNNAMED,2001-05-22 00:00:00+00:00,13.9,70.8,30.0,998.0,11.0,70.0,355,30.0,0.0,2001,5,22,0,1
2001141N14068,2001,UNNAMED,2001-05-22 03:00:00+00:00,14.0,71.2,40.0,996.0,5.0,80.0,315,30.0,10.0,2001,5,22,3,1
2001141N14068,2001,UNNAMED,2001-05-22 06:00:00+00:00,14.1,71.4,45.0,996.0,3.0,60.0,291,40.0,5.0,2001,5,22,6,0
2001141N14068,2001,UNNAMED,2001-05-22 09:00:00+00:00,14.1,71.5,45.0,994.0,3.0,45.0,281,45.0,0.0,2001,5,22,9,0
2001141N14068,2001,UNNAMED,2001-05-22 12:00:00+00:00,14.3,71.6,45.0,992.0,2.0,35.0,263,45.0,0.0,2001,5,22,12,1
2001141N14068,2001,UNNAMED,2001-05-22 15:00:00+00:00,14.3,71.6,55.0,990.0,2.0,15.0,263,45.0,10.0,2001,5,22,15,0
2001141N14068,2001,UNNAMED,2001-05-22 18:00:00+00:00,14.4,71.6,55.0,988.0,5.0,355.0,256,55.0,0.0,2001,5,22,18,1
2001141N14068,2001,UNNAMED,2001-05-22 21:00:00+00:00,14.8,71.5,65.0,982.0,5.0,345.0,252,55.0,10.0,2001,5,22,21,0
2001141N14068,2001,UNNAMED,2001-05-23 00:00:00+00:00,15.0,71.5,65.0,980.0,5.0,335.0,245,65.0,0.0,2001,5,23,0,1
2001141N14068,2001,UNNAMED,2001-05-23 03:00:00+00:00,15.3,71.3,77.0,974.0,8.0,325.0,252,65.0,12.0,2001,5,23,3,1
2001141N14068,2001,UNNAMED,2001-05-23 06:00:00+00:00,15.6,71.0,90.0,964.0,8.0,320.0,265,77.0,13.0,2001,5,23,6,0
2001141N14068,2001,UNNAMED,2001-05-23 09:00:00+00:00,15.9,70.8,90.0,962.0,6.0,305.0,275,90.0,0.0,2001,5,23,9,0
2001141N14068,2001,UNNAMED,2001-05-23 12:00:00+00:00,16.0,70.5,90.0,960.0,4.0,295.0,304,90.0,0.0,2001,5,23,12,0
2001141N14068,2001,UNNAMED,2001-05-23 15:00:00+00:00,16.1,70.4,90.0,962.0,3.0,340.0,312,90.0,0.0,2001,5,23,15,0
2001141N14068,2001,UNNAMED,2001-05-23 18:00:00+00:00,16.2,70.4,90.0,962.0,4.0,300.0,311,90.0,0.0,2001,5,23,18,0
2001141N14068,2001,UNNAMED,2001-05-23 21:00:00+00:00,16.3,70.0,90.0,960.0,7.0,285.0,352,90.0,0.0,2001,5,23,21,0
2001141N14068,2001,UNNAMED,2001-05-24 00:00:00+00:00,16.4,69.7,90.0,960.0,6.0,305.0,384,90.0,0.0,2001,5,24,0,1
2001141N14068,2001,UNNAMED,2001-05-24 03:00:00+00:00,16.6,69.5,102.0,950.0,8.0,310.0,398,90.0,12.0,2001,5,24,3,0
2001141N14068,2001,UNNAMED,2001-05-24 06:00:00+00:00,16.9,69.0,102.0,946.0,9.0,285.0,438,102.0,0.0,2001,5,24,6,1
2001141N14068,2001,UNNAMED,2001-05-24 09:00:00+00:00,16.9,68.5,115.0,932.0,6.0,270.0,488,102.0,13.0,2001,5,24,9,0
2001141N14068,2001,UNNAMED,2001-05-24 12:00:00+00:00,16.9,68.4,115.0,932.0,2.0,275.0,494,115.0,0.0,2001,5,24,12,0
2001141N14068,2001,UNNAMED,2001-05-24 15:00:00+00:00,16.9,68.3,115.0,932.0,1.0,315.0,499,115.0,0.0,2001,5,24,15,0
2001141N14068,2001,UNNAMED,2001-05-24 18:00:00+00:00,17.0,68.3,115.0,932.0,3.0,280.0,490,115.0,0.0,2001,5,24,18,0
2001141N14068,2001,UNNAMED,2001-05-24 21:00:00+00:00,17.0,68.0,115.0,932.0,5.0,275.0,508,115.0,0.0,2001,5,24,21,0
2001141N14068,2001,UNNAMED,2001-05-25 00:00:00+00:00,17.0,67.8,115.0,932.0,1.0,320.0,520,115.0,0.0,2001,5,25,0,0
2001141N14068,2001,UNNAMED,2001-05-25 03:00:00+00:00,17.1,68.0,102.0,948.0,2.0,55.0,498,115.0,-13.0,2001,5,25,3,0
2001141N14068,2001,UNNAMED,2001-05-25 06:00:00+00:00,17.1,67.9,90.0,960.0,1.0,295.0,505,102.0,-12.0,2001,5,25,6,0
2001141N14068,2001,UNNAMED,2001-05-25 09:00:00+00:00,17.1,67.8,90.0,960.0,3.0,285.0,511,90.0,0.0,2001,5,25,9,0
2001141N14068,2001,UNNAMED,2001-05-25 12:00:00+00:00,17.2,67.6,77.0,968.0,0.0,215.0,513,90.0,-13.0,2001,5,25,12,0
2001141N14068,2001,UNNAMED,2001-05-25 15:00:00+00:00,17.1,67.8,77.0,968.0,3.0,120.0,511,77.0,0.0,2001,5,25,15,0
2001141N14068,2001,UNNAMED,2001-05-25 18:00:00+00:00,17.1,67.9,77.0,970.0,2.0,245.0,505,77.0,0.0,2001,5,25,18,0
2001141N14068,2001,UNNAMED,2001-05-25 21:00:00+00:00,17.0,67.7,77.0,970.0,2.0,325.0,526,77.0,0.0,2001,5,25,21,0
2001141N14068,2001,UNNAMED,2001-05-26 00:00:00+00:00,17.3,67.7,65.0,976.0,3.0,5.0,498,77.0,-12.0,2001,5,26,0,0
2001141N14068,2001,UNNAMED,2001-05-26 03:00:00+00:00,17.3,67.7,55.0,982.0,1.0,345.0,498,65.0,-10.0,2001,5,26,3,0
2001141N14068,2001,UNNAMED,2001-05-26 06:00:00+00:00,17.4,67.7,55.0,984.0,2.0,345.0,489,55.0,0.0,2001,5,26,6,0
2001141N14068,2001,UNNAMED,2001-05-26 09:00:00+00:00,17.4,67.6,55.0,984.0,2.0,10.0,495,55.0,0.0,2001,5,26,9,0
2001141N14068,2001,UNNAMED,2001-05-26 12:00:00+00:00,17.6,67.7,55.0,982.0,2.0,355.0,471,55.0,0.0,2001,5,26,12,0
2001141N14068,2001,UNNAMED,2001-05-26 15:00:00+00:00,17.7,67.6,55.0,982.0,2.0,345.0,467,55.0,0.0,2001,5,26,15,0
2001141N14068,2001,UNNAMED,2001-05-26 18:00:00+00:00,17.8,67.6,55.0,982.0,4.0,355.0,458,55.0,0.0,2001,5,26,18,0
2001141N14068,2001,UNNAMED,2001-05-26 21:00:00+00:00,18.1,67.6,55.0,982.0,4.0,355.0,432,55.0,0.0,2001,5,26,21,0
2001141N14068,2001,UNNAMED,2001-05-27 00:00:00+00:00,18.2,67.6,55.0,984.0,1.0,355.0,423,55.0,0.0,2001,5,27,0,0
2001141N14068,2001,UNNAMED,2001-05-27 03:00:00+00:00,18.2,67.5,45.0,986.0,2.0,0.0,430,55.0,-10.0,2001,5,27,3,0
2001141N14068,2001,UNNAMED,2001-05-27 06:00:00+00:00,18.3,67.6,45.0,986.0,2.0,5.0,414,45.0,0.0,2001,5,27,6,0
2001141N14068,2001,UNNAMED,2001-05-27 09:00:00+00:00,18.4,67.5,45.0,986.0,7.0,0.0,413,45.0,0.0,2001,5,27,9,0
2001141N14068,2001,UNNAMED,2001-05-27 12:00:00+00:00,19.0,67.6,45.0,988.0,8.0,20.0,358,45.0,0.0,2001,5,27,12,0
2001141N14068,2001,UNNAMED,2001-05-27 15:00:00+00:00,19.1,67.8,35.0,994.0,4.0,50.0,335,45.0,-10.0,2001,5,27,15,0
2001141N14068,2001,UNNAMED,2001-05-27 18:00:00+00:00,19.3,67.9,35.0,994.0,5.0,5.0,312,35.0,0.0,2001,5,27,18,0
2001141N14068,2001,UNNAMED,2001-05-27 21:00:00+00:00,19.6,67.8,35.0,994.0,5.0,0.0,297,35.0,0.0,2001,5,27,21,0
2001141N14068,2001,UNNAMED,2001-05-28 00:00:00+00:00,19.7,67.9,35.0,994.0,4.0,20.0,281,35.0,0.0,2001,5,28,0,0
2001141N14068,2001,UNNAMED,2001-05-28 03:00:00+00:00,20.0,68.0,35.0,994.0,5.0,30.0,251,35.0,0.0,2001,5,28,3,0
2001141N14068,2001,UNNAMED,2001-05-28 06:00:00+00:00,20.1,68.1,35.0,996.0,3.0,35.0,236,35.0,0.0,2001,5,28,6,0
2001141N14068,2001,UNNAMED,2001-05-28 09:00:00+00:00,20.3,68.2,35.0,996.0,10.0,20.0,213,35.0,0.0,2001,5,28,9,0
2001141N14068,2001,UNNAMED,2001-05-28 12:00:00+00:00,21.0,68.5,30.0,996.0,9.0,10.0,136,35.0,-5.0,2001,5,28,12,0
2001141N14068,2001,UNNAMED,2001-05-28 15:00:00+00:00,21.2,68.3,30.0,996.0,7.0,355.0,136,30.0,0.0,2001,5,28,15,0
2001141N14068,2001,UNNAMED,2001-05-28 18:00:00+00:00,21.7,68.4,25.0,998.0,7.0,345.0,84,30.0,-5.0,2001,5,28,18,0
2001141N14068,2001,UNNAMED,2001-05-28 21:00:00+00:00,21.9,68.2,25.0,998.0,6.0,320.0,84,25.0,0.0,2001,5,28,21,0
2001163N20087,2001,UNNAMED,2001-06-12 03:00:00+00:00,19.5,87.0,25.0,990.0,4.0,315.0,84,35.0,0.0,2001,6,12,3,0
2001163N20087,2001,UNNAMED,2001-06-12 12:00:00+00:00,20.0,86.5,25.0,990.0,5.0,320.0,10,25.0,0.0,2001,6,12,12,0
2001163N20087,2001,UNNAMED,2001-06-13 03:00:00+00:00,21.0,85.5,25.0,994.0,4.0,270.0,0,25.0,0.0,2001,6,13,3,0
2001267N17070,2001,UNNAMED,2001-09-24 09:00:00+00:00,16.8,69.4,25.0,1006.0,3.0,310.0,402,35.0,0.0,2001,9,24,9,0
2001267N17070,2001,UNNAMED,2001-09-24 12:00:00+00:00,16.9,69.3,25.0,1006.0,2.0,290.0,408,25.0,0.0,2001,9,24,12,1
2001267N17070,2001,UNNAMED,2001-09-24 18:00:00+00:00,16.9,69.0,30.0,1004.0,2.0,280.0,438,25.0,5.0,2001,9,24,18,0
2001267N17070,2001,UNNAMED,2001-09-25 00:00:00+00:00,17.0,68.9,30.0,1004.0,4.0,280.0,444,30.0,0.0,2001,9,25,0,0
2001267N17070,2001,UNNAMED,2001-09-25 03:00:00+00:00,17.0,68.5,30.0,1004.0,6.0,280.0,479,30.0,0.0,2001,9,25,3,0
2001267N17070,2001,UNNAMED,2001-09-25 06:00:00+00:00,17.1,68.2,30.0,1000.0,4.0,285.0,486,30.0,0.0,2001,9,25,6,0
2001267N17070,2001,UNNAMED,2001-09-25 09:00:00+00:00,17.1,68.1,30.0,1000.0,2.0,305.0,492,30.0,0.0,2001,9,25,9,1
2001267N17070,2001,UNNAMED,2001-09-25 12:00:00+00:00,17.2,68.1,35.0,1000.0,2.0,300.0,483,30.0,5.0,2001,9,25,12,0
2001267N17070,2001,UNNAMED,2001-09-25 15:00:00+00:00,17.2,68.0,35.0,1000.0,2.0,300.0,489,35.0,0.0,2001,9,25,15,0
2001267N17070,2001,UNNAMED,2001-09-25 18:00:00+00:00,17.3,67.9,35.0,1000.0,3.0,65.0,486,35.0,0.0,2001,9,25,18,0
2001267N17070,2001,UNNAMED,2001-09-25 21:00:00+00:00,17.3,68.2,35.0,1000.0,3.0,300.0,468,35.0,0.0,2001,9,25,21,0
2001267N17070,2001,UNNAMED,2001-09-26 00:00:00+00:00,17.4,67.6,35.0,1000.0,12.0,305.0,495,35.0,0.0,2001,9,26,0,0
2001267N17070,2001,UNNAMED,2001-09-26 03:00:00+00:00,18.0,67.2,35.0,1000.0,9.0,300.0,467,35.0,0.0,2001,9,26,3,0
2001267N17070,2001,UNNAMED,2001-09-26 06:00:00+00:00,17.9,66.8,35.0,1000.0,8.0,285.0,505,35.0,0.0,2001,9,26,6,0
2001267N17070,2001,UNNAMED,2001-09-26 09:00:00+00:00,18.2,66.4,35.0,1000.0,10.0,305.0,511,35.0,0.0,2001,9,26,9,0
2001267N17070,2001,UNNAMED,2001-09-26 12:00:00+00:00,18.4,66.0,35.0,1000.0,7.0,300.0,526,35.0,0.0,2001,9,26,12,0
2001267N17070,2001,UNNAMED,2001-09-26 15:00:00+00:00,18.6,65.8,35.0,1000.0,6.0,290.0,524,35.0,0.0,2001,9,26,15,0
2001267N17070,2001,UNNAMED,2001-09-26 18:00:00+00:00,18.6,65.3,35.0,1000.0,6.0,275.0,558,35.0,0.0,2001,9,26,18,0
2001267N17070,2001,UNNAMED,2001-09-26 21:00:00+00:00,18.6,65.1,35.0,1000.0,6.0,275.0,572,35.0,0.0,2001,9,26,21,0
2001267N17070,2001,UNNAMED,2001-09-27 00:00:00+00:00,18.7,64.7,35.0,1000.0,11.0,270.0,594,35.0,0.0,2001,9,27,0,0
2001267N17070,2001,UNNAMED,2001-09-27 03:00:00+00:00,18.7,64.0,35.0,1000.0,8.0,275.0,576,35.0,0.0,2001,9,27,3,0
2001267N17070,2001,UNNAMED,2001-09-27 06:00:00+00:00,18.7,63.8,35.0,1004.0,4.0,275.0,558,35.0,0.0,2001,9,27,6,0
2001267N17070,2001,UNNAMED,2001-09-27 12:00:00+00:00,18.8,63.3,30.0,1006.0,5.0,280.0,508,35.0,-5.0,2001,9,27,12,0
2001267N17070,2001,UNNAMED,2001-09-27 18:00:00+00:00,18.9,62.7,30.0,1006.0,7.0,290.0,451,30.0,0.0,2001,9,27,18,0
2001281N18071,2001,UNNAMED,2001-10-08 21:00:00+00:00,18.2,69.9,25.0,1004.0,3.0,5.0,295,35.0,0.0,2001,10,8,21,0
2001281N18071,2001,UNNAMED,2001-10-09 00:00:00+00:00,18.4,69.8,25.0,1004.0,4.0,320.0,277,25.0,0.0,2001,10,9,0,1
2001281N18071,2001,UNNAMED,2001-10-09 03:00:00+00:00,18.5,69.7,30.0,1002.0,7.0,285.0,271,25.0,5.0,2001,10,9,3,0
2001281N18071,2001,UNNAMED,2001-10-09 06:00:00+00:00,18.6,69.2,30.0,1000.0,9.0,290.0,288,30.0,0.0,2001,10,9,6,1
2001281N18071,2001,UNNAMED,2001-10-09 09:00:00+00:00,18.8,68.8,35.0,998.0,8.0,290.0,294,30.0,5.0,2001,10,9,9,0
2001281N18071,2001,UNNAMED,2001-10-09 12:00:00+00:00,18.8,68.4,30.0,998.0,5.0,260.0,318,35.0,-5.0,2001,10,9,12,1
2001281N18071,2001,UNNAMED,2001-10-09 15:00:00+00:00,18.7,68.3,35.0,998.0,5.0,250.0,333,30.0,5.0,2001,10,9,15,0
2001281N18071,2001,UNNAMED,2001-10-09 18:00:00+00:00,18.7,68.0,35.0,998.0,4.0,250.0,353,35.0,0.0,2001,10,9,18,0
2001281N18071,2001,UNNAMED,2001-10-09 21:00:00+00:00,18.6,67.9,35.0,998.0,2.0,225.0,368,35.0,0.0,2001,10,9,21,0
2001281N18071,2001,UNNAMED,2001-10-10 00:00:00+00:00,18.5,67.8,35.0,998.0,2.0,200.0,384,35.0,0.0,2001,10,10,0,0
2001281N18071,2001,UNNAMED,2001-10-10 03:00:00+00:00,18.3,67.8,30.0,1000.0,3.0,185.0,401,35.0,-5.0,2001,10,10,3,0
2001281N18071,2001,UNNAMED,2001-10-10 06:00:00+00:00,18.2,67.8,30.0,1000.0,2.0,190.0,410,30.0,0.0,2001,10,10,6,0
2001288N13084,2001,UNNAMED,2001-10-14 12:00:00+00:00,13.5,84.0,25.0,1000.0,12.0,270.0,392,35.0,0.0,2001,10,14,12,0
2001288N13084,2001,UNNAMED,2001-10-14 18:00:00+00:00,13.5,83.0,25.0,1002.0,3.0,270.0,292,25.0,0.0,2001,10,14,18,0
2001288N13084,2001,UNNAMED,2001-10-15 00:00:00+00:00,13.5,83.0,25.0,1002.0,5.0,270.0,292,25.0,0.0,2001,10,15,0,0
2001288N13084,2001,UNNAMED,2001-10-15 03:00:00+00:00,13.5,82.5,25.0,1002.0,10.0,270.0,238,25.0,0.0,2001,10,15,3,0
2001288N13084,2001,UNNAMED,2001-10-15 06:00:00+00:00,13.5,82.0,25.0,1002.0,10.0,270.0,183,25.0,0.0,2001,10,15,6,1
2001288N13084,2001,UNNAMED,2001-10-15 09:00:00+00:00,13.5,81.5,30.0,1000.0,10.0,280.0,129,25.0,5.0,2001,10,15,9,1
2001288N13084,2001,UNNAMED,2001-10-15 12:00:00+00:00,13.7,81.0,35.0,998.0,11.0,295.0,75,30.0,5.0,2001,10,15,12,0
2001288N13084,2001,UNNAMED,2001-10-15 15:00:00+00:00,14.0,80.5,35.0,998.0,10.0,285.0,31,35.0,0.0,2001,10,15,15,0
2001288N13084,2001,UNNAMED,2001-10-15 18:00:00+00:00,14.0,80.0,35.0,998.0,5.0,270.0,0,35.0,0.0,2001,10,15,18,0
2001288N13084,2001,UNNAMED,2001-10-15 21:00:00+00:00,14.0,80.0,35.0,998.0,5.0,270.0,0,35.0,0.0,2001,10,15,21,0
2001288N13084,2001,UNNAMED,2001-10-16 00:00:00+00:00,14.0,79.5,35.0,1000.0,5.0,270.0,0,35.0,0.0,2001,10,16,0,0
2001288N13084,2001,UNNAMED,2001-10-16 03:00:00+00:00,14.0,79.5,35.0,1000.0,0.0,0.0,0,35.0,0.0,2001,10,16,3,0
2001288N13084,2001,UNNAMED,2001-10-16 06:00:00+00:00,14.0,79.5,35.0,1000.0,5.0,0.0,0,35.0,0.0,2001,10,16,6,0
2001288N13084,2001,UNNAMED,2001-10-16 09:00:00+00:00,14.5,79.5,35.0,1000.0,5.0,0.0,0,35.0,0.0,2001,10,16,9,0
2001288N13084,2001,UNNAMED,2001-10-16 12:00:00+00:00,14.5,79.5,30.0,1002.0,2.0,310.0,0,35.0,-5.0,2001,10,16,12,0
2001313N12084,2001,UNNAMED,2001-11-11 03:00:00+00:00,15.3,83.0,25.0,1004.0,7.0,65.0,163,35.0,0.0,2001,11,11,3,0
2001313N12084,2001,UNNAMED,2001-11-11 06:00:00+00:00,15.4,83.4,25.0,1006.0,8.0,70.0,178,25.0,0.0,2001,11,11,6,0
2001313N12084,2001,UNNAMED,2001-11-11 12:00:00+00:00,15.6,84.2,25.0,1004.0,8.0,70.0,231,25.0,0.0,2001,11,11,12,0
2001313N12084,2001,UNNAMED,2001-11-11 18:00:00+00:00,16.0,84.9,25.0,1004.0,8.0,50.0,254,25.0,0.0,2001,11,11,18,0
2001361N01106,2001,VAMEI,2001-12-27 00:00:00+00:00,1.5,105.2,40.0,1008.0,7.0,270.0,100,35.0,0.0,2001,12,27,0,1
2001361N01106,2001,VAMEI,2001-12-27 06:00:00+00:00,1.5,104.4,45.0,1006.0,7.0,275.0,11,40.0,5.0,2001,12,27,6,0
2002126N09068,2002,UNNAMED,2002-05-06 03:00:00+00:00,9.3,66.9,25.0,1002.0,15.0,330.0,947,35.0,0.0,2002,5,6,3,0
2002126N09068,2002,UNNAMED,2002-05-06 06:00:00+00:00,10.0,66.5,25.0,1002.0,15.0,335.0,958,25.0,0.0,2002,5,6,6,0
2002126N09068,2002,UNNAMED,2002-05-06 12:00:00+00:00,11.2,66.0,25.0,1000.0,9.0,335.0,960,25.0,0.0,2002,5,6,12,0
2002126N09068,2002,UNNAMED,2002-05-06 18:00:00+00:00,11.8,65.6,25.0,1000.0,9.0,325.0,970,25.0,0.0,2002,5,6,18,0
2002126N09068,2002,UNNAMED,2002-05-07 00:00:00+00:00,12.7,64.9,25.0,1000.0,12.0,315.0,999,25.0,0.0,2002,5,7,0,1
2002126N09068,2002,UNNAMED,2002-05-07 03:00:00+00:00,13.0,64.4,30.0,998.0,10.0,295.0,973,25.0,5.0,2002,5,7,3,0
2002126N09068,2002,UNNAMED,2002-05-07 06:00:00+00:00,13.1,64.0,30.0,998.0,9.0,275.0,935,30.0,0.0,2002,5,7,6,0
2002126N09068,2002,UNNAMED,2002-05-07 12:00:00+00:00,13.1,63.2,30.0,996.0,7.0,270.0,876,30.0,0.0,2002,5,7,12,0
2002126N09068,2002,UNNAMED,2002-05-07 18:00:00+00:00,13.1,62.6,30.0,998.0,4.0,280.0,836,30.0,0.0,2002,5,7,18,0
2002126N09068,2002,UNNAMED,2002-05-08 00:00:00+00:00,13.2,62.3,30.0,996.0,7.0,285.0,807,30.0,0.0,2002,5,8,0,0
2002126N09068,2002,UNNAMED,2002-05-08 03:00:00+00:00,13.3,61.8,25.0,1002.0,9.0,280.0,767,30.0,-5.0,2002,5,8,3,0
2002126N09068,2002,UNNAMED,2002-05-08 06:00:00+00:00,13.4,61.3,25.0,1002.0,8.0,275.0,727,25.0,0.0,2002,5,8,6,0
2002126N09068,2002,UNNAMED,2002-05-08 12:00:00+00:00,13.5,60.7,25.0,1000.0,6.0,300.0,674,25.0,0.0,2002,5,8,12,0
2002126N09068,2002,UNNAMED,2002-05-08 18:00:00+00:00,13.9,60.1,25.0,998.0,9.0,290.0,597,25.0,0.0,2002,5,8,18,0
2002126N09068,2002,UNNAMED,2002-05-08 21:00:00+00:00,14.0,59.6,25.0,998.0,7.0,285.0,554,25.0,0.0,2002,5,8,21,0
2002126N09068,2002,UNNAMED,2002-05-09 00:00:00+00:00,14.1,59.4,25.0,998.0,7.0,285.0,532,25.0,0.0,2002,5,9,0,1
2002126N09068,2002,UNNAMED,2002-05-09 03:00:00+00:00,14.2,58.9,30.0,998.0,13.0,290.0,492,25.0,5.0,2002,5,9,3,1
2002126N09068,2002,UNNAMED,2002-05-09 06:00:00+00:00,14.6,58.1,35.0,998.0,13.0,290.0,411,30.0,5.0,2002,5,9,6,0
2002126N09068,2002,UNNAMED,2002-05-09 09:00:00+00:00,14.7,57.6,35.0,996.0,14.0,290.0,372,35.0,0.0,2002,5,9,9,0
2002126N09068,2002,UNNAMED,2002-05-09 12:00:00+00:00,15.0,56.8,35.0,994.0,14.0,290.0,293,35.0,0.0,2002,5,9,12,0
2002126N09068,2002,UNNAMED,2002-05-09 15:00:00+00:00,15.1,56.2,35.0,994.0,11.0,290.0,248,35.0,0.0,2002,5,9,15,0
2002126N09068,2002,UNNAMED,2002-05-09 18:00:00+00:00,15.4,55.7,35.0,996.0,13.0,290.0,193,35.0,0.0,2002,5,9,18,0
2002126N09068,2002,UNNAMED,2002-05-09 21:00:00+00:00,15.5,54.9,35.0,998.0,12.0,290.0,157,35.0,0.0,2002,5,9,21,0
2002126N09068,2002,UNNAMED,2002-05-10 00:00:00+00:00,15.8,54.4,35.0,998.0,9.0,295.0,130,35.0,0.0,2002,5,10,0,0
2002126N09068,2002,UNNAMED,2002-05-10 03:00:00+00:00,15.9,54.0,35.0,998.0,6.0,295.0,99,35.0,0.0,2002,5,10,3,0
2002129N08096,2002,UNNAMED,2002-05-11 03:00:00+00:00,12.4,95.5,25.0,1006.0,9.0,25.0,312,35.0,0.0,2002,5,11,3,0
2002129N08096,2002,UNNAMED,2002-05-11 06:00:00+00:00,12.9,95.8,25.0,1006.0,13.0,20.0,261,25.0,0.0,2002,5,11,6,1
2002129N08096,2002,UNNAMED,2002-05-11 12:00:00+00:00,14.3,96.0,30.0,1004.0,13.0,5.0,165,25.0,5.0,2002,5,11,12,0
2002129N08096,2002,UNNAMED,2002-05-11 18:00:00+00:00,15.4,96.2,30.0,1004.0,10.0,5.0,82,30.0,0.0,2002,5,11,18,0
2002129N08096,2002,UNNAMED,2002-05-12 00:00:00+00:00,16.5,96.3,30.0,1004.0,18.0,10.0,10,30.0,0.0,2002,5,12,0,0
2002295N14082,2002,UNNAMED,2002-10-22 09:00:00+00:00,13.5,81.5,25.0,1002.0,0.0,0.0,129,35.0,0.0,2002,10,22,9,0
2002295N14082,2002,UNNAMED,2002-10-22 12:00:00+00:00,13.5,81.5,25.0,1002.0,2.0,5.0,129,25.0,0.0,2002,10,22,12,0
2002295N14082,2002,UNNAMED,2002-10-22 18:00:00+00:00,14.0,81.5,25.0,1004.0,3.0,0.0,131,25.0,0.0,2002,10,22,18,0
2002295N14082,2002,UNNAMED,2002-10-23 03:00:00+00:00,14.0,81.5,25.0,1004.0,0.0,0.0,131,25.0,0.0,2002,10,23,3,0
2002295N14082,2002,UNNAMED,2002-10-23 06:00:00+00:00,14.0,81.5,25.0,1004.0,0.0,0.0,131,25.0,0.0,2002,10,23,6,0
2002295N14082,2002,UNNAMED,2002-10-23 12:00:00+00:00,14.0,81.5,25.0,1002.0,0.0,0.0,131,25.0,0.0,2002,10,23,12,0
2002314N12083,2002,UNNAMED,2002-11-10 03:00:00+00:00,12.0,82.5,25.0,1004.0,2.0,5.0,256,35.0,0.0,2002,11,10,3,0
2002314N12083,2002,UNNAMED,2002-11-10 06:00:00+00:00,12.1,82.5,25.0,1004.0,2.0,10.0,254,25.0,0.0,2002,11,10,6,1
2002314N12083,2002,UNNAMED,2002-11-10 12:00:00+00:00,12.3,82.6,30.0,1002.0,4.0,15.0,261,25.0,5.0,2002,11,10,12,0
2002314N12083,2002,UNNAMED,2002-11-10 18:00:00+00:00,12.8,82.7,30.0,1004.0,7.0,15.0,266,30.0,0.0,2002,11,10,18,0
2002314N12083,2002,UNNAMED,2002-11-11 00:00:00+00:00,13.6,83.0,30.0,1004.0,10.0,40.0,291,30.0,0.0,2002,11,11,0,0
2002314N12083,2002,UNNAMED,2002-11-11 03:00:00+00:00,14.0,83.4,30.0,1004.0,12.0,45.0,312,30.0,0.0,2002,11,11,3,0
2002314N12083,2002,UNNAMED,2002-11-11 06:00:00+00:00,14.4,83.9,30.0,1004.0,13.0,45.0,300,30.0,0.0,2002,11,11,6,0
2002314N12083,2002,UNNAMED,2002-11-11 09:00:00+00:00,14.9,84.3,30.0,998.0,15.0,35.0,286,30.0,0.0,2002,11,11,9,1
2002314N12083,2002,UNNAMED,2002-11-11 12:00:00+00:00,15.7,84.8,45.0,996.0,11.0,15.0,272,30.0,15.0,2002,11,11,12,0
2002314N12083,2002,UNNAMED,2002-11-11 15:00:00+00:00,15.9,84.7,45.0,996.0,6.0,5.0,248,45.0,0.0,2002,11,11,15,0
2002314N12083,2002,UNNAMED,2002-11-11 18:00:00+00:00,16.3,84.8,45.0,996.0,9.0,20.0,223,45.0,0.0,2002,11,11,18,0
2002314N12083,2002,UNNAMED,2002-11-11 21:00:00+00:00,16.8,85.0,45.0,996.0,27.0,35.0,193,45.0,0.0,2002,11,11,21,0
2002314N12083,2002,UNNAMED,2002-11-12 00:00:00+00:00,18.4,86.4,45.0,996.0,34.0,35.0,168,45.0,0.0,2002,11,12,0,0
2002314N12083,2002,UNNAMED,2002-11-12 03:00:00+00:00,19.6,86.9,45.0,996.0,27.0,20.0,68,45.0,0.0,2002,11,12,3,1
2002327N10089,2002,UNNAMED,2002-11-23 03:00:00+00:00,10.3,88.4,25.0,1004.0,8.0,315.0,786,35.0,0.0,2002,11,23,3,0
2002327N10089,2002,UNNAMED,2002-11-23 06:00:00+00:00,10.6,88.1,25.0,1004.0,9.0,335.0,769,25.0,0.0,2002,11,23,6,0
2002327N10089,2002,UNNAMED,2002-11-23 12:00:00+00:00,11.8,87.9,25.0,1002.0,10.0,350.0,807,25.0,0.0,2002,11,23,12,1
2002327N10089,2002,UNNAMED,2002-11-23 18:00:00+00:00,12.4,87.9,30.0,1002.0,6.0,25.0,764,25.0,5.0,2002,11,23,18,0
2002327N10089,2002,UNNAMED,2002-11-23 21:00:00+00:00,12.7,88.1,30.0,1002.0,8.0,15.0,754,30.0,0.0,2002,11,23,21,0
2002327N10089,2002,UNNAMED,2002-11-24 00:00:00+00:00,13.2,88.1,30.0,1002.0,7.0,355.0,713,30.0,0.0,2002,11,24,0,1
2002327N10089,2002,UNNAMED,2002-11-24 03:00:00+00:00,13.4,88.0,35.0,1002.0,7.0,355.0,689,30.0,5.0,2002,11,24,3,0
2002327N10089,2002,UNNAMED,2002-11-24 06:00:00+00:00,13.8,88.0,35.0,1002.0,8.0,355.0,653,35.0,0.0,2002,11,24,6,0
2002327N10089,2002,UNNAMED,2002-11-24 09:00:00+00:00,14.1,88.0,35.0,1000.0,9.0,10.0,628,35.0,0.0,2002,11,24,9,0
2002327N10089,2002,UNNAMED,2002-11-24 12:00:00+00:00,14.7,88.2,35.0,1000.0,6.0,20.0,594,35.0,0.0,2002,11,24,12,0
2002327N10089,2002,UNNAMED,2002-11-24 15:00:00+00:00,14.8,88.2,35.0,1000.0,1.0,345.0,586,35.0,0.0,2002,11,24,15,0
2002327N10089,2002,UNNAMED,2002-11-24 18:00:00+00:00,14.8,88.2,35.0,1000.0,2.0,350.0,586,35.0,0.0,2002,11,24,18,0
2002327N10089,2002,UNNAMED,2002-11-25 00:00:00+00:00,15.2,88.1,35.0,1002.0,3.0,340.0,547,35.0,0.0,2002,11,25,0,0
2002327N10089,2002,UNNAMED,2002-11-25 03:00:00+00:00,15.2,88.0,35.0,1002.0,2.0,325.0,539,35.0,0.0,2002,11,25,3,0
2002327N10089,2002,UNNAMED,2002-11-25 06:00:00+00:00,15.3,88.0,35.0,1002.0,2.0,315.0,531,35.0,0.0,2002,11,25,6,0
2002327N10089,2002,UNNAMED,2002-11-25 09:00:00+00:00,15.4,87.9,35.0,1002.0,1.0,325.0,516,35.0,0.0,2002,11,25,9,0
2002327N10089,2002,UNNAMED,2002-11-25 12:00:00+00:00,15.4,87.9,35.0,1000.0,2.0,45.0,516,35.0,0.0,2002,11,25,12,0
2002327N10089,2002,UNNAMED,2002-11-25 15:00:00+00:00,15.5,88.0,35.0,1002.0,1.0,65.0,516,35.0,0.0,2002,11,25,15,0
2002327N10089,2002,UNNAMED,2002-11-25 18:00:00+00:00,15.5,88.0,35.0,1002.0,3.0,0.0,516,35.0,0.0,2002,11,25,18,0
2002327N10089,2002,UNNAMED,2002-11-26 00:00:00+00:00,16.0,88.0,35.0,1002.0,3.0,0.0,477,35.0,0.0,2002,11,26,0,0
2002327N10089,2002,UNNAMED,2002-11-26 03:00:00+00:00,16.0,88.0,35.0,1002.0,0.0,0.0,477,35.0,0.0,2002,11,26,3,0
2002327N10089,2002,UNNAMED,2002-11-26 06:00:00+00:00,16.0,88.0,35.0,1002.0,0.0,0.0,477,35.0,0.0,2002,11,26,6,0
2002327N10089,2002,UNNAMED,2002-11-26 09:00:00+00:00,16.0,88.0,35.0,1000.0,7.0,45.0,477,35.0,0.0,2002,11,26,9,0
2002327N10089,2002,UNNAMED,2002-11-26 12:00:00+00:00,16.5,88.5,35.0,1000.0,11.0,60.0,450,35.0,0.0,2002,11,26,12,0
2002327N10089,2002,UNNAMED,2002-11-26 15:00:00+00:00,16.5,89.0,35.0,1002.0,10.0,90.0,478,35.0,0.0,2002,11,26,15,0
2002327N10089,2002,UNNAMED,2002-11-26 18:00:00+00:00,16.5,89.5,35.0,1002.0,5.0,90.0,504,35.0,0.0,2002,11,26,18,0
2002327N10089,2002,UNNAMED,2002-11-26 21:00:00+00:00,16.5,89.5,35.0,1002.0,5.0,90.0,504,35.0,0.0,2002,11,26,21,0
2002327N10089,2002,UNNAMED,2002-11-27 00:00:00+00:00,16.5,90.0,35.0,1002.0,7.0,45.0,451,35.0,0.0,2002,11,27,0,0
2002327N10089,2002,UNNAMED,2002-11-27 03:00:00+00:00,17.0,90.0,35.0,1004.0,7.0,45.0,450,35.0,0.0,2002,11,27,3,0
2002327N10089,2002,UNNAMED,2002-11-27 06:00:00+00:00,17.0,90.5,35.0,1004.0,8.0,85.0,405,35.0,0.0,2002,11,27,6,0
2002327N10089,2002,UNNAMED,2002-11-27 12:00:00+00:00,17.2,91.0,30.0,1006.0,4.0,35.0,349,35.0,-5.0,2002,11,27,12,0
2002327N10089,2002,UNNAMED,2002-11-27 18:00:00+00:00,17.5,91.0,25.0,1006.0,2.0,320.0,330,30.0,-5.0,2002,11,27,18,0
2002327N10089,2002,UNNAMED,2002-11-28 00:00:00+00:00,17.5,91.0,25.0,1008.0,6.0,90.0,330,25.0,0.0,2002,11,28,0,0
2002327N10089,2002,UNNAMED,2002-11-28 03:00:00+00:00,17.5,91.5,25.0,1008.0,5.0,90.0,286,25.0,0.0,2002,11,28,3,0
2002327N10089,2002,UNNAMED,2002-11-28 06:00:00+00:00,17.5,91.5,25.0,1008.0,2.0,40.0,286,25.0,0.0,2002,11,28,6,0
2002355N04077,2002,UNNAMED,2002-12-21 03:00:00+00:00,4.0,77.0,25.0,1006.0,54.0,140.0,422,35.0,0.0,2002,12,21,3,0
2002355N04077,2002,UNNAMED,2002-12-21 06:00:00+00:00,1.9,78.7,25.0,1006.0,27.0,140.0,492,25.0,0.0,2002,12,21,6,0
2002355N04077,2002,UNNAMED,2002-12-21 12:00:00+00:00,2.2,78.9,25.0,1006.0,5.0,45.0,453,25.0,0.0,2002,12,21,12,0
2002355N04077,2002,UNNAMED,2002-12-21 18:00:00+00:00,2.6,79.4,25.0,1006.0,7.0,50.0,393,25.0,0.0,2002,12,21,18,0
2002355N04077,2002,UNNAMED,2002-12-22 00:00:00+00:00,3.0,79.9,25.0,1006.0,7.0,50.0,334,25.0,0.0,2002,12,22,0,0
2002355N04077,2002,UNNAMED,2002-12-22 03:00:00+00:00,3.2,80.2,25.0,1006.0,6.0,50.0,305,25.0,0.0,2002,12,22,3,0
2002355N04077,2002,UNNAMED,2002-12-22 06:00:00+00:00,3.4,80.4,25.0,1006.0,4.0,55.0,281,25.0,0.0,2002,12,22,6,0
2002355N04077,2002,UNNAMED,2002-12-22 12:00:00+00:00,3.7,80.4,25.0,1006.0,5.0,340.0,247,25.0,0.0,2002,12,22,12,0
2002355N04077,2002,UNNAMED,2002-12-22 18:00:00+00:00,4.0,80.4,25.0,1006.0,3.0,35.0,214,25.0,0.0,2002,12,22,18,0
2002355N04077,2002,UNNAMED,2002-12-23 00:00:00+00:00,4.2,80.7,25.0,1006.0,2.0,55.0,190,25.0,0.0,2002,12,23,0,0
2002355N04077,2002,UNNAMED,2002-12-23 03:00:00+00:00,4.3,80.7,25.0,1006.0,2.0,30.0,179,25.0,0.0,2002,12,23,3,0
2002355N04077,2002,UNNAMED,2002-12-23 06:00:00+00:00,4.3,80.8,25.0,1004.0,4.0,40.0,169,25.0,0.0,2002,12,23,6,0
2002355N04077,2002,UNNAMED,2002-12-23 12:00:00+00:00,4.9,81.2,25.0,1004.0,6.0,45.0,130,25.0,0.0,2002,12,23,12,1
2002355N04077,2002,UNNAMED,2002-12-23 18:00:00+00:00,5.1,81.5,30.0,1004.0,3.0,60.0,124,25.0,5.0,2002,12,23,18,0
2002355N04077,2002,UNNAMED,2002-12-24 00:00:00+00:00,5.3,81.8,30.0,1004.0,8.0,50.0,115,30.0,0.0,2002,12,24,0,1
2002355N04077,2002,UNNAMED,2002-12-24 03:00:00+00:00,5.6,82.2,35.0,1002.0,7.0,55.0,115,30.0,5.0,2002,12,24,3,0
2002355N04077,2002,UNNAMED,2002-12-24 06:00:00+00:00,5.7,82.4,35.0,1002.0,7.0,55.0,118,35.0,0.0,2002,12,24,6,0
2002355N04077,2002,UNNAMED,2002-12-24 09:00:00+00:00,6.0,82.8,35.0,1002.0,8.0,55.0,133,35.0,0.0,2002,12,24,9,0
2002355N04077,2002,UNNAMED,2002-12-24 12:00:00+00:00,6.1,83.0,35.0,1000.0,8.0,50.0,150,35.0,0.0,2002,12,24,12,0
2002355N04077,2002,UNNAMED,2002-12-24 15:00:00+00:00,6.5,83.4,35.0,1000.0,8.0,50.0,175,35.0,0.0,2002,12,24,15,0
2002355N04077,2002,UNNAMED,2002-12-24 18:00:00+00:00,6.6,83.6,35.0,1002.0,4.0,55.0,193,35.0,0.0,2002,12,24,18,0
2002355N04077,2002,UNNAMED,2002-12-24 21:00:00+00:00,6.7,83.7,35.0,1002.0,9.0,60.0,201,35.0,0.0,2002,12,24,21,0
2002355N04077,2002,UNNAMED,2002-12-25 00:00:00+00:00,7.1,84.3,35.0,1002.0,9.0,55.0,265,35.0,0.0,2002,12,25,0,0
2002355N04077,2002,UNNAMED,2002-12-25 03:00:00+00:00,7.2,84.4,30.0,1004.0,8.0,70.0,277,35.0,-5.0,2002,12,25,3,0
2002355N04077,2002,UNNAMED,2002-12-25 06:00:00+00:00,7.3,85.1,30.0,1004.0,13.0,70.0,354,30.0,0.0,2002,12,25,6,0
2002355N04077,2002,UNNAMED,2002-12-25 12:00:00+00:00,7.8,86.1,25.0,1004.0,7.0,60.0,472,30.0,-5.0,2002,12,25,12,0
2003129N05091,2003,UNNAMED,2003-05-10 03:00:00+00:00,6.4,90.2,25.0,1002.0,6.0,350.0,560,35.0,0.0,2003,5,10,3,0
2003129N05091,2003,UNNAMED,2003-05-10 06:00:00+00:00,6.6,90.1,25.0,1002.0,9.0,355.0,575,25.0,0.0,2003,5,10,6,0
2003129N05091,2003,UNNAMED,2003-05-10 09:00:00+00:00,7.2,90.1,25.0,1002.0,14.0,335.0,591,25.0,0.0,2003,5,10,9,1
2003129N05091,2003,UNNAMED,2003-05-10 12:00:00+00:00,7.9,89.5,30.0,1002.0,12.0,320.0,680,25.0,5.0,2003,5,10,12,0
2003129N05091,2003,UNNAMED,2003-05-10 15:00:00+00:00,8.1,89.3,30.0,1000.0,10.0,315.0,709,30.0,0.0,2003,5,10,15,0
2003129N05091,2003,UNNAMED,2003-05-10 18:00:00+00:00,8.6,88.9,30.0,1000.0,10.0,320.0,772,30.0,0.0,2003,5,10,18,0
2003129N05091,2003,UNNAMED,2003-05-10 21:00:00+00:00,8.8,88.7,30.0,1000.0,9.0,320.0,771,30.0,0.0,2003,5,10,21,1
2003129N05091,2003,UNNAMED,2003-05-11 00:00:00+00:00,9.3,88.3,35.0,1000.0,14.0,310.0,740,30.0,5.0,2003,5,11,0,0
2003129N05091,2003,UNNAMED,2003-05-11 03:00:00+00:00,9.8,87.6,35.0,998.0,14.0,310.0,683,35.0,0.0,2003,5,11,3,0
2003129N05091,2003,UNNAMED,2003-05-11 06:00:00+00:00,10.2,87.2,35.0,998.0,7.0,315.0,661,35.0,0.0,2003,5,11,6,1
2003129N05091,2003,UNNAMED,2003-05-11 09:00:00+00:00,10.3,87.0,45.0,998.0,6.0,305.0,646,35.0,10.0,2003,5,11,9,1
2003129N05091,2003,UNNAMED,2003-05-11 12:00:00+00:00,10.6,86.7,55.0,990.0,6.0,300.0,631,45.0,10.0,2003,5,11,12,0
2003129N05091,2003,UNNAMED,2003-05-11 15:00:00+00:00,10.6,86.5,55.0,990.0,6.0,300.0,611,55.0,0.0,2003,5,11,15,0
2003129N05091,2003,UNNAMED,2003-05-11 18:00:00+00:00,10.9,86.2,55.0,990.0,4.0,295.0,596,55.0,0.0,2003,5,11,18,0
2003129N05091,2003,UNNAMED,2003-05-11 21:00:00+00:00,10.8,86.2,55.0,986.0,2.0,160.0,591,55.0,0.0,2003,5,11,21,0
2003129N05091,2003,UNNAMED,2003-05-12 00:00:00+00:00,10.7,86.2,55.0,986.0,1.0,45.0,586,55.0,0.0,2003,5,12,0,0
2003129N05091,2003,UNNAMED,2003-05-12 03:00:00+00:00,10.8,86.2,55.0,986.0,3.0,0.0,591,55.0,0.0,2003,5,12,3,0
2003129N05091,2003,UNNAMED,2003-05-12 06:00:00+00:00,11.0,86.2,55.0,986.0,3.0,15.0,601,55.0,0.0,2003,5,12,6,0
2003129N05091,2003,UNNAMED,2003-05-12 09:00:00+00:00,11.1,86.3,55.0,986.0,5.0,350.0,616,55.0,0.0,2003,5,12,9,0
2003129N05091,2003,UNNAMED,2003-05-12 12:00:00+00:00,11.4,86.1,55.0,986.0,5.0,345.0,615,55.0,0.0,2003,5,12,12,0
2003129N05091,2003,UNNAMED,2003-05-12 15:00:00+00:00,11.5,86.2,55.0,986.0,3.0,15.0,630,55.0,0.0,2003,5,12,15,1
2003129N05091,2003,UNNAMED,2003-05-12 18:00:00+00:00,11.7,86.2,65.0,982.0,3.0,340.0,642,55.0,10.0,2003,5,12,18,0
2003129N05091,2003,UNNAMED,2003-05-12 21:00:00+00:00,11.8,86.1,65.0,982.0,3.0,320.0,639,65.0,0.0,2003,5,12,21,0
2003129N05091,2003,UNNAMED,2003-05-13 00:00:00+00:00,11.9,86.0,65.0,982.0,6.0,315.0,634,65.0,0.0,2003,5,13,0,0
2003129N05091,2003,UNNAMED,2003-05-13 03:00:00+00:00,12.2,85.6,65.0,982.0,8.0,330.0,587,65.0,0.0,2003,5,13,3,1
2003129N05091,2003,UNNAMED,2003-05-13 06:00:00+00:00,12.5,85.6,75.0,980.0,4.0,345.0,571,65.0,10.0,2003,5,13,6,0
2003129N05091,2003,UNNAMED,2003-05-13 09:00:00+00:00,12.6,85.5,75.0,980.0,2.0,340.0,564,75.0,0.0,2003,5,13,9,0
2003129N05091,2003,UNNAMED,2003-05-13 12:00:00+00:00,12.7,85.5,65.0,982.0,2.0,345.0,556,75.0,-10.0,2003,5,13,12,0
2003129N05091,2003,UNNAMED,2003-05-13 15:00:00+00:00,12.8,85.5,65.0,982.0,4.0,350.0,547,65.0,0.0,2003,5,13,15,0
2003129N05091,2003,UNNAMED,2003-05-13 18:00:00+00:00,13.1,85.5,65.0,982.0,5.0,355.0,521,65.0,0.0,2003,5,13,18,0
2003129N05091,2003,UNNAMED,2003-05-13 21:00:00+00:00,13.2,85.4,65.0,982.0,5.0,0.0,505,65.0,0.0,2003,5,13,21,0
2003129N05091,2003,UNNAMED,2003-05-14 00:00:00+00:00,13.6,85.5,65.0,980.0,8.0,0.0,480,65.0,0.0,2003,5,14,0,0
2003129N05091,2003,UNNAMED,2003-05-14 03:00:00+00:00,14.0,85.5,65.0,982.0,5.0,5.0,450,65.0,0.0,2003,5,14,3,0
2003129N05091,2003,UNNAMED,2003-05-14 06:00:00+00:00,14.1,85.5,55.0,986.0,6.0,40.0,442,65.0,-10.0,2003,5,14,6,0
2003129N05091,2003,UNNAMED,2003-05-14 09:00:00+00:00,14.4,85.8,55.0,986.0,6.0,45.0,448,55.0,0.0,2003,5,14,9,0
2003129N05091,2003,UNNAMED,2003-05-14 12:00:00+00:00,14.5,86.0,45.0,990.0,2.0,60.0,458,55.0,-10.0,2003,5,14,12,0
2003129N05091,2003,UNNAMED,2003-05-14 15:00:00+00:00,14.6,86.1,35.0,990.0,2.0,55.0,456,45.0,-10.0,2003,5,14,15,0
2003129N05091,2003,UNNAMED,2003-05-14 18:00:00+00:00,14.6,86.1,35.0,994.0,2.0,65.0,456,35.0,0.0,2003,5,14,18,0
2003129N05091,2003,UNNAMED,2003-05-14 21:00:00+00:00,14.6,86.3,35.0,994.0,1.0,45.0,471,35.0,0.0,2003,5,14,21,0
2003129N05091,2003,UNNAMED,2003-05-15 00:00:00+00:00,14.7,86.2,35.0,992.0,2.0,240.0,456,35.0,0.0,2003,5,15,0,0
2003129N05091,2003,UNNAMED,2003-05-15 03:00:00+00:00,14.6,86.1,35.0,994.0,2.0,195.0,456,35.0,0.0,2003,5,15,3,0
2003129N05091,2003,UNNAMED,2003-05-15 06:00:00+00:00,14.5,86.1,35.0,994.0,2.0,160.0,465,35.0,0.0,2003,5,15,6,0
2003129N05091,2003,UNNAMED,2003-05-15 09:00:00+00:00,14.4,86.2,35.0,994.0,2.0,110.0,480,35.0,0.0,2003,5,15,9,0
2003129N05091,2003,UNNAMED,2003-05-15 12:00:00+00:00,14.4,86.3,35.0,994.0,2.0,85.0,487,35.0,0.0,2003,5,15,12,0
2003129N05091,2003,UNNAMED,2003-05-15 15:00:00+00:00,14.4,86.3,35.0,994.0,2.0,70.0,487,35.0,0.0,2003,5,15,15,0
2003129N05091,2003,UNNAMED,2003-05-15 18:00:00+00:00,14.5,86.4,35.0,994.0,2.0,65.0,487,35.0,0.0,2003,5,15,18,0
2003129N05091,2003,UNNAMED,2003-05-15 21:00:00+00:00,14.5,86.5,35.0,994.0,2.0,70.0,494,35.0,0.0,2003,5,15,21,0
2003129N05091,2003,UNNAMED,2003-05-16 00:00:00+00:00,14.5,86.6,35.0,994.0,3.0,100.0,501,35.0,0.0,2003,5,16,0,0
2003129N05091,2003,UNNAMED,2003-05-16 03:00:00+00:00,14.4,86.8,35.0,996.0,3.0,120.0,522,35.0,0.0,2003,5,16,3,0
2003129N05091,2003,UNNAMED,2003-05-16 06:00:00+00:00,14.4,86.8,35.0,996.0,1.0,225.0,522,35.0,0.0,2003,5,16,6,0
2003129N05091,2003,UNNAMED,2003-05-16 09:00:00+00:00,14.3,86.7,35.0,996.0,1.0,115.0,525,35.0,0.0,2003,5,16,9,0
2003129N05091,2003,UNNAMED,2003-05-16 12:00:00+00:00,14.3,86.9,30.0,996.0,2.0,130.0,538,35.0,-5.0,2003,5,16,12,0
2003129N05091,2003,UNNAMED,2003-05-16 15:00:00+00:00,14.2,86.9,30.0,996.0,2.0,170.0,547,30.0,0.0,2003,5,16,15,0
2003129N05091,2003,UNNAMED,2003-05-16 18:00:00+00:00,14.1,86.9,30.0,996.0,3.0,145.0,556,30.0,0.0,2003,5,16,18,0
2003129N05091,2003,UNNAMED,2003-05-16 21:00:00+00:00,14.0,87.0,30.0,996.0,4.0,125.0,572,30.0,0.0,2003,5,16,21,0
2003129N05091,2003,UNNAMED,2003-05-17 00:00:00+00:00,13.9,87.2,30.0,996.0,6.0,105.0,593,30.0,0.0,2003,5,17,0,0
2003129N05091,2003,UNNAMED,2003-05-17 03:00:00+00:00,13.8,87.7,30.0,998.0,7.0,100.0,633,30.0,0.0,2003,5,17,3,0
2003129N05091,2003,UNNAMED,2003-05-17 06:00:00+00:00,13.8,87.9,30.0,998.0,5.0,90.0,646,30.0,0.0,2003,5,17,6,0
2003129N05091,2003,UNNAMED,2003-05-17 09:00:00+00:00,13.8,88.1,30.0,998.0,7.0,80.0,660,30.0,0.0,2003,5,17,9,0
2003129N05091,2003,UNNAMED,2003-05-17 12:00:00+00:00,13.9,88.7,30.0,998.0,10.0,80.0,636,30.0,0.0,2003,5,17,12,0
2003129N05091,2003,UNNAMED,2003-05-17 15:00:00+00:00,14.0,89.1,30.0,998.0,9.0,80.0,591,30.0,0.0,2003,5,17,15,0
2003129N05091,2003,UNNAMED,2003-05-17 18:00:00+00:00,14.1,89.6,30.0,998.0,9.0,75.0,537,30.0,0.0,2003,5,17,18,0
2003129N05091,2003,UNNAMED,2003-05-17 21:00:00+00:00,14.2,90.1,30.0,998.0,9.0,70.0,484,30.0,0.0,2003,5,17,21,0
2003129N05091,2003,UNNAMED,2003-05-18 00:00:00+00:00,14.4,90.5,30.0,1000.0,9.0,65.0,435,30.0,0.0,2003,5,18,0,0
2003129N05091,2003,UNNAMED,2003-05-18 03:00:00+00:00,14.6,90.9,30.0,1000.0,7.0,45.0,387,30.0,0.0,2003,5,18,3,0
2003129N05091,2003,UNNAMED,2003-05-18 06:00:00+00:00,14.9,91.0,30.0,1000.0,5.0,35.0,364,30.0,0.0,2003,5,18,6,0
2003129N05091,2003,UNNAMED,2003-05-18 09:00:00+00:00,15.0,91.2,30.0,1000.0,7.0,60.0,340,30.0,0.0,2003,5,18,9,0
2003129N05091,2003,UNNAMED,2003-05-18 12:00:00+00:00,15.2,91.7,30.0,998.0,7.0,60.0,282,30.0,0.0,2003,5,18,12,0
2003129N05091,2003,UNNAMED,2003-05-18 15:00:00+00:00,15.4,91.8,30.0,998.0,9.0,40.0,265,30.0,0.0,2003,5,18,15,0
2003129N05091,2003,UNNAMED,2003-05-18 18:00:00+00:00,15.9,92.3,30.0,998.0,10.0,25.0,203,30.0,0.0,2003,5,18,18,0
2003129N05091,2003,UNNAMED,2003-05-18 21:00:00+00:00,16.3,92.3,30.0,998.0,10.0,20.0,205,30.0,0.0,2003,5,18,21,0
2003129N05091,2003,UNNAMED,2003-05-19 00:00:00+00:00,16.8,92.6,30.0,998.0,10.0,30.0,184,30.0,0.0,2003,5,19,0,0
2003129N05091,2003,UNNAMED,2003-05-19 03:00:00+00:00,17.2,92.9,30.0,998.0,13.0,25.0,162,30.0,0.0,2003,5,19,3,1
2003129N05091,2003,UNNAMED,2003-05-19 06:00:00+00:00,17.9,93.2,35.0,996.0,12.0,20.0,121,30.0,5.0,2003,5,19,6,0
2003129N05091,2003,UNNAMED,2003-05-19 09:00:00+00:00,18.3,93.2,35.0,994.0,9.0,25.0,92,35.0,0.0,2003,5,19,9,0
2003129N05091,2003,UNNAMED,2003-05-19 12:00:00+00:00,18.7,93.6,35.0,994.0,9.0,25.0,30,35.0,0.0,2003,5,19,12,0
2003129N05091,2003,UNNAMED,2003-05-19 15:00:00+00:00,19.2,93.7,35.0,994.0,10.0,25.0,0,35.0,0.0,2003,5,19,15,1
2003206N21089,2003,UNNAMED,2003-07-25 03:00:00+00:00,21.0,89.0,25.0,992.0,7.0,300.0,67,35.0,0.0,2003,7,25,3,1
2003206N21089,2003,UNNAMED,2003-07-25 12:00:00+00:00,21.5,88.0,30.0,988.0,7.0,295.0,23,25.0,5.0,2003,7,25,12,0
2003206N21089,2003,UNNAMED,2003-07-26 03:00:00+00:00,22.0,86.0,30.0,990.0,10.0,275.0,0,30.0,0.0,2003,7,26,3,0
2003206N21089,2003,UNNAMED,2003-07-26 12:00:00+00:00,22.0,84.0,30.0,988.0,14.0,270.0,0,30.0,0.0,2003,7,26,12,0
2003206N21089,2003,UNNAMED,2003-07-27 03:00:00+00:00,22.5,80.0,25.0,992.0,16.0,280.0,0,30.0,-5.0,2003,7,27,3,0
2003206N21089,2003,UNNAMED,2003-07-27 12:00:00+00:00,23.0,77.5,25.0,992.0,12.0,290.0,0,25.0,0.0,2003,7,27,12,0
2003240N21089,2003,UNNAMED,2003-08-27 12:00:00+00:00,20.5,88.5,25.0,996.0,11.0,280.0,123,35.0,0.0,2003,8,27,12,0
2003240N21089,2003,UNNAMED,2003-08-28 03:00:00+00:00,21.0,85.5,25.0,996.0,6.0,280.0,0,25.0,0.0,2003,8,28,3,0
2003279N17084,2003,UNNAMED,2003-10-06 03:00:00+00:00,16.5,84.0,25.0,998.0,4.0,0.0,149,35.0,0.0,2003,10,6,3,0
2003279N17084,2003,UNNAMED,2003-10-06 09:00:00+00:00,17.0,84.0,25.0,998.0,8.0,0.0,107,25.0,0.0,2003,10,6,9,0
2003279N17084,2003,UNNAMED,2003-10-06 12:00:00+00:00,17.5,84.0,25.0,998.0,10.0,355.0,69,25.0,0.0,2003,10,6,12,0
2003279N17084,2003,UNNAMED,2003-10-07 03:00:00+00:00,19.0,83.0,25.0,998.0,2.0,305.0,0,25.0,0.0,2003,10,7,3,0
2003279N17084,2003,UNNAMED,2003-10-07 12:00:00+00:00,19.0,83.0,25.0,998.0,4.0,330.0,0,25.0,0.0,2003,10,7,12,0
2003279N17084,2003,UNNAMED,2003-10-08 03:00:00+00:00,21.0,82.5,25.0,998.0,9.0,50.0,0,25.0,0.0,2003,10,8,3,0
2003279N17084,2003,UNNAMED,2003-10-08 12:00:00+00:00,21.5,84.5,25.0,1000.0,12.0,65.0,0,25.0,0.0,2003,10,8,12,0
2003279N17084,2003,UNNAMED,2003-10-09 03:00:00+00:00,23.5,86.0,25.0,1000.0,11.0,25.0,0,25.0,0.0,2003,10,9,3,0
2003295N09101,2003,UNNAMED,2003-10-26 06:00:00+00:00,13.3,93.3,25.0,1004.0,8.0,285.0,303,35.0,0.0,2003,10,26,6,1
2003295N09101,2003,UNNAMED,2003-10-26 21:00:00+00:00,13.9,90.7,30.0,1004.0,11.0,285.0,443,25.0,5.0,2003,10,26,21,0
2003295N09101,2003,UNNAMED,2003-10-27 06:00:00+00:00,14.6,89.0,30.0,1006.0,15.0,295.0,579,30.0,0.0,2003,10,27,6,0
2003295N09101,2003,UNNAMED,2003-10-27 21:00:00+00:00,16.7,85.0,30.0,1004.0,16.0,320.0,202,30.0,0.0,2003,10,27,21,0
2003315N09067,2003,UNNAMED,2003-11-12 03:00:00+00:00,6.3,61.1,25.0,1002.0,10.0,260.0,1011,35.0,0.0,2003,11,12,3,1
2003315N09067,2003,UNNAMED,2003-11-12 12:00:00+00:00,6.3,59.8,30.0,1000.0,7.0,275.0,914,25.0,5.0,2003,11,12,12,1
2003315N09067,2003,UNNAMED,2003-11-12 18:00:00+00:00,6.3,59.2,35.0,998.0,7.0,275.0,864,30.0,5.0,2003,11,12,18,0
2003315N09067,2003,UNNAMED,2003-11-13 00:00:00+00:00,6.4,58.4,35.0,998.0,5.0,270.0,815,35.0,0.0,2003,11,13,0,0
2003315N09067,2003,UNNAMED,2003-11-13 03:00:00+00:00,6.4,58.3,35.0,998.0,3.0,270.0,810,35.0,0.0,2003,11,13,3,1
2003315N09067,2003,UNNAMED,2003-11-13 06:00:00+00:00,6.4,58.1,55.0,994.0,5.0,250.0,798,35.0,20.0,2003,11,13,6,0
2003315N09067,2003,UNNAMED,2003-11-13 09:00:00+00:00,6.2,57.8,55.0,990.0,6.0,240.0,800,55.0,0.0,2003,11,13,9,0
2003315N09067,2003,UNNAMED,2003-11-13 12:00:00+00:00,6.1,57.6,55.0,990.0,7.0,260.0,799,55.0,0.0,2003,11,13,12,0
2003315N09067,2003,UNNAMED,2003-11-13 15:00:00+00:00,6.1,57.2,55.0,990.0,5.0,270.0,778,55.0,0.0,2003,11,13,15,0
2003315N09067,2003,UNNAMED,2003-11-13 18:00:00+00:00,6.1,57.0,55.0,990.0,4.0,265.0,768,55.0,0.0,2003,11,13,18,0
2003315N09067,2003,UNNAMED,2003-11-13 21:00:00+00:00,6.0,56.8,55.0,990.0,7.0,260.0,762,55.0,0.0,2003,11,13,21,0
2003315N09067,2003,UNNAMED,2003-11-14 00:00:00+00:00,6.0,56.4,55.0,990.0,6.0,260.0,723,55.0,0.0,2003,11,14,0,0
2003315N09067,2003,UNNAMED,2003-11-14 03:00:00+00:00,5.9,56.2,55.0,990.0,8.0,245.0,710,55.0,0.0,2003,11,14,3,0
2003315N09067,2003,UNNAMED,2003-11-14 06:00:00+00:00,5.6,55.6,55.0,990.0,8.0,255.0,673,55.0,0.0,2003,11,14,6,0
2003315N09067,2003,UNNAMED,2003-11-14 09:00:00+00:00,5.7,55.4,55.0,990.0,5.0,290.0,649,55.0,0.0,2003,11,14,9,0
2003315N09067,2003,UNNAMED,2003-11-14 12:00:00+00:00,5.8,55.2,45.0,994.0,4.0,295.0,624,55.0,-10.0,2003,11,14,12,0
2003315N09067,2003,UNNAMED,2003-11-14 15:00:00+00:00,5.8,55.0,35.0,994.0,4.0,285.0,599,45.0,-10.0,2003,11,14,15,0
2003315N09067,2003,UNNAMED,2003-11-14 18:00:00+00:00,5.9,54.8,30.0,996.0,3.0,290.0,579,35.0,-5.0,2003,11,14,18,0
2003315N09067,2003,UNNAMED,2003-11-14 21:00:00+00:00,6.0,54.7,30.0,996.0,2.0,295.0,564,30.0,0.0,2003,11,14,21,0
2003315N09067,2003,UNNAMED,2003-11-15 00:00:00+00:00,6.0,54.6,30.0,998.0,2.0,285.0,554,30.0,0.0,2003,11,15,0,0
2003315N09067,2003,UNNAMED,2003-11-15 03:00:00+00:00,6.0,54.5,25.0,1000.0,2.0,270.0,544,30.0,-5.0,2003,11,15,3,0
2003345N05092,2003,UNNAMED,2003-12-11 12:00:00+00:00,4.9,90.7,25.0,1004.0,10.0,290.0,500,35.0,0.0,2003,12,11,12,0
2003345N05092,2003,UNNAMED,2003-12-12 03:00:00+00:00,6.4,89.0,25.0,1006.0,10.0,335.0,692,25.0,0.0,2003,12,12,3,0
2003345N05092,2003,UNNAMED,2003-12-12 12:00:00+00:00,7.6,88.4,25.0,1004.0,7.0,330.0,720,25.0,0.0,2003,12,12,12,1
2003345N05092,2003,UNNAMED,2003-12-13 03:00:00+00:00,8.6,87.7,30.0,1004.0,5.0,305.0,659,25.0,5.0,2003,12,13,3,1
2003345N05092,2003,UNNAMED,2003-12-13 12:00:00+00:00,9.2,86.9,35.0,1002.0,7.0,325.0,589,30.0,5.0,2003,12,13,12,0
2003345N05092,2003,UNNAMED,2003-12-13 15:00:00+00:00,9.5,86.7,35.0,1002.0,5.0,325.0,579,35.0,0.0,2003,12,13,15,0
2003345N05092,2003,UNNAMED,2003-12-13 18:00:00+00:00,9.7,86.6,35.0,1002.0,7.0,315.0,578,35.0,0.0,2003,12,13,18,0
2003345N05092,2003,UNNAMED,2003-12-13 21:00:00+00:00,10.1,86.2,35.0,1000.0,10.0,305.0,557,35.0,0.0,2003,12,13,21,0
2003345N05092,2003,UNNAMED,2003-12-14 00:00:00+00:00,10.3,85.8,35.0,998.0,13.0,300.0,527,35.0,0.0,2003,12,14,0,1
2003345N05092,2003,UNNAMED,2003-12-14 03:00:00+00:00,10.7,85.1,45.0,998.0,11.0,305.0,480,35.0,10.0,2003,12,14,3,0
2003345N05092,2003,UNNAMED,2003-12-14 06:00:00+00:00,10.9,84.9,45.0,996.0,9.0,315.0,474,45.0,0.0,2003,12,14,6,0
2003345N05092,2003,UNNAMED,2003-12-14 09:00:00+00:00,11.3,84.4,45.0,994.0,13.0,305.0,453,45.0,0.0,2003,12,14,9,1
2003345N05092,2003,UNNAMED,2003-12-14 12:00:00+00:00,11.7,83.8,55.0,992.0,14.0,310.0,401,45.0,10.0,2003,12,14,12,0
2003345N05092,2003,UNNAMED,2003-12-14 15:00:00+00:00,12.2,83.3,55.0,992.0,13.0,315.0,338,55.0,0.0,2003,12,14,15,0
2003345N05092,2003,UNNAMED,2003-12-14 18:00:00+00:00,12.6,82.9,55.0,992.0,13.0,320.0,292,55.0,0.0,2003,12,14,18,0
2003345N05092,2003,UNNAMED,2003-12-14 21:00:00+00:00,13.2,82.5,55.0,992.0,13.0,320.0,238,55.0,0.0,2003,12,14,21,0
2003345N05092,2003,UNNAMED,2003-12-15 00:00:00+00:00,13.7,82.0,55.0,992.0,12.0,320.0,183,55.0,0.0,2003,12,15,0,0
2003345N05092,2003,UNNAMED,2003-12-15 03:00:00+00:00,14.1,81.7,55.0,992.0,10.0,330.0,154,55.0,0.0,2003,12,15,3,0
2003345N05092,2003,UNNAMED,2003-12-15 06:00:00+00:00,14.5,81.5,55.0,992.0,12.0,330.0,140,55.0,0.0,2003,12,15,6,0
2003345N05092,2003,UNNAMED,2003-12-15 09:00:00+00:00,15.1,81.1,55.0,992.0,11.0,340.0,70,55.0,0.0,2003,12,15,9,0
2003345N05092,2003,UNNAMED,2003-12-15 12:00:00+00:00,15.6,81.1,55.0,990.0,9.0,355.0,24,55.0,0.0,2003,12,15,12,0
2003345N05092,2003,UNNAMED,2003-12-15 15:00:00+00:00,15.9,81.0,55.0,992.0,8.0,0.0,0,55.0,0.0,2003,12,15,15,0
2004125N11074,2004,UNNAMED,2004-05-05 03:00:00+00:00,11.5,72.9,25.0,1002.0,2.0,155.0,249,35.0,0.0,2004,5,5,3,1
2004125N11074,2004,UNNAMED,2004-05-05 06:00:00+00:00,11.4,73.0,30.0,1000.0,2.0,170.0,244,25.0,5.0,2004,5,5,6,0
2004125N11074,2004,UNNAMED,2004-05-05 09:00:00+00:00,11.4,72.9,30.0,1000.0,1.0,165.0,254,30.0,0.0,2004,5,5,9,1
2004125N11074,2004,UNNAMED,2004-05-05 12:00:00+00:00,11.3,73.0,35.0,994.0,2.0,195.0,249,30.0,5.0,2004,5,5,12,0
2004125N11074,2004,UNNAMED,2004-05-05 15:00:00+00:00,11.2,72.9,35.0,994.0,2.0,150.0,264,35.0,0.0,2004,5,5,15,0
2004125N11074,2004,UNNAMED,2004-05-05 18:00:00+00:00,11.2,73.1,35.0,994.0,2.0,90.0,245,35.0,0.0,2004,5,5,18,0
2004125N11074,2004,UNNAMED,2004-05-05 21:00:00+00:00,11.2,73.2,35.0,992.0,2.0,20.0,235,35.0,0.0,2004,5,5,21,0
2004125N11074,2004,UNNAMED,2004-05-06 00:00:00+00:00,11.3,73.2,35.0,992.0,1.0,5.0,230,35.0,0.0,2004,5,6,0,1
2004125N11074,2004,UNNAMED,2004-05-06 03:00:00+00:00,11.4,73.2,45.0,992.0,1.0,0.0,225,35.0,10.0,2004,5,6,3,0
2004125N11074,2004,UNNAMED,2004-05-06 06:00:00+00:00,11.4,73.2,45.0,992.0,1.0,0.0,225,45.0,0.0,2004,5,6,6,0
2004125N11074,2004,UNNAMED,2004-05-06 09:00:00+00:00,11.4,73.2,45.0,990.0,1.0,0.0,225,45.0,0.0,2004,5,6,9,0
2004125N11074,2004,UNNAMED,2004-05-06 12:00:00+00:00,11.5,73.2,45.0,988.0,2.0,345.0,220,45.0,0.0,2004,5,6,12,0
2004125N11074,2004,UNNAMED,2004-05-06 15:00:00+00:00,11.6,73.1,45.0,990.0,2.0,335.0,225,45.0,0.0,2004,5,6,15,0
2004125N11074,2004,UNNAMED,2004-05-06 18:00:00+00:00,11.7,73.1,45.0,990.0,2.0,325.0,220,45.0,0.0,2004,5,6,18,0
2004125N11074,2004,UNNAMED,2004-05-06 21:00:00+00:00,11.8,73.0,45.0,990.0,2.0,315.0,225,45.0,0.0,2004,5,6,21,0
2004125N11074,2004,UNNAMED,2004-05-07 00:00:00+00:00,11.9,72.9,45.0,990.0,9.0,315.0,229,45.0,0.0,2004,5,7,0,1
2004125N11074,2004,UNNAMED,2004-05-07 03:00:00+00:00,12.4,72.3,55.0,988.0,12.0,315.0,275,45.0,10.0,2004,5,7,3,0
2004125N11074,2004,UNNAMED,2004-05-07 06:00:00+00:00,12.7,72.1,55.0,986.0,3.0,355.0,289,55.0,0.0,2004,5,7,6,0
2004125N11074,2004,UNNAMED,2004-05-07 09:00:00+00:00,12.8,72.3,55.0,986.0,5.0,85.0,266,55.0,0.0,2004,5,7,9,0
2004125N11074,2004,UNNAMED,2004-05-07 12:00:00+00:00,12.8,72.6,55.0,984.0,7.0,105.0,234,55.0,0.0,2004,5,7,12,0
2004125N11074,2004,UNNAMED,2004-05-07 15:00:00+00:00,12.5,73.0,55.0,986.0,6.0,130.0,198,55.0,0.0,2004,5,7,15,0
2004125N11074,2004,UNNAMED,2004-05-07 18:00:00+00:00,12.4,73.1,55.0,986.0,3.0,100.0,189,55.0,0.0,2004,5,7,18,0
2004125N11074,2004,UNNAMED,2004-05-07 21:00:00+00:00,12.5,73.3,55.0,986.0,5.0,50.0,166,55.0,0.0,2004,5,7,21,0
2004125N11074,2004,UNNAMED,2004-05-08 00:00:00+00:00,12.7,73.5,55.0,986.0,5.0,25.0,141,55.0,0.0,2004,5,8,0,0
2004125N11074,2004,UNNAMED,2004-05-08 03:00:00+00:00,12.9,73.6,55.0,986.0,5.0,0.0,127,55.0,0.0,2004,5,8,3,0
2004125N11074,2004,UNNAMED,2004-05-08 06:00:00+00:00,13.2,73.5,55.0,986.0,6.0,340.0,130,55.0,0.0,2004,5,8,6,0
2004125N11074,2004,UNNAMED,2004-05-08 09:00:00+00:00,13.5,73.4,55.0,986.0,6.0,330.0,136,55.0,0.0,2004,5,8,9,0
2004125N11074,2004,UNNAMED,2004-05-08 12:00:00+00:00,13.7,73.2,45.0,988.0,5.0,325.0,145,55.0,-10.0,2004,5,8,12,0
2004125N11074,2004,UNNAMED,2004-05-08 15:00:00+00:00,13.9,73.1,45.0,990.0,5.0,325.0,147,45.0,0.0,2004,5,8,15,0
2004125N11074,2004,UNNAMED,2004-05-08 18:00:00+00:00,14.1,72.9,45.0,990.0,5.0,320.0,151,45.0,0.0,2004,5,8,18,0
2004125N11074,2004,UNNAMED,2004-05-08 21:00:00+00:00,14.3,72.7,45.0,992.0,6.0,315.0,157,45.0,0.0,2004,5,8,21,0
2004125N11074,2004,UNNAMED,2004-05-09 00:00:00+00:00,14.5,72.5,45.0,992.0,10.0,305.0,164,45.0,0.0,2004,5,9,0,0
2004125N11074,2004,UNNAMED,2004-05-09 03:00:00+00:00,14.8,71.9,45.0,992.0,16.0,300.0,212,45.0,0.0,2004,5,9,3,0
2004125N11074,2004,UNNAMED,2004-05-09 06:00:00+00:00,15.3,71.1,45.0,992.0,17.0,310.0,270,45.0,0.0,2004,5,9,6,0
2004125N11074,2004,UNNAMED,2004-05-09 09:00:00+00:00,15.9,70.5,45.0,990.0,15.0,320.0,306,45.0,0.0,2004,5,9,9,0
2004125N11074,2004,UNNAMED,2004-05-09 12:00:00+00:00,16.5,70.1,45.0,990.0,12.0,340.0,341,45.0,0.0,2004,5,9,12,0
2004125N11074,2004,UNNAMED,2004-05-09 15:00:00+00:00,17.0,70.0,45.0,990.0,10.0,355.0,335,45.0,0.0,2004,5,9,15,0
2004125N11074,2004,UNNAMED,2004-05-09 18:00:00+00:00,17.5,70.0,45.0,990.0,10.0,0.0,316,45.0,0.0,2004,5,9,18,0
2004125N11074,2004,UNNAMED,2004-05-09 21:00:00+00:00,18.0,70.0,45.0,992.0,10.0,0.0,307,45.0,0.0,2004,5,9,21,0
2004125N11074,2004,UNNAMED,2004-05-10 00:00:00+00:00,18.5,70.0,35.0,996.0,10.0,0.0,259,45.0,-10.0,2004,5,10,0,0
2004125N11074,2004,UNNAMED,2004-05-10 03:00:00+00:00,19.0,70.0,35.0,998.0,5.0,0.0,207,35.0,0.0,2004,5,10,3,0
2004125N11074,2004,UNNAMED,2004-05-10 06:00:00+00:00,19.0,70.0,30.0,1000.0,5.0,0.0,207,35.0,-5.0,2004,5,10,6,0
2004136N15090,2004,UNNAMED,2004-05-16 09:00:00+00:00,17.6,91.5,25.0,1000.0,8.0,295.0,280,35.0,0.0,2004,5,16,9,0
2004136N15090,2004,UNNAMED,2004-05-16 12:00:00+00:00,17.8,91.1,25.0,1000.0,7.0,290.0,305,25.0,0.0,2004,5,16,12,1
2004136N15090,2004,UNNAMED,2004-05-16 18:00:00+00:00,17.8,90.7,30.0,998.0,6.0,290.0,343,25.0,5.0,2004,5,16,18,0
2004136N15090,2004,UNNAMED,2004-05-16 21:00:00+00:00,18.0,90.3,30.0,998.0,7.0,315.0,359,30.0,0.0,2004,5,16,21,0
2004136N15090,2004,UNNAMED,2004-05-17 00:00:00+00:00,18.3,90.2,30.0,998.0,5.0,300.0,344,30.0,0.0,2004,5,17,0,1
2004136N15090,2004,UNNAMED,2004-05-17 03:00:00+00:00,18.3,89.8,35.0,998.0,5.0,280.0,376,30.0,5.0,2004,5,17,3,0
2004136N15090,2004,UNNAMED,2004-05-17 06:00:00+00:00,18.3,89.7,35.0,998.0,5.0,285.0,363,35.0,0.0,2004,5,17,6,1
2004136N15090,2004,UNNAMED,2004-05-17 09:00:00+00:00,18.4,89.3,45.0,988.0,7.0,280.0,345,35.0,10.0,2004,5,17,9,0
2004136N15090,2004,UNNAMED,2004-05-17 12:00:00+00:00,18.5,88.9,45.0,988.0,6.0,285.0,306,45.0,0.0,2004,5,17,12,0
2004136N15090,2004,UNNAMED,2004-05-17 15:00:00+00:00,18.5,88.7,45.0,988.0,3.0,290.0,290,45.0,0.0,2004,5,17,15,0
2004136N15090,2004,UNNAMED,2004-05-17 18:00:00+00:00,18.6,88.6,45.0,986.0,3.0,285.0,275,45.0,0.0,2004,5,17,18,0
2004136N15090,2004,UNNAMED,2004-05-17 21:00:00+00:00,18.6,88.4,45.0,986.0,1.0,195.0,260,45.0,0.0,2004,5,17,21,0
2004136N15090,2004,UNNAMED,2004-05-18 00:00:00+00:00,18.5,88.6,45.0,986.0,3.0,85.0,283,45.0,0.0,2004,5,18,0,0
2004136N15090,2004,UNNAMED,2004-05-18 03:00:00+00:00,18.6,88.7,45.0,986.0,5.0,35.0,283,45.0,0.0,2004,5,18,3,1
2004136N15090,2004,UNNAMED,2004-05-18 06:00:00+00:00,18.9,88.9,55.0,982.0,9.0,75.0,278,45.0,10.0,2004,5,18,6,0
2004136N15090,2004,UNNAMED,2004-05-18 09:00:00+00:00,18.9,89.6,55.0,980.0,12.0,90.0,306,55.0,0.0,2004,5,18,9,0
2004136N15090,2004,UNNAMED,2004-05-18 12:00:00+00:00,18.9,90.1,55.0,980.0,7.0,75.0,313,55.0,0.0,2004,5,18,12,1
2004136N15090,2004,UNNAMED,2004-05-18 15:00:00+00:00,19.1,90.3,65.0,974.0,9.0,45.0,283,55.0,10.0,2004,5,18,15,0
2004136N15090,2004,UNNAMED,2004-05-18 18:00:00+00:00,19.5,90.8,65.0,974.0,10.0,70.0,214,65.0,0.0,2004,5,18,18,0
2004136N15090,2004,UNNAMED,2004-05-18 21:00:00+00:00,19.4,91.3,65.0,972.0,11.0,70.0,177,65.0,0.0,2004,5,18,21,1
2004136N15090,2004,UNNAMED,2004-05-19 00:00:00+00:00,19.9,91.8,77.0,962.0,12.0,60.0,104,65.0,12.0,2004,5,19,0,1
2004162N18068,2004,UNNAMED,2004-06-10 03:00:00+00:00,17.5,67.5,25.0,996.0,0.0,0.0,492,35.0,0.0,2004,6,10,3,0
2004162N18068,2004,UNNAMED,2004-06-10 06:00:00+00:00,17.5,67.5,25.0,996.0,10.0,270.0,492,25.0,0.0,2004,6,10,6,1
2004162N18068,2004,UNNAMED,2004-06-10 09:00:00+00:00,17.5,66.5,30.0,996.0,10.0,270.0,559,25.0,5.0,2004,6,10,9,0
2004162N18068,2004,UNNAMED,2004-06-10 12:00:00+00:00,17.5,66.5,30.0,996.0,0.0,0.0,559,30.0,0.0,2004,6,10,12,0
2004162N18068,2004,UNNAMED,2004-06-10 15:00:00+00:00,17.5,66.5,30.0,996.0,0.0,0.0,559,30.0,0.0,2004,6,10,15,0
2004162N18068,2004,UNNAMED,2004-06-10 18:00:00+00:00,17.5,66.5,30.0,996.0,5.0,270.0,559,30.0,0.0,2004,6,10,18,0
2004162N18068,2004,UNNAMED,2004-06-10 21:00:00+00:00,17.5,66.0,30.0,996.0,7.0,315.0,596,30.0,0.0,2004,6,10,21,0
2004162N18068,2004,UNNAMED,2004-06-11 00:00:00+00:00,18.0,66.0,30.0,996.0,5.0,0.0,557,30.0,0.0,2004,6,11,0,0
2004162N18068,2004,UNNAMED,2004-06-11 03:00:00+00:00,18.0,66.0,30.0,996.0,0.0,0.0,557,30.0,0.0,2004,6,11,3,0
2004162N18068,2004,UNNAMED,2004-06-11 06:00:00+00:00,18.0,66.0,30.0,994.0,0.0,0.0,557,30.0,0.0,2004,6,11,6,0
2004162N18068,2004,UNNAMED,2004-06-11 09:00:00+00:00,18.0,66.0,30.0,994.0,0.0,0.0,557,30.0,0.0,2004,6,11,9,0
2004162N18068,2004,UNNAMED,2004-06-11 12:00:00+00:00,18.0,66.0,30.0,992.0,0.0,0.0,557,30.0,0.0,2004,6,11,12,0
2004162N18068,2004,UNNAMED,2004-06-11 15:00:00+00:00,18.0,66.0,30.0,992.0,0.0,0.0,557,30.0,0.0,2004,6,11,15,0
2004162N18068,2004,UNNAMED,2004-06-11 18:00:00+00:00,18.0,66.0,30.0,994.0,0.0,0.0,557,30.0,0.0,2004,6,11,18,0
2004162N18068,2004,UNNAMED,2004-06-11 21:00:00+00:00,18.0,66.0,30.0,994.0,0.0,0.0,557,30.0,0.0,2004,6,11,21,0
2004162N18068,2004,UNNAMED,2004-06-12 00:00:00+00:00,18.0,66.0,30.0,994.0,0.0,0.0,557,30.0,0.0,2004,6,12,0,0
2004162N18068,2004,UNNAMED,2004-06-12 03:00:00+00:00,18.0,66.0,30.0,996.0,0.0,0.0,557,30.0,0.0,2004,6,12,3,0
2004162N18068,2004,UNNAMED,2004-06-12 06:00:00+00:00,18.0,66.0,30.0,996.0,0.0,0.0,557,30.0,0.0,2004,6,12,6,0
2004162N18068,2004,UNNAMED,2004-06-12 09:00:00+00:00,18.0,66.0,30.0,996.0,5.0,270.0,557,30.0,0.0,2004,6,12,9,0
2004162N18068,2004,UNNAMED,2004-06-12 12:00:00+00:00,18.0,65.5,25.0,996.0,9.0,270.0,595,30.0,-5.0,2004,6,12,12,0
2004163N15090,2004,UNNAMED,2004-06-11 03:00:00+00:00,15.5,90.0,25.0,998.0,0.0,0.0,453,35.0,0.0,2004,6,11,3,0
2004163N15090,2004,UNNAMED,2004-06-11 06:00:00+00:00,15.5,90.0,25.0,998.0,5.0,270.0,453,25.0,0.0,2004,6,11,6,0
2004163N15090,2004,UNNAMED,2004-06-11 09:00:00+00:00,15.5,89.5,25.0,998.0,10.0,270.0,506,25.0,0.0,2004,6,11,9,0
2004163N15090,2004,UNNAMED,2004-06-11 12:00:00+00:00,15.5,89.0,25.0,998.0,5.0,270.0,559,25.0,0.0,2004,6,11,12,0
2004163N15090,2004,UNNAMED,2004-06-11 15:00:00+00:00,15.5,89.0,25.0,998.0,0.0,0.0,559,25.0,0.0,2004,6,11,15,0
2004163N15090,2004,UNNAMED,2004-06-11 18:00:00+00:00,15.5,89.0,25.0,998.0,0.0,0.0,559,25.0,0.0,2004,6,11,18,0
2004163N15090,2004,UNNAMED,2004-06-11 21:00:00+00:00,15.5,89.0,25.0,998.0,11.0,295.0,559,25.0,0.0,2004,6,11,21,0
2004163N15090,2004,UNNAMED,2004-06-12 00:00:00+00:00,16.0,88.0,25.0,998.0,28.0,315.0,477,25.0,0.0,2004,6,12,0,1
2004163N15090,2004,UNNAMED,2004-06-12 03:00:00+00:00,17.5,87.0,30.0,996.0,18.0,330.0,284,25.0,5.0,2004,6,12,3,0
2004163N15090,2004,UNNAMED,2004-06-12 06:00:00+00:00,17.5,87.0,30.0,996.0,5.0,270.0,284,30.0,0.0,2004,6,12,6,0
2004163N15090,2004,UNNAMED,2004-06-12 09:00:00+00:00,17.5,86.5,30.0,996.0,11.0,300.0,247,30.0,0.0,2004,6,12,9,0
2004163N15090,2004,UNNAMED,2004-06-12 12:00:00+00:00,18.0,86.0,30.0,994.0,7.0,315.0,172,30.0,0.0,2004,6,12,12,0
2004163N15090,2004,UNNAMED,2004-06-12 15:00:00+00:00,18.0,86.0,30.0,994.0,7.0,315.0,172,30.0,0.0,2004,6,12,15,0
2004163N15090,2004,UNNAMED,2004-06-12 18:00:00+00:00,18.5,85.5,30.0,994.0,11.0,335.0,100,30.0,0.0,2004,6,12,18,0
2004163N15090,2004,UNNAMED,2004-06-12 21:00:00+00:00,19.0,85.5,30.0,994.0,10.0,0.0,64,30.0,0.0,2004,6,12,21,0
2004163N15090,2004,UNNAMED,2004-06-13 00:00:00+00:00,19.5,85.5,30.0,992.0,5.0,0.0,15,30.0,0.0,2004,6,13,0,0
2004163N15090,2004,UNNAMED,2004-06-13 03:00:00+00:00,19.5,85.5,30.0,992.0,0.0,0.0,15,30.0,0.0,2004,6,13,3,0
2004163N15090,2004,UNNAMED,2004-06-13 06:00:00+00:00,19.5,85.5,30.0,992.0,5.0,0.0,15,30.0,0.0,2004,6,13,6,0
2004163N15090,2004,UNNAMED,2004-06-13 09:00:00+00:00,20.0,85.5,30.0,992.0,10.0,0.0,0,30.0,0.0,2004,6,13,9,0
2004163N15090,2004,UNNAMED,2004-06-13 12:00:00+00:00,20.5,85.5,30.0,992.0,9.0,355.0,0,30.0,0.0,2004,6,13,12,0
2004163N15090,2004,UNNAMED,2004-06-14 03:00:00+00:00,21.5,84.0,30.0,992.0,10.0,295.0,0,30.0,0.0,2004,6,14,3,0
2004256N23089,2004,UNNAMED,2004-09-12 03:00:00+00:00,22.5,88.5,25.0,996.0,4.0,5.0,0,35.0,0.0,2004,9,12,3,0
2004256N23089,2004,UNNAMED,2004-09-12 12:00:00+00:00,23.0,88.5,25.0,998.0,2.0,335.0,0,25.0,0.0,2004,9,12,12,0
2004256N23089,2004,UNNAMED,2004-09-13 03:00:00+00:00,23.0,88.0,25.0,1000.0,1.0,260.0,0,25.0,0.0,2004,9,13,3,0
2004256N23089,2004,UNNAMED,2004-09-13 12:00:00+00:00,23.0,88.0,25.0,998.0,1.0,175.0,0,25.0,0.0,2004,9,13,12,0
2004256N23089,2004,UNNAMED,2004-09-14 03:00:00+00:00,22.5,88.0,25.0,998.0,1.0,175.0,0,25.0,0.0,2004,9,14,3,0
2004256N23089,2004,UNNAMED,2004-09-14 12:00:00+00:00,22.5,88.0,25.0,1000.0,0.0,0.0,0,25.0,0.0,2004,9,14,12,0
2004256N23089,2004,UNNAMED,2004-09-15 03:00:00+00:00,22.5,88.0,25.0,1002.0,0.0,0.0,0,25.0,0.0,2004,9,15,3,0
2004274N16069,2004,UNNAMED,2004-09-30 09:00:00+00:00,16.5,68.8,25.0,1006.0,9.0,310.0,473,35.0,0.0,2004,9,30,9,1
2004274N16069,2004,UNNAMED,2004-09-30 12:00:00+00:00,16.9,68.3,30.0,1004.0,12.0,310.0,499,25.0,5.0,2004,9,30,12,0
2004274N16069,2004,UNNAMED,2004-09-30 15:00:00+00:00,17.3,67.8,30.0,1004.0,10.0,320.0,492,30.0,0.0,2004,9,30,15,0
2004274N16069,2004,UNNAMED,2004-09-30 18:00:00+00:00,17.7,67.7,30.0,1006.0,10.0,330.0,461,30.0,0.0,2004,9,30,18,0
2004274N16069,2004,UNNAMED,2004-09-30 21:00:00+00:00,18.1,67.3,30.0,1006.0,11.0,325.0,452,30.0,0.0,2004,9,30,21,0
2004274N16069,2004,UNNAMED,2004-10-01 00:00:00+00:00,18.5,67.0,30.0,1006.0,9.0,335.0,443,30.0,0.0,2004,10,1,0,0
2004274N16069,2004,UNNAMED,2004-10-01 03:00:00+00:00,18.9,66.9,30.0,1006.0,6.0,340.0,419,30.0,0.0,2004,10,1,3,0
2004274N16069,2004,UNNAMED,2004-10-01 06:00:00+00:00,19.1,66.8,30.0,1006.0,7.0,325.0,411,30.0,0.0,2004,10,1,6,1
2004274N16069,2004,UNNAMED,2004-10-01 09:00:00+00:00,19.5,66.5,35.0,1002.0,9.0,340.0,400,30.0,5.0,2004,10,1,9,0
2004274N16069,2004,UNNAMED,2004-10-01 12:00:00+00:00,19.9,66.5,35.0,1000.0,6.0,0.0,357,35.0,0.0,2004,10,1,12,0
2004274N16069,2004,UNNAMED,2004-10-01 15:00:00+00:00,20.1,66.5,35.0,1000.0,3.0,15.0,349,35.0,0.0,2004,10,1,15,0
2004274N16069,2004,UNNAMED,2004-10-01 18:00:00+00:00,20.3,66.6,35.0,1002.0,3.0,25.0,326,35.0,0.0,2004,10,1,18,0
2004274N16069,2004,UNNAMED,2004-10-01 21:00:00+00:00,20.4,66.6,35.0,1002.0,8.0,10.0,319,35.0,0.0,2004,10,1,21,0
2004274N16069,2004,UNNAMED,2004-10-02 00:00:00+00:00,21.0,66.7,35.0,1002.0,8.0,10.0,269,35.0,0.0,2004,10,2,0,0
2004274N16069,2004,UNNAMED,2004-10-02 03:00:00+00:00,21.1,66.8,35.0,1000.0,6.0,35.0,255,35.0,0.0,2004,10,2,3,1
2004274N16069,2004,UNNAMED,2004-10-02 06:00:00+00:00,21.5,67.1,45.0,996.0,7.0,35.0,206,35.0,10.0,2004,10,2,6,1
2004274N16069,2004,UNNAMED,2004-10-02 09:00:00+00:00,21.6,67.2,55.0,990.0,7.0,35.0,191,45.0,10.0,2004,10,2,9,0
2004274N16069,2004,UNNAMED,2004-10-02 12:00:00+00:00,22.1,67.6,55.0,990.0,7.0,40.0,135,55.0,0.0,2004,10,2,12,0
2004274N16069,2004,UNNAMED,2004-10-02 15:00:00+00:00,22.2,67.7,55.0,990.0,7.0,45.0,123,55.0,0.0,2004,10,2,15,0
2004274N16069,2004,UNNAMED,2004-10-02 18:00:00+00:00,22.6,68.1,55.0,992.0,8.0,55.0,83,55.0,0.0,2004,10,2,18,0
2004274N16069,2004,UNNAMED,2004-10-02 21:00:00+00:00,22.6,68.4,55.0,992.0,6.0,45.0,61,55.0,0.0,2004,10,2,21,0
2004274N16069,2004,UNNAMED,2004-10-03 00:00:00+00:00,23.0,68.5,35.0,998.0,4.0,5.0,23,55.0,-20.0,2004,10,3,0,0
2004274N16069,2004,UNNAMED,2004-10-03 03:00:00+00:00,23.1,68.5,30.0,1002.0,2.0,335.0,15,35.0,-5.0,2004,10,3,3,0
2004274N16069,2004,UNNAMED,2004-10-03 06:00:00+00:00,23.2,68.4,30.0,1004.0,2.0,310.0,20,30.0,0.0,2004,10,3,6,0
2004274N16069,2004,UNNAMED,2004-10-03 09:00:00+00:00,23.2,68.3,30.0,1002.0,2.0,290.0,30,30.0,0.0,2004,10,3,9,0
2004274N16069,2004,UNNAMED,2004-10-03 12:00:00+00:00,23.2,68.2,25.0,1000.0,3.0,270.0,39,30.0,-5.0,2004,10,3,12,0
2004274N16069,2004,UNNAMED,2004-10-03 15:00:00+00:00,23.2,68.0,25.0,1002.0,4.0,250.0,49,25.0,0.0,2004,10,3,15,0
2004276N12087,2004,UNNAMED,2004-10-02 03:00:00+00:00,11.5,87.0,25.0,1006.0,14.0,315.0,705,35.0,0.0,2004,10,2,3,0
2004276N12087,2004,UNNAMED,2004-10-02 06:00:00+00:00,12.0,86.5,25.0,1006.0,14.0,315.0,685,25.0,0.0,2004,10,2,6,0
2004276N12087,2004,UNNAMED,2004-10-02 09:00:00+00:00,12.5,86.0,25.0,1004.0,7.0,315.0,607,25.0,0.0,2004,10,2,9,0
2004276N12087,2004,UNNAMED,2004-10-02 12:00:00+00:00,12.5,86.0,25.0,1002.0,7.0,315.0,607,25.0,0.0,2004,10,2,12,0
2004276N12087,2004,UNNAMED,2004-10-02 15:00:00+00:00,13.0,85.5,25.0,1004.0,7.0,315.0,529,25.0,0.0,2004,10,2,15,0
2004276N12087,2004,UNNAMED,2004-10-02 18:00:00+00:00,13.0,85.5,25.0,1006.0,0.0,0.0,529,25.0,0.0,2004,10,2,18,0
2004276N12087,2004,UNNAMED,2004-10-02 21:00:00+00:00,13.0,85.5,25.0,1006.0,7.0,315.0,529,25.0,0.0,2004,10,2,21,0
2004276N12087,2004,UNNAMED,2004-10-03 00:00:00+00:00,13.5,85.0,25.0,1006.0,18.0,325.0,452,25.0,0.0,2004,10,3,0,0
2004276N12087,2004,UNNAMED,2004-10-03 03:00:00+00:00,14.5,84.5,25.0,1006.0,11.0,335.0,332,25.0,0.0,2004,10,3,3,0
2004276N12087,2004,UNNAMED,2004-10-03 06:00:00+00:00,14.5,84.5,25.0,1006.0,7.0,315.0,332,25.0,0.0,2004,10,3,6,0
2004276N12087,2004,UNNAMED,2004-10-03 09:00:00+00:00,15.0,84.0,25.0,1006.0,14.0,315.0,255,25.0,0.0,2004,10,3,9,0
2004276N12087,2004,UNNAMED,2004-10-03 12:00:00+00:00,15.5,83.5,25.0,1006.0,7.0,315.0,177,25.0,0.0,2004,10,3,12,0
2004276N12087,2004,UNNAMED,2004-10-03 15:00:00+00:00,15.5,83.5,25.0,1006.0,11.0,335.0,177,25.0,0.0,2004,10,3,15,0
2004276N12087,2004,UNNAMED,2004-10-03 18:00:00+00:00,16.5,83.0,25.0,1006.0,16.0,340.0,72,25.0,0.0,2004,10,3,18,0
2004276N12087,2004,UNNAMED,2004-10-03 21:00:00+00:00,17.0,83.0,25.0,1006.0,11.0,335.0,49,25.0,0.0,2004,10,3,21,0
2004276N12087,2004,UNNAMED,2004-10-04 00:00:00+00:00,17.5,82.5,25.0,1006.0,14.0,45.0,0,25.0,0.0,2004,10,4,0,0
2004281N23087,2004,UNNAMED,2004-10-07 03:00:00+00:00,22.5,87.0,25.0,1006.0,9.0,40.0,0,35.0,0.0,2004,10,7,3,0
2004281N23087,2004,UNNAMED,2004-10-07 12:00:00+00:00,23.5,88.0,25.0,1004.0,8.0,55.0,0,25.0,0.0,2004,10,7,12,0
2004307N09068,2004,UNNAMED,2004-11-02 12:00:00+00:00,12.1,66.7,25.0,1006.0,7.0,30.0,847,35.0,0.0,2004,11,2,12,0
2004307N09068,2004,UNNAMED,2004-11-03 03:00:00+00:00,13.3,67.0,25.0,1006.0,5.0,340.0,766,25.0,0.0,2004,11,3,3,0
2004307N09068,2004,UNNAMED,2004-11-03 12:00:00+00:00,13.9,66.9,25.0,1006.0,4.0,350.0,746,25.0,0.0,2004,11,3,12,0
2004307N09068,2004,UNNAMED,2004-11-04 03:00:00+00:00,14.1,66.6,25.0,1006.0,2.0,290.0,767,25.0,0.0,2004,11,4,3,0
2004307N09068,2004,UNNAMED,2004-11-04 12:00:00+00:00,14.3,66.4,25.0,1006.0,1.0,225.0,779,25.0,0.0,2004,11,4,12,1
2004307N09068,2004,UNNAMED,2004-11-05 03:00:00+00:00,14.0,66.1,30.0,1004.0,5.0,290.0,821,25.0,5.0,2004,11,5,3,0
2004307N09068,2004,UNNAMED,2004-11-05 12:00:00+00:00,14.6,65.1,30.0,1004.0,8.0,295.0,904,30.0,0.0,2004,11,5,12,0
2004307N09068,2004,UNNAMED,2004-11-06 03:00:00+00:00,14.8,62.5,30.0,1006.0,12.0,275.0,686,30.0,0.0,2004,11,6,3,0
2004307N09068,2004,UNNAMED,2004-11-06 09:00:00+00:00,14.9,61.3,25.0,1006.0,11.0,275.0,590,30.0,-5.0,2004,11,6,9,0
2004307N09068,2004,UNNAMED,2004-11-06 12:00:00+00:00,15.0,60.8,25.0,1006.0,10.0,275.0,549,25.0,0.0,2004,11,6,12,0
2004307N09068,2004,UNNAMED,2004-11-07 03:00:00+00:00,14.6,58.2,25.0,1006.0,12.0,240.0,416,25.0,0.0,2004,11,7,3,0
2004307N09068,2004,UNNAMED,2004-11-07 09:00:00+00:00,13.9,57.1,25.0,1008.0,12.0,225.0,316,25.0,0.0,2004,11,7,9,0
2004319N10134,2004,MUIFA,2004-11-14 18:00:00+00:00,12.4,127.3,35.0,996.0,13.0,270.0,196,35.0,0.0,2004,11,14,18,0
2004319N10134,2004,MUIFA,2004-11-15 00:00:00+00:00,12.3,126.4,35.0,996.0,6.0,305.0,98,35.0,0.0,2004,11,15,0,0
2004319N10134,2004,MUIFA,2004-11-15 06:00:00+00:00,13.1,126.2,35.0,996.0,8.0,340.0,125,35.0,0.0,2004,11,15,6,0
2004319N10134,2004,MUIFA,2004-11-15 12:00:00+00:00,13.7,125.7,35.0,996.0,6.0,310.0,140,35.0,0.0,2004,11,15,12,0
2004319N10134,2004,MUIFA,2004-11-15 18:00:00+00:00,13.9,125.4,35.0,996.0,3.0,330.0,107,35.0,0.0,2004,11,15,18,0
2004319N10134,2004,MUIFA,2004-11-16 00:00:00+00:00,14.2,125.4,35.0,994.0,5.0,325.0,113,35.0,0.0,2004,11,16,0,1
2004319N10134,2004,MUIFA,2004-11-16 06:00:00+00:00,14.6,124.7,45.0,990.0,7.0,275.0,79,35.0,10.0,2004,11,16,6,1
2004319N10134,2004,MUIFA,2004-11-16 12:00:00+00:00,14.4,124.0,50.0,990.0,5.0,250.0,46,45.0,5.0,2004,11,16,12,0
2004319N10134,2004,MUIFA,2004-11-16 18:00:00+00:00,14.4,123.7,50.0,990.0,2.0,290.0,55,50.0,0.0,2004,11,16,18,0
2004319N10134,2004,MUIFA,2004-11-17 00:00:00+00:00,14.5,123.6,50.0,985.0,2.0,340.0,64,50.0,0.0,2004,11,17,0,0
2004319N10134,2004,MUIFA,2004-11-17 06:00:00+00:00,14.7,123.6,50.0,985.0,3.0,15.0,84,50.0,0.0,2004,11,17,6,1
2004319N10134,2004,MUIFA,2004-11-17 12:00:00+00:00,15.0,123.7,55.0,975.0,4.0,10.0,119,50.0,5.0,2004,11,17,12,1
2004319N10134,2004,MUIFA,2004-11-17 18:00:00+00:00,15.4,123.7,65.0,960.0,3.0,360.0,159,55.0,10.0,2004,11,17,18,1
2004319N10134,2004,MUIFA,2004-11-18 00:00:00+00:00,15.6,123.7,75.0,960.0,2.0,20.0,173,65.0,10.0,2004,11,18,0,1
2004319N10134,2004,MUIFA,2004-11-18 06:00:00+00:00,15.8,123.9,80.0,950.0,2.0,55.0,187,75.0,5.0,2004,11,18,6,0
2004319N10134,2004,MUIFA,2004-11-18 12:00:00+00:00,15.9,124.1,80.0,950.0,2.0,90.0,204,80.0,0.0,2004,11,18,12,0
2004319N10134,2004,MUIFA,2004-11-18 18:00:00+00:00,15.8,124.3,75.0,955.0,2.0,160.0,201,80.0,-5.0,2004,11,18,18,0
2004319N10134,2004,MUIFA,2004-11-19 00:00:00+00:00,15.4,124.3,70.0,960.0,5.0,190.0,156,75.0,-5.0,2004,11,19,0,0
2004319N10134,2004,MUIFA,2004-11-19 06:00:00+00:00,14.8,124.1,70.0,960.0,6.0,200.0,89,70.0,0.0,2004,11,19,6,0
2004319N10134,2004,MUIFA,2004-11-19 12:00:00+00:00,14.3,123.7,65.0,965.0,9.0,230.0,44,70.0,-5.0,2004,11,19,12,0
2004319N10134,2004,MUIFA,2004-11-19 18:00:00+00:00,13.6,122.7,50.0,985.0,13.0,235.0,15,65.0,-15.0,2004,11,19,18,0
2004319N10134,2004,MUIFA,2004-11-20 00:00:00+00:00,12.8,121.6,45.0,990.0,14.0,240.0,10,50.0,-5.0,2004,11,20,0,1
2004319N10134,2004,MUIFA,2004-11-20 06:00:00+00:00,12.4,120.3,55.0,980.0,11.0,260.0,63,45.0,10.0,2004,11,20,6,0
2004319N10134,2004,MUIFA,2004-11-20 12:00:00+00:00,12.3,119.4,55.0,980.0,9.0,265.0,112,55.0,0.0,2004,11,20,12,0
2004319N10134,2004,MUIFA,2004-11-20 18:00:00+00:00,12.3,118.4,55.0,980.0,11.0,265.0,164,55.0,0.0,2004,11,20,18,0
2004319N10134,2004,MUIFA,2004-11-21 00:00:00+00:00,12.0,117.2,55.0,980.0,12.0,260.0,260,55.0,0.0,2004,11,21,0,1
2004319N10134,2004,MUIFA,2004-11-21 06:00:00+00:00,11.9,116.1,60.0,975.0,10.0,265.0,355,55.0,5.0,2004,11,21,6,1
2004319N10134,2004,MUIFA,2004-11-21 12:00:00+00:00,11.8,115.2,65.0,965.0,8.0,265.0,415,60.0,5.0,2004,11,21,12,0
2004319N10134,2004,MUIFA,2004-11-21 18:00:00+00:00,11.7,114.4,65.0,965.0,8.0,255.0,462,65.0,0.0,2004,11,21,18,0
2004319N10134,2004,MUIFA,2004-11-22 00:00:00+00:00,11.5,113.7,65.0,965.0,8.0,245.0,473,65.0,0.0,2004,11,22,0,0
2004319N10134,2004,MUIFA,2004-11-22 06:00:00+00:00,11.1,113.0,60.0,975.0,6.0,235.0,413,65.0,-5.0,2004,11,22,6,0
2004319N10134,2004,MUIFA,2004-11-22 12:00:00+00:00,10.8,112.6,60.0,975.0,5.0,235.0,380,60.0,0.0,2004,11,22,12,0
2004319N10134,2004,MUIFA,2004-11-22 18:00:00+00:00,10.6,112.2,60.0,975.0,4.0,240.0,348,60.0,0.0,2004,11,22,18,0
2004319N10134,2004,MUIFA,2004-11-23 00:00:00+00:00,10.3,111.8,55.0,980.0,6.0,240.0,324,60.0,-5.0,2004,11,23,0,0
2004319N10134,2004,MUIFA,2004-11-23 06:00:00+00:00,10.0,111.3,55.0,985.0,6.0,245.0,296,55.0,0.0,2004,11,23,6,0
2004319N10134,2004,MUIFA,2004-11-23 12:00:00+00:00,9.8,110.7,55.0,985.0,5.0,250.0,258,55.0,0.0,2004,11,23,12,0
2004319N10134,2004,MUIFA,2004-11-23 18:00:00+00:00,9.6,110.2,50.0,990.0,6.0,245.0,240,55.0,-5.0,2004,11,23,18,0
2004319N10134,2004,MUIFA,2004-11-24 00:00:00+00:00,9.2,109.5,50.0,990.0,9.0,245.0,231,50.0,0.0,2004,11,24,0,0
2004319N10134,2004,MUIFA,2004-11-24 06:00:00+00:00,8.9,108.6,45.0,994.0,12.0,250.0,212,50.0,-5.0,2004,11,24,6,0
2004319N10134,2004,MUIFA,2004-11-24 12:00:00+00:00,8.5,107.2,35.0,998.0,15.0,260.0,142,45.0,-10.0,2004,11,24,12,0
2004319N10134,2004,MUIFA,2004-11-24 18:00:00+00:00,8.4,105.5,35.0,998.0,19.0,275.0,49,35.0,0.0,2004,11,24,18,0
2004319N10134,2004,MUIFA,2004-11-25 00:00:00+00:00,8.6,103.7,35.0,998.0,18.0,275.0,123,35.0,0.0,2004,11,25,0,0
2004332N02072,2004,UNNAMED,2004-11-29 15:00:00+00:00,3.8,64.0,35.0,1004.0,8.0,315.0,1436,35.0,0.0,2004,11,29,15,0
2004332N02072,2004,UNNAMED,2004-11-29 18:00:00+00:00,4.0,63.7,35.0,1004.0,7.0,305.0,1397,35.0,0.0,2004,11,29,18,0
2004332N02072,2004,UNNAMED,2004-11-29 21:00:00+00:00,4.2,63.4,35.0,1004.0,11.0,315.0,1357,35.0,0.0,2004,11,29,21,0
2004332N02072,2004,UNNAMED,2004-11-30 00:00:00+00:00,4.8,63.0,35.0,1004.0,14.0,320.0,1279,35.0,0.0,2004,11,30,0,1
2004332N02072,2004,UNNAMED,2004-11-30 03:00:00+00:00,5.2,62.4,45.0,998.0,15.0,300.0,1200,35.0,10.0,2004,11,30,3,1
2004332N02072,2004,UNNAMED,2004-11-30 06:00:00+00:00,5.6,61.7,55.0,994.0,15.0,300.0,1113,45.0,10.0,2004,11,30,6,0
2004332N02072,2004,UNNAMED,2004-11-30 09:00:00+00:00,6.0,61.1,55.0,994.0,11.0,295.0,1035,55.0,0.0,2004,11,30,9,0
2004332N02072,2004,UNNAMED,2004-11-30 12:00:00+00:00,6.1,60.7,55.0,994.0,8.0,285.0,996,55.0,0.0,2004,11,30,12,0
2004332N02072,2004,UNNAMED,2004-11-30 15:00:00+00:00,6.1,60.4,55.0,994.0,7.0,285.0,974,55.0,0.0,2004,11,30,15,0
2004332N02072,2004,UNNAMED,2004-11-30 18:00:00+00:00,6.3,60.0,45.0,998.0,8.0,310.0,928,55.0,-10.0,2004,11,30,18,0
2004332N02072,2004,UNNAMED,2004-11-30 21:00:00+00:00,6.6,59.8,45.0,1000.0,9.0,325.0,888,45.0,0.0,2004,11,30,21,0
2004332N02072,2004,UNNAMED,2004-12-01 00:00:00+00:00,7.0,59.5,35.0,1002.0,7.0,315.0,832,45.0,-10.0,2004,12,1,0,0
2004332N02072,2004,UNNAMED,2004-12-01 03:00:00+00:00,7.1,59.3,35.0,1002.0,4.0,315.0,810,35.0,0.0,2004,12,1,3,0
2004332N02072,2004,UNNAMED,2004-12-01 06:00:00+00:00,7.3,59.2,35.0,1002.0,9.0,300.0,785,35.0,0.0,2004,12,1,6,0
2004332N02072,2004,UNNAMED,2004-12-01 09:00:00+00:00,7.6,58.5,30.0,1004.0,9.0,295.0,711,35.0,-5.0,2004,12,1,9,0
2004332N02072,2004,UNNAMED,2004-12-01 12:00:00+00:00,7.7,58.4,25.0,1006.0,5.0,280.0,695,30.0,-5.0,2004,12,1,12,0
2004332N02072,2004,UNNAMED,2004-12-02 03:00:00+00:00,8.0,56.3,25.0,1006.0,10.0,285.0,543,25.0,0.0,2004,12,2,3,0
2005012N04090,2005,UNNAMED,2005-01-13 12:00:00+00:00,5.6,87.2,25.0,1006.0,2.0,320.0,606,35.0,0.0,2005,1,13,12,1
2005012N04090,2005,UNNAMED,2005-01-14 03:00:00+00:00,5.6,87.3,30.0,1004.0,2.0,170.0,617,25.0,5.0,2005,1,14,3,0
2005012N04090,2005,UNNAMED,2005-01-14 12:00:00+00:00,5.3,87.2,30.0,1004.0,2.0,245.0,616,30.0,0.0,2005,1,14,12,1
2005012N04090,2005,UNNAMED,2005-01-15 03:00:00+00:00,5.3,86.9,35.0,1002.0,1.0,270.0,585,30.0,5.0,2005,1,15,3,0
2005012N04090,2005,UNNAMED,2005-01-15 06:00:00+00:00,5.3,86.8,35.0,1000.0,1.0,255.0,574,35.0,0.0,2005,1,15,6,0
2005012N04090,2005,UNNAMED,2005-01-15 09:00:00+00:00,5.2,86.7,35.0,1000.0,1.0,225.0,568,35.0,0.0,2005,1,15,9,0
2005012N04090,2005,UNNAMED,2005-01-15 12:00:00+00:00,5.2,86.7,35.0,1000.0,1.0,195.0,568,35.0,0.0,2005,1,15,12,0
2005012N04090,2005,UNNAMED,2005-01-15 15:00:00+00:00,5.1,86.7,35.0,1002.0,2.0,0.0,572,35.0,0.0,2005,1,15,15,0
2005012N04090,2005,UNNAMED,2005-01-15 18:00:00+00:00,5.0,86.7,35.0,1002.0,2.0,175.0,576,35.0,0.0,2005,1,15,18,0
2005012N04090,2005,UNNAMED,2005-01-15 21:00:00+00:00,4.9,86.7,35.0,1002.0,2.0,0.0,581,35.0,0.0,2005,1,15,21,0
2005012N04090,2005,UNNAMED,2005-01-16 00:00:00+00:00,4.9,86.7,35.0,1004.0,3.0,270.0,581,35.0,0.0,2005,1,16,0,0
2005012N04090,2005,UNNAMED,2005-01-16 03:00:00+00:00,4.9,86.4,35.0,1004.0,3.0,295.0,550,35.0,0.0,2005,1,16,3,0
2005012N04090,2005,UNNAMED,2005-01-16 06:00:00+00:00,5.0,86.4,35.0,1004.0,2.0,310.0,546,35.0,0.0,2005,1,16,6,0
2005012N04090,2005,UNNAMED,2005-01-16 09:00:00+00:00,5.0,86.3,35.0,1002.0,2.0,285.0,536,35.0,0.0,2005,1,16,9,0
2005012N04090,2005,UNNAMED,2005-01-16 12:00:00+00:00,5.1,86.2,35.0,1002.0,2.0,300.0,521,35.0,0.0,2005,1,16,12,0
2005012N04090,2005,UNNAMED,2005-01-16 15:00:00+00:00,5.1,86.1,35.0,1002.0,2.0,315.0,511,35.0,0.0,2005,1,16,15,0
2005012N04090,2005,UNNAMED,2005-01-16 18:00:00+00:00,5.2,86.1,35.0,1004.0,2.0,280.0,506,35.0,0.0,2005,1,16,18,0
2005012N04090,2005,UNNAMED,2005-01-16 21:00:00+00:00,5.2,85.9,35.0,1004.0,4.0,265.0,486,35.0,0.0,2005,1,16,21,0
2005012N04090,2005,UNNAMED,2005-01-17 00:00:00+00:00,5.2,85.7,30.0,1004.0,4.0,215.0,466,35.0,-5.0,2005,1,17,0,0
2005012N04090,2005,UNNAMED,2005-01-17 03:00:00+00:00,4.8,85.7,30.0,1004.0,4.0,160.0,482,30.0,0.0,2005,1,17,3,0
2005012N04090,2005,UNNAMED,2005-01-17 06:00:00+00:00,4.8,85.8,30.0,1004.0,3.0,60.0,492,30.0,0.0,2005,1,17,6,0
2005012N04090,2005,UNNAMED,2005-01-17 09:00:00+00:00,5.0,86.0,25.0,1004.0,3.0,50.0,504,30.0,-5.0,2005,1,17,9,0
2005172N22069,2005,UNNAMED,2005-06-21 03:00:00+00:00,21.5,68.5,25.0,992.0,6.0,315.0,98,35.0,0.0,2005,6,21,3,0
2005172N22069,2005,UNNAMED,2005-06-21 12:00:00+00:00,22.0,68.0,25.0,994.0,2.0,330.0,98,25.0,0.0,2005,6,21,12,0
2005172N22069,2005,UNNAMED,2005-06-22 03:00:00+00:00,22.0,68.0,25.0,994.0,3.0,265.0,98,25.0,0.0,2005,6,22,3,0
2005179N22088,2005,UNNAMED,2005-06-27 12:00:00+00:00,21.5,88.0,25.0,990.0,13.0,310.0,23,35.0,0.0,2005,6,27,12,0
2005179N22088,2005,UNNAMED,2005-06-28 03:00:00+00:00,23.0,86.0,25.0,990.0,3.0,310.0,0,25.0,0.0,2005,6,28,3,0
2005179N22088,2005,UNNAMED,2005-06-28 12:00:00+00:00,23.0,86.0,25.0,990.0,1.0,130.0,0,25.0,0.0,2005,6,28,12,0
2005179N22088,2005,UNNAMED,2005-06-29 03:00:00+00:00,23.0,86.0,25.0,990.0,3.0,320.0,0,25.0,0.0,2005,6,29,3,0
2005179N22088,2005,UNNAMED,2005-06-29 12:00:00+00:00,23.5,85.5,25.0,990.0,5.0,310.0,0,25.0,0.0,2005,6,29,12,0
2005179N22088,2005,UNNAMED,2005-06-30 03:00:00+00:00,24.0,84.0,25.0,990.0,10.0,275.0,0,25.0,0.0,2005,6,30,3,0
2005179N22088,2005,UNNAMED,2005-06-30 12:00:00+00:00,24.0,82.0,25.0,990.0,10.0,275.0,0,25.0,0.0,2005,6,30,12,0
2005179N22088,2005,UNNAMED,2005-07-01 03:00:00+00:00,24.5,80.5,25.0,990.0,2.0,300.0,0,25.0,0.0,2005,7,1,3,0
2005179N22088,2005,UNNAMED,2005-07-01 12:00:00+00:00,24.5,80.5,25.0,990.0,0.0,110.0,0,25.0,0.0,2005,7,1,12,0
2005179N22088,2005,UNNAMED,2005-07-02 03:00:00+00:00,24.5,80.5,25.0,990.0,0.0,0.0,0,25.0,0.0,2005,7,2,3,0
2005179N22088,2005,UNNAMED,2005-07-02 12:00:00+00:00,24.5,80.5,25.0,990.0,0.0,0.0,0,25.0,0.0,2005,7,2,12,0
2005179N22088,2005,UNNAMED,2005-07-03 03:00:00+00:00,24.5,80.5,25.0,990.0,0.0,0.0,0,25.0,0.0,2005,7,3,3,0
2005179N22088,2005,UNNAMED,2005-07-03 12:00:00+00:00,24.5,80.5,25.0,990.0,2.0,300.0,0,25.0,0.0,2005,7,3,12,0
2005179N22088,2005,UNNAMED,2005-07-04 03:00:00+00:00,25.0,79.5,25.0,990.0,2.0,290.0,0,25.0,0.0,2005,7,4,3,0
2005179N22088,2005,UNNAMED,2005-07-04 12:00:00+00:00,25.0,79.5,25.0,990.0,2.0,30.0,0,25.0,0.0,2005,7,4,12,0
2005179N22088,2005,UNNAMED,2005-07-05 03:00:00+00:00,26.0,80.0,25.0,990.0,2.0,25.0,0,25.0,0.0,2005,7,5,3,0
2005210N21088,2005,UNNAMED,2005-07-29 03:00:00+00:00,21.5,87.5,25.0,992.0,1.0,270.0,15,35.0,0.0,2005,7,29,3,0
2005210N21088,2005,UNNAMED,2005-07-29 12:00:00+00:00,21.5,87.5,25.0,990.0,2.0,90.0,15,25.0,0.0,2005,7,29,12,1
2005210N21088,2005,UNNAMED,2005-07-30 03:00:00+00:00,21.5,87.5,30.0,990.0,8.0,270.0,15,25.0,5.0,2005,7,30,3,0
2005210N21088,2005,UNNAMED,2005-07-30 12:00:00+00:00,21.5,85.5,30.0,988.0,7.0,265.0,0,30.0,0.0,2005,7,30,12,0
2005210N21088,2005,UNNAMED,2005-07-31 03:00:00+00:00,21.5,85.5,30.0,990.0,9.0,280.0,0,30.0,0.0,2005,7,31,3,0
2005255N20088,2005,UNNAMED,2005-09-12 03:00:00+00:00,20.0,88.0,25.0,992.0,23.0,290.0,130,35.0,0.0,2005,9,12,3,0
2005255N20088,2005,UNNAMED,2005-09-12 12:00:00+00:00,21.0,85.0,25.0,992.0,13.0,290.0,0,25.0,0.0,2005,9,12,12,0
2005255N20088,2005,UNNAMED,2005-09-13 03:00:00+00:00,21.5,84.0,25.0,992.0,6.0,295.0,0,25.0,0.0,2005,9,13,3,0
2005255N20088,2005,UNNAMED,2005-09-13 12:00:00+00:00,22.0,82.5,25.0,992.0,11.0,290.0,0,25.0,0.0,2005,9,13,12,0
2005255N20088,2005,UNNAMED,2005-09-14 03:00:00+00:00,23.0,80.0,25.0,996.0,4.0,290.0,0,25.0,0.0,2005,9,14,3,0
2005255N20088,2005,UNNAMED,2005-09-14 12:00:00+00:00,23.0,80.0,25.0,998.0,3.0,320.0,0,25.0,0.0,2005,9,14,12,0
2005255N20088,2005,UNNAMED,2005-09-15 03:00:00+00:00,24.5,78.5,25.0,1000.0,8.0,325.0,0,25.0,0.0,2005,9,15,3,0
2005255N20088,2005,UNNAMED,2005-09-15 12:00:00+00:00,25.5,78.0,25.0,996.0,7.0,345.0,0,25.0,0.0,2005,9,15,12,0
2005255N20088,2005,UNNAMED,2005-09-16 03:00:00+00:00,27.0,78.0,25.0,996.0,6.0,5.0,0,25.0,0.0,2005,9,16,3,0
2005257N15120,2005,VICENTE,2005-09-16 12:00:00+00:00,11.4,114.3,35.0,992.0,9.0,30.0,448,35.0,0.0,2005,9,16,12,1
2005257N15120,2005,VICENTE,2005-09-16 18:00:00+00:00,12.3,114.4,40.0,990.0,11.0,5.0,508,35.0,5.0,2005,9,16,18,0
2005257N15120,2005,VICENTE,2005-09-17 00:00:00+00:00,13.6,114.5,40.0,990.0,16.0,350.0,547,40.0,0.0,2005,9,17,0,0
2005257N15120,2005,VICENTE,2005-09-17 06:00:00+00:00,15.3,113.7,40.0,990.0,22.0,315.0,498,40.0,0.0,2005,9,17,6,0
2005257N15120,2005,VICENTE,2005-09-17 12:00:00+00:00,16.5,111.7,40.0,990.0,21.0,295.0,278,40.0,0.0,2005,9,17,12,1
2005257N15120,2005,VICENTE,2005-09-17 18:00:00+00:00,17.0,109.9,45.0,990.0,15.0,280.0,135,40.0,5.0,2005,9,17,18,0
2005257N15120,2005,VICENTE,2005-09-18 00:00:00+00:00,17.2,108.5,45.0,985.0,14.0,280.0,116,45.0,0.0,2005,9,18,0,0
2005257N15120,2005,VICENTE,2005-09-18 06:00:00+00:00,17.6,106.9,40.0,992.0,19.0,295.0,30,45.0,-5.0,2005,9,18,6,0
2005257N20069,2005,UNNAMED,2005-09-14 03:00:00+00:00,20.0,68.5,25.0,996.0,5.0,315.0,213,35.0,0.0,2005,9,14,3,0
2005257N20069,2005,UNNAMED,2005-09-14 12:00:00+00:00,20.5,68.0,25.0,996.0,3.0,315.0,212,25.0,0.0,2005,9,14,12,0
2005257N20069,2005,UNNAMED,2005-09-15 03:00:00+00:00,20.5,68.0,25.0,996.0,1.0,145.0,212,25.0,0.0,2005,9,15,3,0
2005257N20069,2005,UNNAMED,2005-09-15 12:00:00+00:00,20.5,68.0,25.0,996.0,3.0,320.0,212,25.0,0.0,2005,9,15,12,0
2005257N20069,2005,UNNAMED,2005-09-16 03:00:00+00:00,21.5,67.5,25.0,996.0,5.0,65.0,169,25.0,0.0,2005,9,16,3,0
2005260N20091,2005,UNNAMED,2005-09-17 03:00:00+00:00,20.0,90.5,25.0,1000.0,3.0,340.0,203,35.0,0.0,2005,9,17,3,0
2005260N20091,2005,UNNAMED,2005-09-17 12:00:00+00:00,20.5,90.0,25.0,998.0,8.0,295.0,145,25.0,0.0,2005,9,17,12,1
2005260N20091,2005,UNNAMED,2005-09-18 03:00:00+00:00,20.5,87.5,30.0,996.0,8.0,200.0,56,25.0,5.0,2005,9,18,3,0
2005260N20091,2005,UNNAMED,2005-09-18 06:00:00+00:00,20.0,87.5,30.0,996.0,11.0,205.0,89,30.0,0.0,2005,9,18,6,0
2005260N20091,2005,UNNAMED,2005-09-18 09:00:00+00:00,19.5,87.0,30.0,996.0,11.0,240.0,84,30.0,0.0,2005,9,18,9,1
2005260N20091,2005,UNNAMED,2005-09-18 12:00:00+00:00,19.5,86.5,35.0,994.0,5.0,270.0,56,30.0,5.0,2005,9,18,12,0
2005260N20091,2005,UNNAMED,2005-09-18 15:00:00+00:00,19.5,86.5,35.0,992.0,11.0,240.0,56,35.0,0.0,2005,9,18,15,0
2005260N20091,2005,UNNAMED,2005-09-18 18:00:00+00:00,19.0,85.5,35.0,990.0,21.0,240.0,64,35.0,0.0,2005,9,18,18,0
2005260N20091,2005,UNNAMED,2005-09-18 21:00:00+00:00,18.5,84.5,35.0,988.0,11.0,240.0,15,35.0,0.0,2005,9,18,21,0
2005260N20091,2005,UNNAMED,2005-09-19 00:00:00+00:00,18.5,84.5,35.0,988.0,5.0,270.0,15,35.0,0.0,2005,9,19,0,0
2005260N20091,2005,UNNAMED,2005-09-19 03:00:00+00:00,18.5,84.0,35.0,988.0,9.0,270.0,0,35.0,0.0,2005,9,19,3,0
2005260N20091,2005,UNNAMED,2005-09-19 06:00:00+00:00,18.5,83.5,35.0,988.0,5.0,270.0,0,35.0,0.0,2005,9,19,6,0
2005260N20091,2005,UNNAMED,2005-09-19 09:00:00+00:00,18.5,83.5,35.0,988.0,0.0,0.0,0,35.0,0.0,2005,9,19,9,0
2005260N20091,2005,UNNAMED,2005-09-19 12:00:00+00:00,18.5,83.5,35.0,988.0,0.0,0.0,0,35.0,0.0,2005,9,19,12,0
2005260N20091,2005,UNNAMED,2005-09-19 15:00:00+00:00,18.5,83.5,35.0,988.0,5.0,270.0,0,35.0,0.0,2005,9,19,15,0
2005260N20091,2005,UNNAMED,2005-09-19 18:00:00+00:00,18.5,83.0,35.0,988.0,5.0,270.0,0,35.0,0.0,2005,9,19,18,0
2005260N20091,2005,UNNAMED,2005-09-19 21:00:00+00:00,18.5,83.0,30.0,1000.0,7.0,315.0,0,35.0,-5.0,2005,9,19,21,0
2005260N20091,2005,UNNAMED,2005-09-20 00:00:00+00:00,19.0,82.5,30.0,1002.0,7.0,315.0,0,30.0,0.0,2005,9,20,0,0
2005260N20091,2005,UNNAMED,2005-09-20 03:00:00+00:00,19.0,82.5,30.0,1002.0,0.0,0.0,0,30.0,0.0,2005,9,20,3,0
2005260N20091,2005,UNNAMED,2005-09-20 06:00:00+00:00,19.0,82.5,30.0,1002.0,9.0,270.0,0,30.0,0.0,2005,9,20,6,0
2005260N20091,2005,UNNAMED,2005-09-20 09:00:00+00:00,19.0,81.5,30.0,1002.0,19.0,270.0,0,30.0,0.0,2005,9,20,9,0
2005260N20091,2005,UNNAMED,2005-09-20 12:00:00+00:00,19.0,80.5,25.0,1004.0,14.0,270.0,0,30.0,-5.0,2005,9,20,12,0
2005260N20091,2005,UNNAMED,2005-09-21 03:00:00+00:00,19.5,79.5,25.0,1004.0,13.0,300.0,0,25.0,0.0,2005,9,21,3,0
2005262N13127,2005,DAMREY,2005-09-21 00:00:00+00:00,18.1,122.9,35.0,996.0,10.0,320.0,67,35.0,0.0,2005,9,21,0,1
2005262N13127,2005,DAMREY,2005-09-21 06:00:00+00:00,18.7,122.2,40.0,992.0,8.0,300.0,33,35.0,5.0,2005,9,21,6,1
2005262N13127,2005,DAMREY,2005-09-21 12:00:00+00:00,18.9,121.6,45.0,990.0,6.0,295.0,49,40.0,5.0,2005,9,21,12,0
2005262N13127,2005,DAMREY,2005-09-21 18:00:00+00:00,19.2,121.1,45.0,990.0,5.0,320.0,70,45.0,0.0,2005,9,21,18,0
2005262N13127,2005,DAMREY,2005-09-22 00:00:00+00:00,19.7,120.8,45.0,990.0,6.0,320.0,123,45.0,0.0,2005,9,22,0,0
2005262N13127,2005,DAMREY,2005-09-22 06:00:00+00:00,20.1,120.3,45.0,990.0,6.0,290.0,175,45.0,0.0,2005,9,22,6,0
2005262N13127,2005,DAMREY,2005-09-22 12:00:00+00:00,20.1,119.7,45.0,990.0,7.0,260.0,203,45.0,0.0,2005,9,22,12,0
2005262N13127,2005,DAMREY,2005-09-22 18:00:00+00:00,20.0,118.9,45.0,990.0,7.0,270.0,252,45.0,0.0,2005,9,22,18,0
2005262N13127,2005,DAMREY,2005-09-23 00:00:00+00:00,20.1,118.1,45.0,990.0,9.0,285.0,324,45.0,0.0,2005,9,23,0,0
2005262N13127,2005,DAMREY,2005-09-23 06:00:00+00:00,20.3,117.1,45.0,990.0,7.0,280.0,297,45.0,0.0,2005,9,23,6,0
2005262N13127,2005,DAMREY,2005-09-23 12:00:00+00:00,20.3,116.7,45.0,990.0,5.0,260.0,284,45.0,0.0,2005,9,23,12,1
2005262N13127,2005,DAMREY,2005-09-23 18:00:00+00:00,20.2,116.1,50.0,985.0,6.0,250.0,281,45.0,5.0,2005,9,23,18,1
2005262N13127,2005,DAMREY,2005-09-24 00:00:00+00:00,19.9,115.4,55.0,980.0,7.0,245.0,291,50.0,5.0,2005,9,24,0,1
2005262N13127,2005,DAMREY,2005-09-24 06:00:00+00:00,19.7,114.8,60.0,975.0,8.0,250.0,295,55.0,5.0,2005,9,24,6,1
2005262N13127,2005,DAMREY,2005-09-24 12:00:00+00:00,19.4,114.0,65.0,970.0,8.0,240.0,298,60.0,5.0,2005,9,24,12,0
2005262N13127,2005,DAMREY,2005-09-24 18:00:00+00:00,19.0,113.4,65.0,970.0,5.0,240.0,260,65.0,0.0,2005,9,24,18,1
2005262N13127,2005,DAMREY,2005-09-25 00:00:00+00:00,18.9,113.0,75.0,960.0,5.0,275.0,224,65.0,10.0,2005,9,25,0,1
2005262N13127,2005,DAMREY,2005-09-25 06:00:00+00:00,19.0,112.4,80.0,955.0,6.0,280.0,161,75.0,5.0,2005,9,25,6,0
2005262N13127,2005,DAMREY,2005-09-25 12:00:00+00:00,19.1,111.7,80.0,955.0,8.0,275.0,92,80.0,0.0,2005,9,25,12,0
2005262N13127,2005,DAMREY,2005-09-25 18:00:00+00:00,19.1,110.8,80.0,955.0,9.0,255.0,23,80.0,0.0,2005,9,25,18,0
2005262N13127,2005,DAMREY,2005-09-26 00:00:00+00:00,18.7,109.9,70.0,965.0,8.0,260.0,0,80.0,-10.0,2005,9,26,0,0
2005262N13127,2005,DAMREY,2005-09-26 06:00:00+00:00,18.8,109.0,65.0,970.0,9.0,290.0,0,70.0,-5.0,2005,9,26,6,0
2005262N13127,2005,DAMREY,2005-09-26 12:00:00+00:00,19.2,108.2,60.0,975.0,8.0,295.0,43,65.0,-5.0,2005,9,26,12,0
2005262N13127,2005,DAMREY,2005-09-26 18:00:00+00:00,19.4,107.5,60.0,975.0,9.0,280.0,115,60.0,0.0,2005,9,26,18,0
2005262N13127,2005,DAMREY,2005-09-27 00:00:00+00:00,19.6,106.3,60.0,980.0,12.0,275.0,45,60.0,0.0,2005,9,27,0,0
2005262N13127,2005,DAMREY,2005-09-27 06:00:00+00:00,19.7,105.0,50.0,990.0,12.0,270.0,0,60.0,-10.0,2005,9,27,6,0
2005298N12088,2005,UNNAMED,2005-10-26 03:00:00+00:00,11.7,84.8,25.0,1004.0,7.0,260.0,508,35.0,0.0,2005,10,26,3,0
2005298N12088,2005,UNNAMED,2005-10-26 06:00:00+00:00,11.7,84.5,25.0,1004.0,8.0,275.0,476,25.0,0.0,2005,10,26,6,0
2005298N12088,2005,UNNAMED,2005-10-26 09:00:00+00:00,11.7,84.0,25.0,1004.0,8.0,300.0,423,25.0,0.0,2005,10,26,9,0
2005298N12088,2005,UNNAMED,2005-10-26 12:00:00+00:00,12.1,83.8,25.0,1004.0,6.0,320.0,393,25.0,0.0,2005,10,26,12,0
2005298N12088,2005,UNNAMED,2005-10-26 15:00:00+00:00,12.2,83.6,25.0,1004.0,5.0,305.0,371,25.0,0.0,2005,10,26,15,1
2005298N12088,2005,UNNAMED,2005-10-26 18:00:00+00:00,12.4,83.4,30.0,1004.0,5.0,300.0,347,25.0,5.0,2005,10,26,18,0
2005298N12088,2005,UNNAMED,2005-10-26 21:00:00+00:00,12.5,83.2,30.0,1004.0,5.0,305.0,325,30.0,0.0,2005,10,26,21,0
2005298N12088,2005,UNNAMED,2005-10-27 00:00:00+00:00,12.6,83.0,30.0,1002.0,11.0,300.0,303,30.0,0.0,2005,10,27,0,0
2005298N12088,2005,UNNAMED,2005-10-27 03:00:00+00:00,13.0,82.2,30.0,1002.0,14.0,295.0,208,30.0,0.0,2005,10,27,3,0
2005298N12088,2005,UNNAMED,2005-10-27 06:00:00+00:00,13.2,81.7,30.0,998.0,5.0,305.0,152,30.0,0.0,2005,10,27,6,0
2005298N12088,2005,UNNAMED,2005-10-27 09:00:00+00:00,13.3,81.7,30.0,998.0,5.0,10.0,151,30.0,0.0,2005,10,27,9,0
2005298N12088,2005,UNNAMED,2005-10-27 12:00:00+00:00,13.7,81.8,30.0,998.0,8.0,0.0,162,30.0,0.0,2005,10,27,12,0
2005298N12088,2005,UNNAMED,2005-10-27 15:00:00+00:00,14.1,81.7,30.0,998.0,5.0,350.0,154,30.0,0.0,2005,10,27,15,0
2005298N12088,2005,UNNAMED,2005-10-27 18:00:00+00:00,14.2,81.7,30.0,998.0,8.0,330.0,157,30.0,0.0,2005,10,27,18,0
2005298N12088,2005,UNNAMED,2005-10-27 21:00:00+00:00,14.8,81.3,30.0,998.0,8.0,330.0,109,30.0,0.0,2005,10,27,21,0
2005298N12088,2005,UNNAMED,2005-10-28 00:00:00+00:00,14.9,81.2,30.0,998.0,9.0,300.0,95,30.0,0.0,2005,10,28,0,0
2005298N12088,2005,UNNAMED,2005-10-28 03:00:00+00:00,15.3,80.6,30.0,998.0,9.0,300.0,48,30.0,0.0,2005,10,28,3,0
2005298N12088,2005,UNNAMED,2005-10-28 06:00:00+00:00,15.4,80.4,30.0,998.0,4.0,300.0,24,30.0,0.0,2005,10,28,6,0
2005298N12088,2005,UNNAMED,2005-10-28 09:00:00+00:00,15.4,80.2,25.0,1000.0,5.0,290.0,10,30.0,-5.0,2005,10,28,9,0
2005298N12088,2005,UNNAMED,2005-10-28 12:00:00+00:00,15.5,80.0,25.0,1000.0,5.0,285.0,0,25.0,0.0,2005,10,28,12,0
2005324N08085,2005,UNNAMED,2005-11-20 03:00:00+00:00,8.0,84.5,25.0,1002.0,0.0,0.0,301,35.0,0.0,2005,11,20,3,0
2005324N08085,2005,UNNAMED,2005-11-20 06:00:00+00:00,8.0,84.5,25.0,1002.0,0.0,0.0,301,25.0,0.0,2005,11,20,6,0
2005324N08085,2005,UNNAMED,2005-11-20 09:00:00+00:00,8.0,84.5,25.0,1002.0,5.0,270.0,301,25.0,0.0,2005,11,20,9,0
2005324N08085,2005,UNNAMED,2005-11-20 12:00:00+00:00,8.0,84.0,25.0,1002.0,5.0,270.0,246,25.0,0.0,2005,11,20,12,0
2005324N08085,2005,UNNAMED,2005-11-20 15:00:00+00:00,8.0,84.0,25.0,1002.0,0.0,0.0,246,25.0,0.0,2005,11,20,15,0
2005324N08085,2005,UNNAMED,2005-11-20 18:00:00+00:00,8.0,84.0,25.0,1002.0,0.0,0.0,246,25.0,0.0,2005,11,20,18,0
2005324N08085,2005,UNNAMED,2005-11-20 21:00:00+00:00,8.0,84.0,25.0,1002.0,0.0,0.0,246,25.0,0.0,2005,11,20,21,0
2005324N08085,2005,UNNAMED,2005-11-21 00:00:00+00:00,8.0,84.0,25.0,1002.0,11.0,295.0,246,25.0,0.0,2005,11,21,0,0
2005324N08085,2005,UNNAMED,2005-11-21 03:00:00+00:00,8.5,83.0,25.0,1002.0,11.0,295.0,164,25.0,0.0,2005,11,21,3,0
2005324N08085,2005,UNNAMED,2005-11-21 06:00:00+00:00,8.5,83.0,25.0,1002.0,11.0,295.0,164,25.0,0.0,2005,11,21,6,0
2005324N08085,2005,UNNAMED,2005-11-21 09:00:00+00:00,9.0,82.0,25.0,1002.0,16.0,290.0,94,25.0,0.0,2005,11,21,9,0
2005324N08085,2005,UNNAMED,2005-11-21 12:00:00+00:00,9.0,81.5,25.0,1002.0,5.0,270.0,47,25.0,0.0,2005,11,21,12,0
2005324N08085,2005,UNNAMED,2005-11-21 15:00:00+00:00,9.0,81.5,25.0,1002.0,5.0,270.0,47,25.0,0.0,2005,11,21,15,0
2005324N08085,2005,UNNAMED,2005-11-21 18:00:00+00:00,9.0,81.0,25.0,1002.0,5.0,270.0,10,25.0,0.0,2005,11,21,18,0
2005324N08085,2005,UNNAMED,2005-11-21 21:00:00+00:00,9.0,81.0,25.0,1002.0,5.0,270.0,10,25.0,0.0,2005,11,21,21,0
2005324N08085,2005,UNNAMED,2005-11-22 00:00:00+00:00,9.0,80.5,25.0,1002.0,10.0,270.0,0,25.0,0.0,2005,11,22,0,0
2005324N08085,2005,UNNAMED,2005-11-22 03:00:00+00:00,9.0,80.0,25.0,1002.0,10.0,270.0,10,25.0,0.0,2005,11,22,3,0
2005324N08085,2005,UNNAMED,2005-11-22 06:00:00+00:00,9.0,79.5,25.0,1002.0,7.0,315.0,45,25.0,0.0,2005,11,22,6,0
2005330N09096,2005,BAAZ,2005-11-28 03:00:00+00:00,10.4,89.6,25.0,1006.0,6.0,290.0,797,35.0,0.0,2005,11,28,3,1
2005330N09096,2005,BAAZ,2005-11-28 06:00:00+00:00,10.5,89.3,30.0,1004.0,9.0,280.0,810,25.0,5.0,2005,11,28,6,0
2005330N09096,2005,BAAZ,2005-11-28 09:00:00+00:00,10.5,88.7,30.0,1004.0,10.0,275.0,824,30.0,0.0,2005,11,28,9,0
2005330N09096,2005,BAAZ,2005-11-28 12:00:00+00:00,10.6,88.3,30.0,1004.0,9.0,280.0,789,30.0,0.0,2005,11,28,12,0
2005330N09096,2005,BAAZ,2005-11-28 15:00:00+00:00,10.7,87.8,30.0,1004.0,7.0,285.0,744,30.0,0.0,2005,11,28,15,1
2005330N09096,2005,BAAZ,2005-11-28 18:00:00+00:00,10.8,87.7,35.0,1004.0,5.0,300.0,739,30.0,5.0,2005,11,28,18,0
2005330N09096,2005,BAAZ,2005-11-28 21:00:00+00:00,10.9,87.4,35.0,1004.0,7.0,290.0,714,35.0,0.0,2005,11,28,21,0
2005330N09096,2005,BAAZ,2005-11-29 00:00:00+00:00,11.1,87.0,35.0,1002.0,9.0,290.0,684,35.0,0.0,2005,11,29,0,1
2005330N09096,2005,BAAZ,2005-11-29 03:00:00+00:00,11.2,86.6,45.0,1002.0,12.0,300.0,650,35.0,10.0,2005,11,29,3,0
2005330N09096,2005,BAAZ,2005-11-29 06:00:00+00:00,11.7,86.0,45.0,998.0,15.0,300.0,623,45.0,0.0,2005,11,29,6,0
2005330N09096,2005,BAAZ,2005-11-29 09:00:00+00:00,12.0,85.3,45.0,998.0,15.0,295.0,557,45.0,0.0,2005,11,29,9,0
2005330N09096,2005,BAAZ,2005-11-29 12:00:00+00:00,12.3,84.6,45.0,998.0,8.0,285.0,478,45.0,0.0,2005,11,29,12,0
2005330N09096,2005,BAAZ,2005-11-29 15:00:00+00:00,12.3,84.5,45.0,998.0,3.0,250.0,467,45.0,0.0,2005,11,29,15,0
2005330N09096,2005,BAAZ,2005-11-29 18:00:00+00:00,12.2,84.4,45.0,998.0,2.0,265.0,457,45.0,0.0,2005,11,29,18,0
2005330N09096,2005,BAAZ,2005-11-29 21:00:00+00:00,12.2,84.2,45.0,998.0,2.0,295.0,436,45.0,0.0,2005,11,29,21,0
2005330N09096,2005,BAAZ,2005-11-30 00:00:00+00:00,12.3,84.2,45.0,998.0,2.0,320.0,435,45.0,0.0,2005,11,30,0,0
2005330N09096,2005,BAAZ,2005-11-30 03:00:00+00:00,12.4,84.1,45.0,998.0,4.0,350.0,423,45.0,0.0,2005,11,30,3,0
2005330N09096,2005,BAAZ,2005-11-30 06:00:00+00:00,12.7,84.1,35.0,998.0,3.0,10.0,417,45.0,-10.0,2005,11,30,6,0
2005330N09096,2005,BAAZ,2005-11-30 09:00:00+00:00,12.7,84.2,35.0,998.0,1.0,135.0,428,35.0,0.0,2005,11,30,9,0
2005330N09096,2005,BAAZ,2005-11-30 12:00:00+00:00,12.6,84.2,35.0,998.0,1.0,215.0,430,35.0,0.0,2005,11,30,12,0
2005330N09096,2005,BAAZ,2005-11-30 15:00:00+00:00,12.6,84.1,35.0,998.0,2.0,270.0,419,35.0,0.0,2005,11,30,15,0
2005330N09096,2005,BAAZ,2005-11-30 18:00:00+00:00,12.6,84.0,35.0,998.0,2.0,305.0,408,35.0,0.0,2005,11,30,18,0
2005330N09096,2005,BAAZ,2005-11-30 21:00:00+00:00,12.7,84.0,35.0,998.0,2.0,340.0,406,35.0,0.0,2005,11,30,21,0
2005330N09096,2005,BAAZ,2005-12-01 00:00:00+00:00,12.8,84.0,35.0,998.0,1.0,305.0,404,35.0,0.0,2005,12,1,0,0
2005330N09096,2005,BAAZ,2005-12-01 03:00:00+00:00,12.7,83.9,35.0,998.0,4.0,265.0,396,35.0,0.0,2005,12,1,3,0
2005330N09096,2005,BAAZ,2005-12-01 06:00:00+00:00,12.7,83.6,35.0,998.0,4.0,260.0,364,35.0,0.0,2005,12,1,6,0
2005330N09096,2005,BAAZ,2005-12-01 09:00:00+00:00,12.7,83.5,35.0,998.0,2.0,250.0,353,35.0,0.0,2005,12,1,9,0
2005330N09096,2005,BAAZ,2005-12-01 12:00:00+00:00,12.7,83.4,30.0,998.0,2.0,245.0,342,35.0,-5.0,2005,12,1,12,0
2005330N09096,2005,BAAZ,2005-12-01 15:00:00+00:00,12.6,83.3,30.0,998.0,4.0,290.0,334,30.0,0.0,2005,12,1,15,0
2005330N09096,2005,BAAZ,2005-12-01 18:00:00+00:00,12.8,83.0,30.0,998.0,4.0,285.0,297,30.0,0.0,2005,12,1,18,0
2005330N09096,2005,BAAZ,2005-12-01 21:00:00+00:00,12.7,82.9,30.0,998.0,5.0,245.0,289,30.0,0.0,2005,12,1,21,0
2005330N09096,2005,BAAZ,2005-12-02 00:00:00+00:00,12.6,82.6,25.0,1002.0,6.0,230.0,260,30.0,-5.0,2005,12,2,0,0
2005338N09093,2005,FANOOS,2005-12-06 03:00:00+00:00,11.4,89.3,25.0,1006.0,4.0,255.0,738,35.0,0.0,2005,12,6,3,0
2005338N09093,2005,FANOOS,2005-12-06 06:00:00+00:00,11.3,89.1,25.0,1004.0,5.0,270.0,762,25.0,0.0,2005,12,6,6,1
2005338N09093,2005,FANOOS,2005-12-06 09:00:00+00:00,11.4,88.8,30.0,1004.0,4.0,270.0,778,25.0,5.0,2005,12,6,9,0
2005338N09093,2005,FANOOS,2005-12-06 12:00:00+00:00,11.3,88.7,30.0,1004.0,3.0,240.0,793,30.0,0.0,2005,12,6,12,0
2005338N09093,2005,FANOOS,2005-12-06 15:00:00+00:00,11.3,88.5,30.0,1004.0,5.0,260.0,810,30.0,0.0,2005,12,6,15,0
2005338N09093,2005,FANOOS,2005-12-06 18:00:00+00:00,11.2,88.1,30.0,1004.0,6.0,260.0,798,30.0,0.0,2005,12,6,18,0
2005338N09093,2005,FANOOS,2005-12-06 21:00:00+00:00,11.2,87.9,30.0,1004.0,3.0,250.0,778,30.0,0.0,2005,12,6,21,0
2005338N09093,2005,FANOOS,2005-12-07 00:00:00+00:00,11.1,87.8,30.0,1002.0,7.0,260.0,763,30.0,0.0,2005,12,7,0,1
2005338N09093,2005,FANOOS,2005-12-07 03:00:00+00:00,11.0,87.2,35.0,1000.0,9.0,255.0,699,30.0,5.0,2005,12,7,3,1
2005338N09093,2005,FANOOS,2005-12-07 06:00:00+00:00,10.9,86.9,40.0,1000.0,6.0,255.0,665,35.0,5.0,2005,12,7,6,1
2005338N09093,2005,FANOOS,2005-12-07 09:00:00+00:00,10.8,86.6,45.0,998.0,4.0,245.0,630,40.0,5.0,2005,12,7,9,0
2005338N09093,2005,FANOOS,2005-12-07 12:00:00+00:00,10.8,86.6,45.0,998.0,2.0,220.0,630,45.0,0.0,2005,12,7,12,0
2005338N09093,2005,FANOOS,2005-12-07 15:00:00+00:00,10.7,86.5,45.0,998.0,4.0,255.0,616,45.0,0.0,2005,12,7,15,0
2005338N09093,2005,FANOOS,2005-12-07 18:00:00+00:00,10.7,86.2,45.0,998.0,4.0,265.0,586,45.0,0.0,2005,12,7,18,0
2005338N09093,2005,FANOOS,2005-12-07 21:00:00+00:00,10.7,86.1,45.0,998.0,2.0,285.0,576,45.0,0.0,2005,12,7,21,0
2005338N09093,2005,FANOOS,2005-12-08 00:00:00+00:00,10.7,86.0,45.0,998.0,3.0,235.0,566,45.0,0.0,2005,12,8,0,0
2005338N09093,2005,FANOOS,2005-12-08 03:00:00+00:00,10.5,85.8,45.0,998.0,5.0,255.0,537,45.0,0.0,2005,12,8,3,0
2005338N09093,2005,FANOOS,2005-12-08 06:00:00+00:00,10.6,85.5,45.0,998.0,8.0,275.0,513,45.0,0.0,2005,12,8,6,0
2005338N09093,2005,FANOOS,2005-12-08 09:00:00+00:00,10.6,85.0,45.0,998.0,8.0,270.0,465,45.0,0.0,2005,12,8,9,0
2005338N09093,2005,FANOOS,2005-12-08 12:00:00+00:00,10.6,84.6,45.0,998.0,6.0,260.0,429,45.0,0.0,2005,12,8,12,0
2005338N09093,2005,FANOOS,2005-12-08 15:00:00+00:00,10.5,84.5,45.0,998.0,6.0,255.0,413,45.0,0.0,2005,12,8,15,0
2005338N09093,2005,FANOOS,2005-12-08 18:00:00+00:00,10.4,84.1,45.0,998.0,6.0,260.0,370,45.0,0.0,2005,12,8,18,0
2005338N09093,2005,FANOOS,2005-12-08 21:00:00+00:00,10.4,83.9,45.0,998.0,6.0,270.0,352,45.0,0.0,2005,12,8,21,0
2005338N09093,2005,FANOOS,2005-12-09 00:00:00+00:00,10.4,83.4,45.0,998.0,9.0,270.0,307,45.0,0.0,2005,12,9,0,0
2005338N09093,2005,FANOOS,2005-12-09 03:00:00+00:00,10.4,83.0,45.0,998.0,6.0,270.0,270,45.0,0.0,2005,12,9,3,0
2005338N09093,2005,FANOOS,2005-12-09 06:00:00+00:00,10.4,82.8,45.0,998.0,6.0,270.0,251,45.0,0.0,2005,12,9,6,0
2005338N09093,2005,FANOOS,2005-12-09 09:00:00+00:00,10.4,82.3,45.0,998.0,9.0,270.0,205,45.0,0.0,2005,12,9,9,0
2005338N09093,2005,FANOOS,2005-12-09 12:00:00+00:00,10.4,81.9,45.0,998.0,9.0,270.0,172,45.0,0.0,2005,12,9,12,0
2005338N09093,2005,FANOOS,2005-12-09 15:00:00+00:00,10.4,81.4,45.0,998.0,6.0,270.0,139,45.0,0.0,2005,12,9,15,0
2005338N09093,2005,FANOOS,2005-12-09 18:00:00+00:00,10.4,81.2,35.0,1000.0,6.0,280.0,125,45.0,-10.0,2005,12,9,18,0
2005338N09093,2005,FANOOS,2005-12-09 21:00:00+00:00,10.5,80.8,35.0,1000.0,8.0,280.0,98,35.0,0.0,2005,12,9,21,0
2005349N06090,2005,UNNAMED,2005-12-15 12:00:00+00:00,8.3,86.8,25.0,1006.0,8.0,265.0,556,35.0,0.0,2005,12,15,12,0
2005349N06090,2005,UNNAMED,2005-12-15 15:00:00+00:00,8.2,86.4,25.0,1004.0,6.0,240.0,511,25.0,0.0,2005,12,15,15,0
2005349N06090,2005,UNNAMED,2005-12-15 18:00:00+00:00,8.1,86.3,25.0,1004.0,3.0,220.0,499,25.0,0.0,2005,12,15,18,0
2005349N06090,2005,UNNAMED,2005-12-15 21:00:00+00:00,7.9,86.2,25.0,1004.0,2.0,205.0,485,25.0,0.0,2005,12,15,21,0
2005349N06090,2005,UNNAMED,2005-12-16 00:00:00+00:00,7.9,86.2,25.0,1004.0,12.0,265.0,485,25.0,0.0,2005,12,16,0,0
2005349N06090,2005,UNNAMED,2005-12-16 03:00:00+00:00,7.8,85.1,25.0,1002.0,12.0,270.0,364,25.0,0.0,2005,12,16,3,0
2005349N06090,2005,UNNAMED,2005-12-16 06:00:00+00:00,7.8,85.0,25.0,1002.0,5.0,270.0,353,25.0,0.0,2005,12,16,6,0
2005349N06090,2005,UNNAMED,2005-12-16 09:00:00+00:00,7.8,84.6,25.0,1002.0,4.0,275.0,309,25.0,0.0,2005,12,16,9,0
2005349N06090,2005,UNNAMED,2005-12-16 12:00:00+00:00,7.9,84.5,25.0,1002.0,2.0,285.0,299,25.0,0.0,2005,12,16,12,0
2005349N06090,2005,UNNAMED,2005-12-16 15:00:00+00:00,7.9,84.4,25.0,1002.0,2.0,290.0,288,25.0,0.0,2005,12,16,15,0
2005349N06090,2005,UNNAMED,2005-12-16 18:00:00+00:00,7.9,84.4,25.0,1002.0,1.0,300.0,288,25.0,0.0,2005,12,16,18,0
2005349N06090,2005,UNNAMED,2005-12-16 21:00:00+00:00,7.9,84.3,25.0,1002.0,4.0,285.0,277,25.0,0.0,2005,12,16,21,0
2005349N06090,2005,UNNAMED,2005-12-17 00:00:00+00:00,8.0,84.0,25.0,1002.0,4.0,295.0,246,25.0,0.0,2005,12,17,0,1
2005349N06090,2005,UNNAMED,2005-12-17 03:00:00+00:00,8.1,84.0,30.0,1000.0,3.0,340.0,248,25.0,5.0,2005,12,17,3,0
2005349N06090,2005,UNNAMED,2005-12-17 06:00:00+00:00,8.3,83.9,30.0,1000.0,7.0,325.0,244,30.0,0.0,2005,12,17,6,0
2005349N06090,2005,UNNAMED,2005-12-17 09:00:00+00:00,8.6,83.6,30.0,1000.0,7.0,320.0,227,30.0,0.0,2005,12,17,9,0
2005349N06090,2005,UNNAMED,2005-12-17 12:00:00+00:00,8.8,83.5,30.0,1000.0,4.0,330.0,227,30.0,0.0,2005,12,17,12,0
2005349N06090,2005,UNNAMED,2005-12-17 15:00:00+00:00,8.9,83.4,30.0,1000.0,7.0,325.0,222,30.0,0.0,2005,12,17,15,0
2005349N06090,2005,UNNAMED,2005-12-17 18:00:00+00:00,9.4,83.1,30.0,1000.0,7.0,330.0,217,30.0,0.0,2005,12,17,18,0
2005349N06090,2005,UNNAMED,2005-12-17 21:00:00+00:00,9.5,83.0,30.0,1000.0,6.0,355.0,214,30.0,0.0,2005,12,17,21,0
2005349N06090,2005,UNNAMED,2005-12-18 00:00:00+00:00,10.0,83.0,30.0,1000.0,8.0,360.0,245,30.0,0.0,2005,12,18,0,0
2005349N06090,2005,UNNAMED,2005-12-18 03:00:00+00:00,10.3,83.0,30.0,1000.0,5.0,0.0,265,30.0,0.0,2005,12,18,3,0
2005349N06090,2005,UNNAMED,2005-12-18 06:00:00+00:00,10.4,83.0,30.0,1000.0,5.0,330.0,270,30.0,0.0,2005,12,18,6,0
2005349N06090,2005,UNNAMED,2005-12-18 09:00:00+00:00,10.7,82.8,30.0,1000.0,4.0,325.0,269,30.0,0.0,2005,12,18,9,0
2005349N06090,2005,UNNAMED,2005-12-18 12:00:00+00:00,10.8,82.8,30.0,1000.0,1.0,10.0,276,30.0,0.0,2005,12,18,12,0
2005349N06090,2005,UNNAMED,2005-12-18 15:00:00+00:00,10.8,82.8,30.0,1000.0,3.0,0.0,276,30.0,0.0,2005,12,18,15,0
2005349N06090,2005,UNNAMED,2005-12-18 18:00:00+00:00,11.1,82.8,30.0,1000.0,3.0,0.0,297,30.0,0.0,2005,12,18,18,0
2005349N06090,2005,UNNAMED,2005-12-18 21:00:00+00:00,11.1,82.7,30.0,1000.0,1.0,25.0,289,30.0,0.0,2005,12,18,21,0
2005349N06090,2005,UNNAMED,2005-12-19 00:00:00+00:00,11.1,82.8,30.0,1000.0,1.0,40.0,297,30.0,0.0,2005,12,19,0,0
2005349N06090,2005,UNNAMED,2005-12-19 03:00:00+00:00,11.1,82.8,30.0,1000.0,1.0,65.0,297,30.0,0.0,2005,12,19,3,0
2005349N06090,2005,UNNAMED,2005-12-19 06:00:00+00:00,11.2,82.9,30.0,1000.0,1.0,105.0,313,30.0,0.0,2005,12,19,6,0
2005349N06090,2005,UNNAMED,2005-12-19 09:00:00+00:00,11.1,82.9,30.0,1000.0,1.0,135.0,305,30.0,0.0,2005,12,19,9,0
2005349N06090,2005,UNNAMED,2005-12-19 12:00:00+00:00,11.1,83.0,30.0,1000.0,2.0,35.0,314,30.0,0.0,2005,12,19,12,0
2005349N06090,2005,UNNAMED,2005-12-19 15:00:00+00:00,11.3,83.0,30.0,1000.0,3.0,30.0,328,30.0,0.0,2005,12,19,15,0
2005349N06090,2005,UNNAMED,2005-12-19 18:00:00+00:00,11.3,83.1,30.0,1000.0,1.0,75.0,337,30.0,0.0,2005,12,19,18,0
2005349N06090,2005,UNNAMED,2005-12-19 21:00:00+00:00,11.3,83.2,30.0,1000.0,3.0,80.0,345,30.0,0.0,2005,12,19,21,0
2005349N06090,2005,UNNAMED,2005-12-20 00:00:00+00:00,11.3,83.5,30.0,1000.0,6.0,85.0,377,30.0,0.0,2005,12,20,0,0
2005349N06090,2005,UNNAMED,2005-12-20 03:00:00+00:00,11.4,83.8,30.0,1000.0,6.0,80.0,403,30.0,0.0,2005,12,20,3,0
2005349N06090,2005,UNNAMED,2005-12-20 06:00:00+00:00,11.5,84.1,25.0,1002.0,7.0,55.0,437,30.0,-5.0,2005,12,20,6,0
2005349N06090,2005,UNNAMED,2005-12-20 09:00:00+00:00,11.8,84.3,25.0,1002.0,5.0,40.0,452,25.0,0.0,2005,12,20,9,0
2005349N06090,2005,UNNAMED,2005-12-20 12:00:00+00:00,11.8,84.4,25.0,1002.0,2.0,40.0,461,25.0,0.0,2005,12,20,12,0
2005349N06090,2005,UNNAMED,2005-12-20 15:00:00+00:00,11.9,84.5,25.0,1002.0,1.0,65.0,472,25.0,0.0,2005,12,20,15,0
2005349N06090,2005,UNNAMED,2005-12-20 18:00:00+00:00,11.9,84.5,25.0,1002.0,1.0,105.0,472,25.0,0.0,2005,12,20,18,0
2005349N06090,2005,UNNAMED,2005-12-20 21:00:00+00:00,11.9,84.6,25.0,1002.0,1.0,135.0,483,25.0,0.0,2005,12,20,21,0
2005349N06090,2005,UNNAMED,2005-12-21 00:00:00+00:00,11.8,84.6,25.0,1002.0,1.0,200.0,484,25.0,0.0,2005,12,21,0,0
2005349N06090,2005,UNNAMED,2005-12-21 03:00:00+00:00,11.7,84.5,25.0,1002.0,2.0,235.0,476,25.0,0.0,2005,12,21,3,0
2005349N06090,2005,UNNAMED,2005-12-21 06:00:00+00:00,11.7,84.5,25.0,1002.0,0.0,0.0,476,25.0,0.0,2005,12,21,6,0
2005349N06090,2005,UNNAMED,2005-12-21 09:00:00+00:00,11.8,84.5,25.0,1002.0,2.0,45.0,474,25.0,0.0,2005,12,21,9,0
2005349N06090,2005,UNNAMED,2005-12-21 12:00:00+00:00,11.8,84.6,25.0,1002.0,2.0,35.0,483,25.0,0.0,2005,12,21,12,0
2005349N06090,2005,UNNAMED,2005-12-21 15:00:00+00:00,11.9,84.7,25.0,1002.0,2.0,30.0,493,25.0,0.0,2005,12,21,15,0
2005349N06090,2005,UNNAMED,2005-12-21 18:00:00+00:00,12.1,84.7,25.0,1002.0,3.0,30.0,491,25.0,0.0,2005,12,21,18,0
2005349N06090,2005,UNNAMED,2005-12-21 21:00:00+00:00,12.2,84.8,25.0,1002.0,4.0,25.0,501,25.0,0.0,2005,12,21,21,0
2006012N03081,2006,UNNAMED,2006-01-13 12:00:00+00:00,4.9,77.1,25.0,1006.0,12.0,310.0,359,35.0,0.0,2006,1,13,12,0
2006012N03081,2006,UNNAMED,2006-01-14 00:00:00+00:00,5.7,75.6,25.0,1006.0,8.0,275.0,328,25.0,0.0,2006,1,14,0,1
2006012N03081,2006,UNNAMED,2006-01-14 03:00:00+00:00,5.8,75.1,30.0,1006.0,18.0,310.0,354,25.0,5.0,2006,1,14,3,0
2006012N03081,2006,UNNAMED,2006-01-14 06:00:00+00:00,6.9,74.2,30.0,1006.0,18.0,310.0,338,30.0,0.0,2006,1,14,6,0
2006012N03081,2006,UNNAMED,2006-01-14 09:00:00+00:00,6.9,73.7,30.0,1004.0,9.0,275.0,381,30.0,0.0,2006,1,14,9,0
2006012N03081,2006,UNNAMED,2006-01-14 12:00:00+00:00,6.9,73.3,25.0,1004.0,8.0,275.0,417,30.0,-5.0,2006,1,14,12,0
2006012N03081,2006,UNNAMED,2006-01-14 15:00:00+00:00,6.9,72.9,25.0,1004.0,6.0,280.0,455,25.0,0.0,2006,1,14,15,0
2006012N03081,2006,UNNAMED,2006-01-14 18:00:00+00:00,7.0,72.7,25.0,1004.0,6.0,280.0,469,25.0,0.0,2006,1,14,18,0
2006114N08090,2006,MALA,2006-04-25 03:00:00+00:00,9.5,89.8,25.0,996.0,4.0,30.0,738,35.0,0.0,2006,4,25,3,0
2006114N08090,2006,MALA,2006-04-25 06:00:00+00:00,9.6,89.9,25.0,996.0,2.0,340.0,736,25.0,0.0,2006,4,25,6,1
2006114N08090,2006,MALA,2006-04-25 09:00:00+00:00,9.7,89.8,30.0,996.0,5.0,315.0,752,25.0,5.0,2006,4,25,9,1
2006114N08090,2006,MALA,2006-04-25 12:00:00+00:00,10.0,89.6,35.0,996.0,4.0,335.0,790,30.0,5.0,2006,4,25,12,0
2006114N08090,2006,MALA,2006-04-25 15:00:00+00:00,10.1,89.6,35.0,996.0,2.0,30.0,796,35.0,0.0,2006,4,25,15,0
2006114N08090,2006,MALA,2006-04-25 18:00:00+00:00,10.2,89.7,35.0,996.0,2.0,75.0,795,35.0,0.0,2006,4,25,18,0
2006114N08090,2006,MALA,2006-04-25 21:00:00+00:00,10.1,89.8,35.0,996.0,3.0,0.0,780,35.0,0.0,2006,4,25,21,1
2006114N08090,2006,MALA,2006-04-26 00:00:00+00:00,10.4,89.7,45.0,994.0,4.0,360.0,790,35.0,10.0,2006,4,26,0,0
2006114N08090,2006,MALA,2006-04-26 03:00:00+00:00,10.6,89.7,45.0,994.0,7.0,15.0,773,45.0,0.0,2006,4,26,3,0
2006114N08090,2006,MALA,2006-04-26 06:00:00+00:00,11.1,89.8,45.0,994.0,8.0,25.0,724,45.0,0.0,2006,4,26,6,0
2006114N08090,2006,MALA,2006-04-26 09:00:00+00:00,11.3,90.1,45.0,994.0,8.0,35.0,685,45.0,0.0,2006,4,26,9,0
2006114N08090,2006,MALA,2006-04-26 12:00:00+00:00,11.7,90.3,45.0,994.0,9.0,30.0,637,45.0,0.0,2006,4,26,12,0
2006114N08090,2006,MALA,2006-04-26 15:00:00+00:00,12.1,90.5,45.0,994.0,4.0,15.0,590,45.0,0.0,2006,4,26,15,0
2006114N08090,2006,MALA,2006-04-26 18:00:00+00:00,12.1,90.4,45.0,994.0,2.0,270.0,598,45.0,0.0,2006,4,26,18,0
2006114N08090,2006,MALA,2006-04-26 21:00:00+00:00,12.1,90.3,45.0,994.0,2.0,260.0,606,45.0,0.0,2006,4,26,21,0
2006114N08090,2006,MALA,2006-04-27 00:00:00+00:00,12.0,90.2,45.0,994.0,4.0,340.0,613,45.0,0.0,2006,4,27,0,1
2006114N08090,2006,MALA,2006-04-27 03:00:00+00:00,12.4,90.1,55.0,990.0,5.0,5.0,598,45.0,10.0,2006,4,27,3,0
2006114N08090,2006,MALA,2006-04-27 06:00:00+00:00,12.5,90.2,55.0,990.0,3.0,45.0,575,55.0,0.0,2006,4,27,6,0
2006114N08090,2006,MALA,2006-04-27 09:00:00+00:00,12.6,90.3,55.0,990.0,5.0,35.0,567,55.0,0.0,2006,4,27,9,1
2006114N08090,2006,MALA,2006-04-27 12:00:00+00:00,13.0,90.5,65.0,984.0,5.0,30.0,521,55.0,10.0,2006,4,27,12,0
2006114N08090,2006,MALA,2006-04-27 15:00:00+00:00,13.1,90.6,65.0,984.0,4.0,40.0,505,65.0,0.0,2006,4,27,15,0
2006114N08090,2006,MALA,2006-04-27 18:00:00+00:00,13.3,90.8,65.0,984.0,7.0,25.0,474,65.0,0.0,2006,4,27,18,0
2006114N08090,2006,MALA,2006-04-27 21:00:00+00:00,13.7,90.9,65.0,984.0,10.0,35.0,438,65.0,0.0,2006,4,27,21,0
2006114N08090,2006,MALA,2006-04-28 00:00:00+00:00,14.1,91.4,65.0,984.0,12.0,40.0,368,65.0,0.0,2006,4,28,0,1
2006114N08090,2006,MALA,2006-04-28 03:00:00+00:00,14.5,91.7,80.0,976.0,11.0,40.0,316,65.0,15.0,2006,4,28,3,1
2006114N08090,2006,MALA,2006-04-28 06:00:00+00:00,15.0,92.1,90.0,964.0,10.0,40.0,251,80.0,10.0,2006,4,28,6,1
2006114N08090,2006,MALA,2006-04-28 09:00:00+00:00,15.3,92.4,100.0,954.0,8.0,40.0,208,90.0,10.0,2006,4,28,9,0
2006114N08090,2006,MALA,2006-04-28 12:00:00+00:00,15.6,92.7,100.0,954.0,10.0,40.0,166,100.0,0.0,2006,4,28,12,0
2006114N08090,2006,MALA,2006-04-28 15:00:00+00:00,16.0,93.1,100.0,954.0,8.0,40.0,117,100.0,0.0,2006,4,28,15,0
2006114N08090,2006,MALA,2006-04-28 18:00:00+00:00,16.2,93.2,100.0,954.0,8.0,40.0,109,100.0,0.0,2006,4,28,18,0
2006114N08090,2006,MALA,2006-04-28 21:00:00+00:00,16.5,93.6,100.0,954.0,7.0,40.0,74,100.0,0.0,2006,4,28,21,0
2006114N08090,2006,MALA,2006-04-29 00:00:00+00:00,16.7,93.7,100.0,954.0,7.0,40.0,67,100.0,0.0,2006,4,29,0,0
2006114N08090,2006,MALA,2006-04-29 03:00:00+00:00,17.1,94.1,100.0,954.0,11.0,40.0,38,100.0,0.0,2006,4,29,3,0
2006182N20088,2006,UNNAMED,2006-07-02 00:00:00+00:00,20.4,88.5,25.0,990.0,3.0,265.0,134,35.0,0.0,2006,7,2,0,1
2006182N20088,2006,UNNAMED,2006-07-02 03:00:00+00:00,20.5,88.3,30.0,988.0,3.0,280.0,123,25.0,5.0,2006,7,2,3,0
2006182N20088,2006,UNNAMED,2006-07-02 06:00:00+00:00,20.4,88.2,30.0,988.0,4.0,265.0,129,30.0,0.0,2006,7,2,6,0
2006182N20088,2006,UNNAMED,2006-07-02 09:00:00+00:00,20.4,87.9,30.0,988.0,8.0,265.0,99,30.0,0.0,2006,7,2,9,0
2006182N20088,2006,UNNAMED,2006-07-02 12:00:00+00:00,20.4,87.4,30.0,988.0,11.0,270.0,53,30.0,0.0,2006,7,2,12,0
2006182N20088,2006,UNNAMED,2006-07-02 15:00:00+00:00,20.4,86.7,30.0,982.0,14.0,270.0,0,30.0,0.0,2006,7,2,15,0
2006182N20088,2006,UNNAMED,2006-07-02 18:00:00+00:00,20.4,86.0,30.0,982.0,9.0,270.0,0,30.0,0.0,2006,7,2,18,0
2006182N20088,2006,UNNAMED,2006-07-02 21:00:00+00:00,20.4,85.8,30.0,982.0,6.0,270.0,0,30.0,0.0,2006,7,2,21,0
2006182N20088,2006,UNNAMED,2006-07-03 00:00:00+00:00,20.4,85.4,30.0,982.0,5.0,270.0,0,30.0,0.0,2006,7,3,0,0
2006182N20088,2006,UNNAMED,2006-07-03 03:00:00+00:00,20.4,85.2,30.0,982.0,2.0,275.0,0,30.0,0.0,2006,7,3,3,0
2006182N20088,2006,UNNAMED,2006-07-03 06:00:00+00:00,20.4,85.1,30.0,982.0,8.0,300.0,0,30.0,0.0,2006,7,3,6,0
2006182N20088,2006,UNNAMED,2006-07-03 09:00:00+00:00,20.8,84.5,30.0,982.0,11.0,295.0,0,30.0,0.0,2006,7,3,9,0
2006182N20088,2006,UNNAMED,2006-07-03 12:00:00+00:00,20.9,84.1,30.0,982.0,9.0,285.0,0,30.0,0.0,2006,7,3,12,0
2006182N20088,2006,UNNAMED,2006-07-03 15:00:00+00:00,21.0,83.5,30.0,982.0,10.0,275.0,0,30.0,0.0,2006,7,3,15,0
2006182N20088,2006,UNNAMED,2006-07-03 18:00:00+00:00,21.0,83.0,30.0,982.0,9.0,270.0,0,30.0,0.0,2006,7,3,18,0
2006182N20088,2006,UNNAMED,2006-07-03 21:00:00+00:00,21.0,82.5,30.0,982.0,9.0,270.0,0,30.0,0.0,2006,7,3,21,0
2006182N20088,2006,UNNAMED,2006-07-04 00:00:00+00:00,21.0,82.0,30.0,982.0,11.0,300.0,0,30.0,0.0,2006,7,4,0,0
2006182N20088,2006,UNNAMED,2006-07-04 03:00:00+00:00,21.5,81.5,30.0,984.0,11.0,300.0,0,30.0,0.0,2006,7,4,3,0
2006182N20088,2006,UNNAMED,2006-07-04 06:00:00+00:00,21.5,81.0,30.0,986.0,14.0,270.0,0,30.0,0.0,2006,7,4,6,0
2006182N20088,2006,UNNAMED,2006-07-04 09:00:00+00:00,21.5,80.0,25.0,988.0,14.0,270.0,0,30.0,-5.0,2006,7,4,9,0
2006182N20088,2006,UNNAMED,2006-07-04 12:00:00+00:00,21.5,79.5,25.0,990.0,9.0,270.0,0,25.0,0.0,2006,7,4,12,0
2006182N20088,2006,UNNAMED,2006-07-04 15:00:00+00:00,21.5,79.0,25.0,990.0,9.0,270.0,0,25.0,0.0,2006,7,4,15,0
2006182N20088,2006,UNNAMED,2006-07-04 18:00:00+00:00,21.5,78.5,25.0,990.0,9.0,270.0,0,25.0,0.0,2006,7,4,18,0
2006182N20088,2006,UNNAMED,2006-07-04 21:00:00+00:00,21.5,78.0,25.0,990.0,5.0,270.0,0,25.0,0.0,2006,7,4,21,0
2006182N20088,2006,UNNAMED,2006-07-05 00:00:00+00:00,21.5,78.0,25.0,990.0,7.0,315.0,0,25.0,0.0,2006,7,5,0,0
2006182N20088,2006,UNNAMED,2006-07-05 03:00:00+00:00,22.0,77.5,25.0,990.0,7.0,315.0,0,25.0,0.0,2006,7,5,3,0
2006214N20088,2006,UNNAMED,2006-08-02 03:00:00+00:00,20.5,87.5,25.0,990.0,0.0,0.0,56,35.0,0.0,2006,8,2,3,0
2006214N20088,2006,UNNAMED,2006-08-02 06:00:00+00:00,20.5,87.5,25.0,990.0,7.0,225.0,56,25.0,0.0,2006,8,2,6,1
2006214N20088,2006,UNNAMED,2006-08-02 09:00:00+00:00,20.0,87.0,30.0,988.0,11.0,240.0,45,25.0,5.0,2006,8,2,9,0
2006214N20088,2006,UNNAMED,2006-08-02 12:00:00+00:00,20.0,86.5,30.0,986.0,5.0,270.0,10,30.0,0.0,2006,8,2,12,0
2006214N20088,2006,UNNAMED,2006-08-02 15:00:00+00:00,20.0,86.5,30.0,986.0,5.0,270.0,10,30.0,0.0,2006,8,2,15,0
2006214N20088,2006,UNNAMED,2006-08-02 18:00:00+00:00,20.0,86.0,30.0,986.0,9.0,270.0,0,30.0,0.0,2006,8,2,18,0
2006214N20088,2006,UNNAMED,2006-08-02 21:00:00+00:00,20.0,85.5,30.0,986.0,8.0,255.0,0,30.0,0.0,2006,8,2,21,0
2006214N20088,2006,UNNAMED,2006-08-03 03:00:00+00:00,19.5,85.0,30.0,986.0,3.0,210.0,0,30.0,0.0,2006,8,3,3,0
2006214N20088,2006,UNNAMED,2006-08-03 06:00:00+00:00,19.5,85.0,30.0,986.0,5.0,270.0,0,30.0,0.0,2006,8,3,6,0
2006214N20088,2006,UNNAMED,2006-08-03 09:00:00+00:00,19.5,84.5,30.0,986.0,9.0,270.0,0,30.0,0.0,2006,8,3,9,0
2006214N20088,2006,UNNAMED,2006-08-03 12:00:00+00:00,19.5,84.0,30.0,986.0,5.0,270.0,0,30.0,0.0,2006,8,3,12,0
2006214N20088,2006,UNNAMED,2006-08-03 15:00:00+00:00,19.5,84.0,30.0,986.0,5.0,270.0,0,30.0,0.0,2006,8,3,15,0
2006214N20088,2006,UNNAMED,2006-08-03 18:00:00+00:00,19.5,83.5,30.0,986.0,9.0,270.0,0,30.0,0.0,2006,8,3,18,0
2006214N20088,2006,UNNAMED,2006-08-03 21:00:00+00:00,19.5,83.0,30.0,986.0,5.0,270.0,0,30.0,0.0,2006,8,3,21,0
2006214N20088,2006,UNNAMED,2006-08-04 00:00:00+00:00,19.5,83.0,30.0,986.0,7.0,315.0,0,30.0,0.0,2006,8,4,0,0
2006214N20088,2006,UNNAMED,2006-08-04 03:00:00+00:00,20.0,82.5,30.0,986.0,7.0,315.0,0,30.0,0.0,2006,8,4,3,0
2006214N20088,2006,UNNAMED,2006-08-04 06:00:00+00:00,20.0,82.5,30.0,986.0,7.0,315.0,0,30.0,0.0,2006,8,4,6,0
2006214N20088,2006,UNNAMED,2006-08-04 09:00:00+00:00,20.5,82.0,25.0,990.0,17.0,305.0,0,30.0,-5.0,2006,8,4,9,0
2006214N20088,2006,UNNAMED,2006-08-04 12:00:00+00:00,21.0,81.0,25.0,990.0,11.0,300.0,0,25.0,0.0,2006,8,4,12,0
2006214N20088,2006,UNNAMED,2006-08-04 15:00:00+00:00,21.0,81.0,25.0,990.0,0.0,0.0,0,25.0,0.0,2006,8,4,15,0
2006214N20088,2006,UNNAMED,2006-08-04 18:00:00+00:00,21.0,81.0,25.0,990.0,0.0,0.0,0,25.0,0.0,2006,8,4,18,0
2006214N20088,2006,UNNAMED,2006-08-04 21:00:00+00:00,21.0,81.0,25.0,990.0,5.0,270.0,0,25.0,0.0,2006,8,4,21,0
2006214N20088,2006,UNNAMED,2006-08-05 00:00:00+00:00,21.0,80.5,25.0,990.0,9.0,270.0,0,25.0,0.0,2006,8,5,0,0
2006214N20088,2006,UNNAMED,2006-08-05 03:00:00+00:00,21.0,80.0,25.0,990.0,9.0,270.0,0,25.0,0.0,2006,8,5,3,0
2006214N20088,2006,UNNAMED,2006-08-05 06:00:00+00:00,21.0,79.5,25.0,990.0,5.0,270.0,0,25.0,0.0,2006,8,5,6,0
2006224N21088,2006,UNNAMED,2006-08-12 03:00:00+00:00,21.0,88.0,25.0,992.0,0.0,0.0,70,35.0,0.0,2006,8,12,3,0
2006224N21088,2006,UNNAMED,2006-08-12 06:00:00+00:00,21.0,88.0,25.0,992.0,5.0,270.0,70,25.0,0.0,2006,8,12,6,0
2006224N21088,2006,UNNAMED,2006-08-12 09:00:00+00:00,21.0,87.5,25.0,992.0,5.0,270.0,56,25.0,0.0,2006,8,12,9,0
2006224N21088,2006,UNNAMED,2006-08-12 12:00:00+00:00,21.0,87.5,25.0,992.0,14.0,315.0,56,25.0,0.0,2006,8,12,12,0
2006224N21088,2006,UNNAMED,2006-08-12 15:00:00+00:00,22.0,86.5,25.0,992.0,25.0,295.0,0,25.0,0.0,2006,8,12,15,0
2006224N21088,2006,UNNAMED,2006-08-12 18:00:00+00:00,22.0,85.0,25.0,992.0,28.0,270.0,0,25.0,0.0,2006,8,12,18,0
2006224N21088,2006,UNNAMED,2006-08-12 21:00:00+00:00,22.0,83.5,25.0,992.0,23.0,270.0,0,25.0,0.0,2006,8,12,21,0
2006228N21088,2006,UNNAMED,2006-08-16 03:00:00+00:00,20.5,88.0,25.0,990.0,9.0,270.0,106,35.0,0.0,2006,8,16,3,0
2006228N21088,2006,UNNAMED,2006-08-16 06:00:00+00:00,20.5,87.5,25.0,990.0,5.0,270.0,56,25.0,0.0,2006,8,16,6,0
2006228N21088,2006,UNNAMED,2006-08-16 09:00:00+00:00,20.5,87.5,25.0,990.0,5.0,270.0,56,25.0,0.0,2006,8,16,9,0
2006228N21088,2006,UNNAMED,2006-08-16 12:00:00+00:00,20.5,87.0,25.0,990.0,9.0,270.0,15,25.0,0.0,2006,8,16,12,0
2006228N21088,2006,UNNAMED,2006-08-16 15:00:00+00:00,20.5,86.5,25.0,988.0,9.0,270.0,0,25.0,0.0,2006,8,16,15,0
2006228N21088,2006,UNNAMED,2006-08-16 18:00:00+00:00,20.5,86.0,25.0,988.0,15.0,290.0,0,25.0,0.0,2006,8,16,18,0
2006228N21088,2006,UNNAMED,2006-08-16 21:00:00+00:00,21.0,85.0,25.0,988.0,17.0,305.0,0,25.0,0.0,2006,8,16,21,0
2006228N21088,2006,UNNAMED,2006-08-17 00:00:00+00:00,21.5,84.5,25.0,988.0,17.0,305.0,0,25.0,0.0,2006,8,17,0,0
2006228N21088,2006,UNNAMED,2006-08-17 03:00:00+00:00,22.0,83.5,25.0,988.0,11.0,300.0,0,25.0,0.0,2006,8,17,3,0
2006228N21088,2006,UNNAMED,2006-08-17 06:00:00+00:00,22.0,83.5,25.0,988.0,7.0,315.0,0,25.0,0.0,2006,8,17,6,0
2006228N21088,2006,UNNAMED,2006-08-17 09:00:00+00:00,22.5,83.0,25.0,988.0,24.0,280.0,0,25.0,0.0,2006,8,17,9,0
2006228N21088,2006,UNNAMED,2006-08-17 12:00:00+00:00,22.5,81.0,25.0,988.0,18.0,270.0,0,25.0,0.0,2006,8,17,12,0
2006228N21088,2006,UNNAMED,2006-08-17 15:00:00+00:00,22.5,81.0,25.0,988.0,5.0,270.0,0,25.0,0.0,2006,8,17,15,0
2006228N21088,2006,UNNAMED,2006-08-17 18:00:00+00:00,22.5,80.5,25.0,988.0,9.0,270.0,0,25.0,0.0,2006,8,17,18,0
2006228N21088,2006,UNNAMED,2006-08-17 21:00:00+00:00,22.5,80.0,25.0,988.0,14.0,270.0,0,25.0,0.0,2006,8,17,21,0
2006228N21088,2006,UNNAMED,2006-08-18 00:00:00+00:00,22.5,79.0,25.0,990.0,19.0,285.0,0,25.0,0.0,2006,8,18,0,0
2006228N21088,2006,UNNAMED,2006-08-18 03:00:00+00:00,23.0,78.0,25.0,992.0,15.0,290.0,0,25.0,0.0,2006,8,18,3,0
2006228N21088,2006,UNNAMED,2006-08-18 06:00:00+00:00,23.0,77.5,25.0,994.0,10.0,300.0,0,25.0,0.0,2006,8,18,6,0
2006241N20088,2006,UNNAMED,2006-08-29 03:00:00+00:00,20.5,87.5,25.0,992.0,19.0,270.0,56,35.0,0.0,2006,8,29,3,0
2006241N20088,2006,UNNAMED,2006-08-29 06:00:00+00:00,20.5,86.5,25.0,992.0,24.0,280.0,0,25.0,0.0,2006,8,29,6,0
2006241N20088,2006,UNNAMED,2006-08-29 09:00:00+00:00,21.0,85.0,25.0,990.0,19.0,285.0,0,25.0,0.0,2006,8,29,9,0
2006241N20088,2006,UNNAMED,2006-08-29 12:00:00+00:00,21.0,84.5,25.0,990.0,5.0,270.0,0,25.0,0.0,2006,8,29,12,0
2006241N20088,2006,UNNAMED,2006-08-29 15:00:00+00:00,21.0,84.5,25.0,990.0,5.0,270.0,0,25.0,0.0,2006,8,29,15,0
2006241N20088,2006,UNNAMED,2006-08-29 18:00:00+00:00,21.0,84.0,25.0,990.0,9.0,270.0,0,25.0,0.0,2006,8,29,18,0
2006241N20088,2006,UNNAMED,2006-08-29 21:00:00+00:00,21.0,83.5,25.0,990.0,9.0,270.0,0,25.0,0.0,2006,8,29,21,0
2006241N20088,2006,UNNAMED,2006-08-30 00:00:00+00:00,21.0,83.0,25.0,992.0,11.0,335.0,0,25.0,0.0,2006,8,30,0,0
2006241N20088,2006,UNNAMED,2006-08-30 03:00:00+00:00,22.0,83.0,25.0,992.0,16.0,345.0,0,25.0,0.0,2006,8,30,3,0
2006241N20088,2006,UNNAMED,2006-08-30 06:00:00+00:00,22.5,82.5,25.0,992.0,15.0,290.0,0,25.0,0.0,2006,8,30,6,0
2006241N20088,2006,UNNAMED,2006-08-30 09:00:00+00:00,22.5,81.5,25.0,992.0,14.0,270.0,0,25.0,0.0,2006,8,30,9,0
2006241N20088,2006,UNNAMED,2006-08-30 12:00:00+00:00,22.5,81.0,25.0,992.0,5.0,270.0,0,25.0,0.0,2006,8,30,12,0
2006241N20088,2006,UNNAMED,2006-08-30 15:00:00+00:00,22.5,81.0,25.0,992.0,0.0,0.0,0,25.0,0.0,2006,8,30,15,0
2006241N20088,2006,UNNAMED,2006-08-30 18:00:00+00:00,22.5,81.0,25.0,992.0,5.0,270.0,0,25.0,0.0,2006,8,30,18,0
2006241N20088,2006,UNNAMED,2006-08-30 21:00:00+00:00,22.5,80.5,25.0,992.0,11.0,300.0,0,25.0,0.0,2006,8,30,21,0
2006241N20088,2006,UNNAMED,2006-08-31 00:00:00+00:00,23.0,80.0,25.0,994.0,17.0,305.0,0,25.0,0.0,2006,8,31,0,0
2006241N20088,2006,UNNAMED,2006-08-31 03:00:00+00:00,23.5,79.0,25.0,994.0,21.0,300.0,0,25.0,0.0,2006,8,31,3,0
2006241N20088,2006,UNNAMED,2006-08-31 06:00:00+00:00,24.0,78.0,25.0,994.0,10.0,300.0,0,25.0,0.0,2006,8,31,6,0
2006241N20088,2006,UNNAMED,2006-08-31 09:00:00+00:00,24.0,78.0,25.0,994.0,0.0,0.0,0,25.0,0.0,2006,8,31,9,0
2006241N20088,2006,UNNAMED,2006-08-31 12:00:00+00:00,24.0,78.0,25.0,994.0,0.0,0.0,0,25.0,0.0,2006,8,31,12,0
2006241N20088,2006,UNNAMED,2006-08-31 15:00:00+00:00,24.0,78.0,25.0,994.0,7.0,320.0,0,25.0,0.0,2006,8,31,15,0
2006241N20088,2006,UNNAMED,2006-08-31 18:00:00+00:00,24.5,77.5,25.0,994.0,14.0,320.0,0,25.0,0.0,2006,8,31,18,0
2006241N20088,2006,UNNAMED,2006-08-31 21:00:00+00:00,25.0,77.0,25.0,994.0,11.0,335.0,0,25.0,0.0,2006,8,31,21,0
2006241N20088,2006,UNNAMED,2006-09-01 00:00:00+00:00,25.5,77.0,25.0,994.0,11.0,335.0,0,25.0,0.0,2006,9,1,0,0
2006241N20088,2006,UNNAMED,2006-09-01 03:00:00+00:00,26.0,76.5,25.0,994.0,7.0,320.0,0,25.0,0.0,2006,9,1,3,0
2006247N21089,2006,UNNAMED,2006-09-03 12:00:00+00:00,20.5,88.5,25.0,992.0,9.0,270.0,123,35.0,0.0,2006,9,3,12,0
2006247N21089,2006,UNNAMED,2006-09-03 15:00:00+00:00,20.5,88.0,25.0,992.0,9.0,270.0,106,25.0,0.0,2006,9,3,15,0
2006247N21089,2006,UNNAMED,2006-09-03 18:00:00+00:00,20.5,87.5,25.0,992.0,5.0,270.0,56,25.0,0.0,2006,9,3,18,0
2006247N21089,2006,UNNAMED,2006-09-03 21:00:00+00:00,20.5,87.5,25.0,992.0,7.0,315.0,56,25.0,0.0,2006,9,3,21,0
2006247N21089,2006,UNNAMED,2006-09-04 00:00:00+00:00,21.0,87.0,25.0,992.0,11.0,300.0,15,25.0,0.0,2006,9,4,0,0
2006247N21089,2006,UNNAMED,2006-09-04 03:00:00+00:00,21.0,86.5,25.0,992.0,15.0,290.0,0,25.0,0.0,2006,9,4,3,0
2006247N21089,2006,UNNAMED,2006-09-04 06:00:00+00:00,21.5,85.5,25.0,992.0,15.0,290.0,0,25.0,0.0,2006,9,4,6,0
2006247N21089,2006,UNNAMED,2006-09-04 09:00:00+00:00,21.5,85.0,25.0,992.0,11.0,300.0,0,25.0,0.0,2006,9,4,9,0
2006247N21089,2006,UNNAMED,2006-09-04 12:00:00+00:00,22.0,84.5,25.0,992.0,7.0,315.0,0,25.0,0.0,2006,9,4,12,0
2006247N21089,2006,UNNAMED,2006-09-04 15:00:00+00:00,22.0,84.5,25.0,992.0,0.0,0.0,0,25.0,0.0,2006,9,4,15,0
2006247N21089,2006,UNNAMED,2006-09-04 18:00:00+00:00,22.0,84.5,25.0,992.0,0.0,0.0,0,25.0,0.0,2006,9,4,18,0
2006262N19069,2006,MUKDA,2006-09-21 03:00:00+00:00,19.6,66.4,25.0,1004.0,3.0,265.0,398,35.0,0.0,2006,9,21,3,1
2006262N19069,2006,MUKDA,2006-09-21 06:00:00+00:00,19.6,66.3,30.0,1002.0,2.0,270.0,404,25.0,5.0,2006,9,21,6,0
2006262N19069,2006,MUKDA,2006-09-21 09:00:00+00:00,19.6,66.2,30.0,1000.0,1.0,285.0,411,30.0,0.0,2006,9,21,9,0
2006262N19069,2006,MUKDA,2006-09-21 12:00:00+00:00,19.6,66.2,30.0,1000.0,1.0,335.0,411,30.0,0.0,2006,9,21,12,0
2006262N19069,2006,MUKDA,2006-09-21 15:00:00+00:00,19.6,66.1,30.0,1000.0,1.0,0.0,411,30.0,0.0,2006,9,21,15,0
2006262N19069,2006,MUKDA,2006-09-21 18:00:00+00:00,19.7,66.2,30.0,1000.0,1.0,20.0,403,30.0,0.0,2006,9,21,18,0
2006262N19069,2006,MUKDA,2006-09-21 21:00:00+00:00,19.7,66.2,30.0,998.0,3.0,5.0,403,30.0,0.0,2006,9,21,21,1
2006262N19069,2006,MUKDA,2006-09-22 00:00:00+00:00,20.0,66.2,40.0,996.0,3.0,10.0,380,30.0,10.0,2006,9,22,0,1
2006262N19069,2006,MUKDA,2006-09-22 03:00:00+00:00,20.1,66.2,45.0,994.0,1.0,15.0,372,40.0,5.0,2006,9,22,3,0
2006262N19069,2006,MUKDA,2006-09-22 06:00:00+00:00,20.1,66.3,45.0,994.0,1.0,25.0,364,45.0,0.0,2006,9,22,6,0
2006262N19069,2006,MUKDA,2006-09-22 09:00:00+00:00,20.1,66.3,45.0,994.0,4.0,45.0,364,45.0,0.0,2006,9,22,9,0
2006262N19069,2006,MUKDA,2006-09-22 12:00:00+00:00,20.4,66.6,45.0,994.0,4.0,45.0,319,45.0,0.0,2006,9,22,12,0
2006262N19069,2006,MUKDA,2006-09-22 15:00:00+00:00,20.4,66.6,45.0,992.0,1.0,65.0,319,45.0,0.0,2006,9,22,15,0
2006262N19069,2006,MUKDA,2006-09-22 18:00:00+00:00,20.4,66.7,45.0,990.0,1.0,70.0,303,45.0,0.0,2006,9,22,18,0
2006262N19069,2006,MUKDA,2006-09-22 21:00:00+00:00,20.4,66.7,45.0,988.0,4.0,50.0,311,45.0,0.0,2006,9,22,21,0
2006262N19069,2006,MUKDA,2006-09-23 00:00:00+00:00,20.7,67.0,45.0,988.0,4.0,45.0,265,45.0,0.0,2006,9,23,0,0
2006262N19069,2006,MUKDA,2006-09-23 03:00:00+00:00,20.7,67.0,45.0,988.0,1.0,65.0,265,45.0,0.0,2006,9,23,3,0
2006262N19069,2006,MUKDA,2006-09-23 06:00:00+00:00,20.8,67.1,45.0,988.0,1.0,110.0,250,45.0,0.0,2006,9,23,6,0
2006262N19069,2006,MUKDA,2006-09-23 09:00:00+00:00,20.7,67.1,45.0,988.0,1.0,165.0,258,45.0,0.0,2006,9,23,9,1
2006262N19069,2006,MUKDA,2006-09-23 12:00:00+00:00,20.7,67.1,50.0,988.0,1.0,0.0,258,45.0,5.0,2006,9,23,12,1
2006262N19069,2006,MUKDA,2006-09-23 15:00:00+00:00,20.6,67.1,55.0,990.0,1.0,225.0,266,50.0,5.0,2006,9,23,15,0
2006262N19069,2006,MUKDA,2006-09-23 18:00:00+00:00,20.6,67.1,50.0,992.0,1.0,215.0,266,55.0,-5.0,2006,9,23,18,0
2006262N19069,2006,MUKDA,2006-09-23 21:00:00+00:00,20.6,67.0,45.0,994.0,1.0,195.0,273,50.0,-5.0,2006,9,23,21,0
2006262N19069,2006,MUKDA,2006-09-24 00:00:00+00:00,20.5,67.0,40.0,994.0,1.0,210.0,281,45.0,-5.0,2006,9,24,0,0
2006262N19069,2006,MUKDA,2006-09-24 03:00:00+00:00,20.5,67.0,35.0,996.0,2.0,195.0,281,40.0,-5.0,2006,9,24,3,0
2006262N19069,2006,MUKDA,2006-09-24 06:00:00+00:00,20.3,66.9,30.0,1000.0,3.0,185.0,304,35.0,-5.0,2006,9,24,6,0
2006262N19069,2006,MUKDA,2006-09-24 09:00:00+00:00,20.1,66.9,30.0,1002.0,4.0,0.0,321,30.0,0.0,2006,9,24,9,0
2006264N23087,2006,UNNAMED,2006-09-21 03:00:00+00:00,23.0,86.5,25.0,996.0,0.0,0.0,0,35.0,0.0,2006,9,21,3,0
2006264N23087,2006,UNNAMED,2006-09-21 06:00:00+00:00,23.0,86.5,25.0,996.0,0.0,0.0,0,25.0,0.0,2006,9,21,6,0
2006264N23087,2006,UNNAMED,2006-09-21 09:00:00+00:00,23.0,86.5,25.0,996.0,0.0,0.0,0,25.0,0.0,2006,9,21,9,0
2006264N23087,2006,UNNAMED,2006-09-21 12:00:00+00:00,23.0,86.5,25.0,996.0,0.0,0.0,0,25.0,0.0,2006,9,21,12,0
2006264N23087,2006,UNNAMED,2006-09-21 15:00:00+00:00,23.0,86.5,25.0,996.0,0.0,0.0,0,25.0,0.0,2006,9,21,15,0
2006264N23087,2006,UNNAMED,2006-09-21 18:00:00+00:00,23.0,86.5,25.0,996.0,0.0,0.0,0,25.0,0.0,2006,9,21,18,0
2006264N23087,2006,UNNAMED,2006-09-21 21:00:00+00:00,23.0,86.5,25.0,996.0,7.0,315.0,0,25.0,0.0,2006,9,21,21,0
2006264N23087,2006,UNNAMED,2006-09-22 00:00:00+00:00,23.5,86.0,25.0,996.0,7.0,315.0,0,25.0,0.0,2006,9,22,0,0
2006264N23087,2006,UNNAMED,2006-09-22 03:00:00+00:00,23.5,86.0,25.0,996.0,0.0,0.0,0,25.0,0.0,2006,9,22,3,0
2006264N23087,2006,UNNAMED,2006-09-22 06:00:00+00:00,23.5,86.0,25.0,996.0,0.0,0.0,0,25.0,0.0,2006,9,22,6,0
2006264N23087,2006,UNNAMED,2006-09-22 09:00:00+00:00,23.5,86.0,25.0,996.0,0.0,0.0,0,25.0,0.0,2006,9,22,9,0
2006264N23087,2006,UNNAMED,2006-09-22 12:00:00+00:00,23.5,86.0,25.0,996.0,0.0,0.0,0,25.0,0.0,2006,9,22,12,0
2006264N23087,2006,UNNAMED,2006-09-22 15:00:00+00:00,23.5,86.0,25.0,996.0,0.0,0.0,0,25.0,0.0,2006,9,22,15,0
2006264N23087,2006,UNNAMED,2006-09-22 18:00:00+00:00,23.5,86.0,25.0,996.0,0.0,0.0,0,25.0,0.0,2006,9,22,18,0
2006264N23087,2006,UNNAMED,2006-09-22 21:00:00+00:00,23.5,86.0,25.0,996.0,0.0,0.0,0,25.0,0.0,2006,9,22,21,0
2006264N23087,2006,UNNAMED,2006-09-23 00:00:00+00:00,23.5,86.0,25.0,996.0,5.0,270.0,0,25.0,0.0,2006,9,23,0,0
2006264N23087,2006,UNNAMED,2006-09-23 03:00:00+00:00,23.5,85.5,25.0,996.0,5.0,270.0,0,25.0,0.0,2006,9,23,3,0
2006264N23087,2006,UNNAMED,2006-09-23 06:00:00+00:00,23.5,85.5,25.0,996.0,0.0,0.0,0,25.0,0.0,2006,9,23,6,0
2006264N23087,2006,UNNAMED,2006-09-23 09:00:00+00:00,23.5,85.5,25.0,996.0,0.0,0.0,0,25.0,0.0,2006,9,23,9,0
2006264N23087,2006,UNNAMED,2006-09-23 12:00:00+00:00,23.5,85.5,25.0,996.0,0.0,0.0,0,25.0,0.0,2006,9,23,12,0
2006264N23087,2006,UNNAMED,2006-09-23 15:00:00+00:00,23.5,85.5,25.0,996.0,0.0,0.0,0,25.0,0.0,2006,9,23,15,0
2006264N23087,2006,UNNAMED,2006-09-23 18:00:00+00:00,23.5,85.5,25.0,996.0,0.0,0.0,0,25.0,0.0,2006,9,23,18,0
2006264N23087,2006,UNNAMED,2006-09-23 21:00:00+00:00,23.5,85.5,25.0,996.0,0.0,0.0,0,25.0,0.0,2006,9,23,21,0
2006271N18089,2006,UNNAMED,2006-09-28 09:00:00+00:00,18.1,88.2,25.0,1002.0,7.0,305.0,284,35.0,0.0,2006,9,28,9,0
2006271N18089,2006,UNNAMED,2006-09-28 12:00:00+00:00,18.4,87.9,25.0,1002.0,7.0,295.0,238,25.0,0.0,2006,9,28,12,0
2006271N18089,2006,UNNAMED,2006-09-28 15:00:00+00:00,18.4,87.5,25.0,1002.0,7.0,280.0,213,25.0,0.0,2006,9,28,15,0
2006271N18089,2006,UNNAMED,2006-09-28 18:00:00+00:00,18.5,87.2,25.0,1002.0,8.0,295.0,187,25.0,0.0,2006,9,28,18,0
2006271N18089,2006,UNNAMED,2006-09-28 21:00:00+00:00,18.8,86.7,25.0,1002.0,9.0,295.0,137,25.0,0.0,2006,9,28,21,0
2006271N18089,2006,UNNAMED,2006-09-29 00:00:00+00:00,18.9,86.3,25.0,1002.0,8.0,275.0,113,25.0,0.0,2006,9,29,0,0
2006271N18089,2006,UNNAMED,2006-09-29 03:00:00+00:00,18.9,85.9,25.0,1002.0,8.0,275.0,94,25.0,0.0,2006,9,29,3,0
2006271N18089,2006,UNNAMED,2006-09-29 06:00:00+00:00,19.0,85.5,25.0,1002.0,9.0,280.0,64,25.0,0.0,2006,9,29,6,0
2006271N18089,2006,UNNAMED,2006-09-29 09:00:00+00:00,19.0,85.0,25.0,1002.0,9.0,280.0,30,25.0,0.0,2006,9,29,9,0
2006271N18089,2006,UNNAMED,2006-09-29 12:00:00+00:00,19.1,84.5,25.0,1002.0,7.0,280.0,0,25.0,0.0,2006,9,29,12,0
2006271N18089,2006,UNNAMED,2006-09-29 15:00:00+00:00,19.2,84.2,25.0,1002.0,5.0,280.0,0,25.0,0.0,2006,9,29,15,0
2006271N18089,2006,UNNAMED,2006-09-29 18:00:00+00:00,19.2,84.0,25.0,1002.0,8.0,270.0,0,25.0,0.0,2006,9,29,18,0
2006271N18089,2006,UNNAMED,2006-09-29 21:00:00+00:00,19.2,83.4,25.0,1002.0,11.0,280.0,0,25.0,0.0,2006,9,29,21,0
2006300N07078,2006,UNNAMED,2006-10-29 00:00:00+00:00,14.2,80.5,25.0,1002.0,9.0,0.0,43,35.0,0.0,2006,10,29,0,0
2006300N07078,2006,UNNAMED,2006-10-29 03:00:00+00:00,14.5,80.5,25.0,1002.0,5.0,0.0,34,25.0,0.0,2006,10,29,3,0
2006300N07078,2006,UNNAMED,2006-10-29 06:00:00+00:00,14.7,80.5,25.0,1002.0,5.0,360.0,34,25.0,0.0,2006,10,29,6,1
2006300N07078,2006,UNNAMED,2006-10-29 09:00:00+00:00,15.0,80.5,30.0,1000.0,4.0,0.0,48,25.0,5.0,2006,10,29,9,1
2006300N07078,2006,UNNAMED,2006-10-29 12:00:00+00:00,15.1,80.5,35.0,998.0,2.0,355.0,48,30.0,5.0,2006,10,29,12,0
2006300N07078,2006,UNNAMED,2006-10-29 15:00:00+00:00,15.2,80.5,35.0,998.0,4.0,355.0,44,35.0,0.0,2006,10,29,15,0
2006300N07078,2006,UNNAMED,2006-10-29 18:00:00+00:00,15.5,80.5,35.0,998.0,4.0,355.0,30,35.0,0.0,2006,10,29,18,0
2006300N07078,2006,UNNAMED,2006-10-29 21:00:00+00:00,15.6,80.4,35.0,998.0,1.0,345.0,15,35.0,0.0,2006,10,29,21,0
2006300N07078,2006,UNNAMED,2006-10-30 00:00:00+00:00,15.6,80.4,35.0,998.0,2.0,315.0,15,35.0,0.0,2006,10,30,0,0
2006300N07078,2006,UNNAMED,2006-10-30 03:00:00+00:00,15.7,80.2,35.0,1000.0,3.0,315.0,0,35.0,0.0,2006,10,30,3,0
2006300N07078,2006,UNNAMED,2006-10-30 06:00:00+00:00,15.8,80.2,30.0,1002.0,2.0,320.0,0,35.0,-5.0,2006,10,30,6,0
2006329N06150,2006,DURIAN,2006-11-26 12:00:00+00:00,10.2,141.7,35.0,1000.0,11.0,280.0,1377,35.0,0.0,2006,11,26,12,0
2006329N06150,2006,DURIAN,2006-11-26 18:00:00+00:00,10.3,140.6,35.0,1000.0,10.0,275.0,1348,35.0,0.0,2006,11,26,18,1
2006329N06150,2006,DURIAN,2006-11-27 00:00:00+00:00,10.3,139.7,40.0,1000.0,9.0,280.0,1313,35.0,5.0,2006,11,27,0,0
2006329N06150,2006,DURIAN,2006-11-27 06:00:00+00:00,10.5,138.7,40.0,998.0,10.0,280.0,1301,40.0,0.0,2006,11,27,6,1
2006329N06150,2006,DURIAN,2006-11-27 12:00:00+00:00,10.7,137.7,45.0,994.0,12.0,275.0,1264,40.0,5.0,2006,11,27,12,1
2006329N06150,2006,DURIAN,2006-11-27 18:00:00+00:00,10.8,136.3,50.0,990.0,16.0,280.0,1119,45.0,5.0,2006,11,27,18,0
2006329N06150,2006,DURIAN,2006-11-28 00:00:00+00:00,11.3,134.6,50.0,985.0,17.0,290.0,949,50.0,0.0,2006,11,28,0,1
2006329N06150,2006,DURIAN,2006-11-28 06:00:00+00:00,11.8,133.1,55.0,980.0,15.0,285.0,801,50.0,5.0,2006,11,28,6,1
2006329N06150,2006,DURIAN,2006-11-28 12:00:00+00:00,12.2,131.6,60.0,975.0,15.0,285.0,646,55.0,5.0,2006,11,28,12,1
2006329N06150,2006,DURIAN,2006-11-28 18:00:00+00:00,12.6,130.1,70.0,965.0,15.0,285.0,501,60.0,10.0,2006,11,28,18,1
2006329N06150,2006,DURIAN,2006-11-29 00:00:00+00:00,12.9,128.6,80.0,950.0,14.0,280.0,345,70.0,10.0,2006,11,29,0,1
2006329N06150,2006,DURIAN,2006-11-29 06:00:00+00:00,13.2,127.3,100.0,925.0,11.0,280.0,225,80.0,20.0,2006,11,29,6,1
2006329N06150,2006,DURIAN,2006-11-29 12:00:00+00:00,13.3,126.4,105.0,915.0,9.0,275.0,156,100.0,5.0,2006,11,29,12,0
2006329N06150,2006,DURIAN,2006-11-29 18:00:00+00:00,13.4,125.4,100.0,925.0,8.0,275.0,103,105.0,-5.0,2006,11,29,18,0
2006329N06150,2006,DURIAN,2006-11-30 00:00:00+00:00,13.4,124.6,90.0,940.0,9.0,270.0,39,100.0,-10.0,2006,11,30,0,0
2006329N06150,2006,DURIAN,2006-11-30 06:00:00+00:00,13.4,123.6,90.0,940.0,11.0,275.0,0,90.0,0.0,2006,11,30,6,0
2006329N06150,2006,DURIAN,2006-11-30 12:00:00+00:00,13.5,122.4,80.0,950.0,12.0,270.0,0,90.0,-10.0,2006,11,30,12,0
2006329N06150,2006,DURIAN,2006-11-30 18:00:00+00:00,13.5,121.2,75.0,960.0,12.0,270.0,11,80.0,-5.0,2006,11,30,18,0
2006329N06150,2006,DURIAN,2006-12-01 00:00:00+00:00,13.6,120.1,75.0,960.0,9.0,275.0,31,75.0,0.0,2006,12,1,0,0
2006329N06150,2006,DURIAN,2006-12-01 06:00:00+00:00,13.6,119.3,70.0,965.0,7.0,270.0,110,75.0,-5.0,2006,12,1,6,0
2006329N06150,2006,DURIAN,2006-12-01 12:00:00+00:00,13.6,118.6,70.0,965.0,8.0,265.0,185,70.0,0.0,2006,12,1,12,0
2006329N06150,2006,DURIAN,2006-12-01 18:00:00+00:00,13.5,117.8,70.0,965.0,8.0,275.0,270,70.0,0.0,2006,12,1,18,0
2006329N06150,2006,DURIAN,2006-12-02 00:00:00+00:00,13.6,117.0,70.0,965.0,7.0,280.0,357,70.0,0.0,2006,12,2,0,0
2006329N06150,2006,DURIAN,2006-12-02 06:00:00+00:00,13.7,116.4,70.0,965.0,7.0,280.0,417,70.0,0.0,2006,12,2,6,0
2006329N06150,2006,DURIAN,2006-12-02 12:00:00+00:00,13.9,115.6,70.0,965.0,8.0,280.0,492,70.0,0.0,2006,12,2,12,1
2006329N06150,2006,DURIAN,2006-12-02 18:00:00+00:00,13.9,114.7,75.0,960.0,8.0,270.0,573,70.0,5.0,2006,12,2,18,0
2006329N06150,2006,DURIAN,2006-12-03 00:00:00+00:00,13.8,114.0,75.0,955.0,7.0,265.0,497,75.0,0.0,2006,12,3,0,0
2006329N06150,2006,DURIAN,2006-12-03 06:00:00+00:00,13.7,113.3,75.0,955.0,6.0,255.0,421,75.0,0.0,2006,12,3,6,0
2006329N06150,2006,DURIAN,2006-12-03 12:00:00+00:00,13.5,112.8,75.0,955.0,6.0,240.0,363,75.0,0.0,2006,12,3,12,0
2006329N06150,2006,DURIAN,2006-12-03 18:00:00+00:00,13.1,112.1,75.0,960.0,8.0,240.0,282,75.0,0.0,2006,12,3,18,0
2006329N06150,2006,DURIAN,2006-12-04 00:00:00+00:00,12.6,111.3,65.0,970.0,11.0,230.0,195,75.0,-10.0,2006,12,4,0,0
2006329N06150,2006,DURIAN,2006-12-04 06:00:00+00:00,11.7,110.4,60.0,980.0,12.0,225.0,121,65.0,-5.0,2006,12,4,6,0
2006329N06150,2006,DURIAN,2006-12-04 12:00:00+00:00,11.0,109.6,60.0,980.0,12.0,240.0,79,60.0,0.0,2006,12,4,12,0
2006329N06150,2006,DURIAN,2006-12-04 18:00:00+00:00,10.4,108.4,60.0,980.0,14.0,250.0,55,60.0,0.0,2006,12,4,18,0
2007133N15091,2007,AKASH,2007-05-12 21:00:00+00:00,15.0,90.5,25.0,998.0,6.0,130.0,412,35.0,0.0,2007,5,12,21,0
2007133N15091,2007,AKASH,2007-05-13 00:00:00+00:00,14.8,90.7,25.0,998.0,3.0,115.0,398,25.0,0.0,2007,5,13,0,0
2007133N15091,2007,AKASH,2007-05-13 03:00:00+00:00,14.9,90.8,25.0,996.0,5.0,15.0,384,25.0,0.0,2007,5,13,3,0
2007133N15091,2007,AKASH,2007-05-13 06:00:00+00:00,15.2,90.8,25.0,996.0,5.0,10.0,375,25.0,0.0,2007,5,13,6,0
2007133N15091,2007,AKASH,2007-05-13 09:00:00+00:00,15.4,90.9,25.0,996.0,3.0,0.0,359,25.0,0.0,2007,5,13,9,0
2007133N15091,2007,AKASH,2007-05-13 12:00:00+00:00,15.6,90.9,25.0,996.0,6.0,0.0,356,25.0,0.0,2007,5,13,12,1
2007133N15091,2007,AKASH,2007-05-13 15:00:00+00:00,16.0,90.9,30.0,994.0,6.0,5.0,352,25.0,5.0,2007,5,13,15,0
2007133N15091,2007,AKASH,2007-05-13 18:00:00+00:00,16.2,90.9,30.0,994.0,8.0,30.0,353,30.0,0.0,2007,5,13,18,1
2007133N15091,2007,AKASH,2007-05-13 21:00:00+00:00,16.6,91.3,35.0,990.0,11.0,25.0,316,30.0,5.0,2007,5,13,21,1
2007133N15091,2007,AKASH,2007-05-14 00:00:00+00:00,17.2,91.4,45.0,988.0,14.0,15.0,315,35.0,10.0,2007,5,14,0,0
2007133N15091,2007,AKASH,2007-05-14 03:00:00+00:00,17.9,91.6,45.0,988.0,16.0,10.0,253,45.0,0.0,2007,5,14,3,0
2007133N15091,2007,AKASH,2007-05-14 06:00:00+00:00,18.8,91.6,45.0,988.0,14.0,0.0,199,45.0,0.0,2007,5,14,6,0
2007133N15091,2007,AKASH,2007-05-14 09:00:00+00:00,19.3,91.7,45.0,988.0,12.0,15.0,152,45.0,0.0,2007,5,14,9,0
2007133N15091,2007,AKASH,2007-05-14 12:00:00+00:00,19.9,91.9,45.0,988.0,13.0,15.0,94,45.0,0.0,2007,5,14,12,0
2007151N14072,2007,GONU,2007-06-01 18:00:00+00:00,15.1,68.2,25.0,1002.0,4.0,270.0,567,35.0,0.0,2007,6,1,18,0
2007151N14072,2007,GONU,2007-06-01 21:00:00+00:00,15.1,68.0,25.0,1002.0,3.0,265.0,588,25.0,0.0,2007,6,1,21,0
2007151N14072,2007,GONU,2007-06-02 00:00:00+00:00,15.1,67.9,25.0,1002.0,5.0,265.0,598,25.0,0.0,2007,6,2,0,1
2007151N14072,2007,GONU,2007-06-02 03:00:00+00:00,15.0,67.5,30.0,1000.0,6.0,270.0,643,25.0,5.0,2007,6,2,3,1
2007151N14072,2007,GONU,2007-06-02 09:00:00+00:00,15.1,67.1,35.0,998.0,2.0,310.0,681,30.0,5.0,2007,6,2,9,1
2007151N14072,2007,GONU,2007-06-02 12:00:00+00:00,15.2,67.1,45.0,992.0,1.0,350.0,679,35.0,10.0,2007,6,2,12,0
2007151N14072,2007,GONU,2007-06-02 15:00:00+00:00,15.2,67.1,45.0,992.0,1.0,15.0,679,45.0,0.0,2007,6,2,15,0
2007151N14072,2007,GONU,2007-06-02 18:00:00+00:00,15.3,67.1,45.0,992.0,2.0,315.0,676,45.0,0.0,2007,6,2,18,0
2007151N14072,2007,GONU,2007-06-02 21:00:00+00:00,15.4,66.9,45.0,992.0,5.0,350.0,695,45.0,0.0,2007,6,2,21,1
2007151N14072,2007,GONU,2007-06-03 00:00:00+00:00,15.8,67.0,55.0,988.0,6.0,15.0,677,45.0,10.0,2007,6,3,0,0
2007151N14072,2007,GONU,2007-06-03 03:00:00+00:00,16.0,67.1,55.0,988.0,7.0,5.0,654,55.0,0.0,2007,6,3,3,0
2007151N14072,2007,GONU,2007-06-03 06:00:00+00:00,16.5,67.1,55.0,988.0,9.0,350.0,608,55.0,0.0,2007,6,3,6,0
2007151N14072,2007,GONU,2007-06-03 09:00:00+00:00,16.9,66.9,55.0,988.0,11.0,340.0,584,55.0,0.0,2007,6,3,9,0
2007151N14072,2007,GONU,2007-06-03 12:00:00+00:00,17.5,66.7,55.0,988.0,9.0,335.0,545,55.0,0.0,2007,6,3,12,0
2007151N14072,2007,GONU,2007-06-03 15:00:00+00:00,17.6,66.5,55.0,988.0,8.0,310.0,551,55.0,0.0,2007,6,3,15,1
2007151N14072,2007,GONU,2007-06-03 18:00:00+00:00,18.0,66.1,65.0,980.0,8.0,315.0,550,55.0,10.0,2007,6,3,18,0
2007151N14072,2007,GONU,2007-06-03 21:00:00+00:00,18.1,65.9,65.0,980.0,9.0,305.0,557,65.0,0.0,2007,6,3,21,1
2007151N14072,2007,GONU,2007-06-04 00:00:00+00:00,18.6,65.3,77.0,974.0,9.0,305.0,558,65.0,12.0,2007,6,4,0,1
2007151N14072,2007,GONU,2007-06-04 03:00:00+00:00,18.7,65.1,90.0,960.0,8.0,315.0,564,77.0,13.0,2007,6,4,3,1
2007151N14072,2007,GONU,2007-06-04 06:00:00+00:00,19.1,64.7,102.0,952.0,10.0,325.0,564,90.0,12.0,2007,6,4,6,1
2007151N14072,2007,GONU,2007-06-04 09:00:00+00:00,19.5,64.5,115.0,934.0,11.0,325.0,553,102.0,13.0,2007,6,4,9,0
2007151N14072,2007,GONU,2007-06-04 12:00:00+00:00,20.0,64.1,115.0,934.0,9.0,315.0,509,115.0,0.0,2007,6,4,12,1
2007151N14072,2007,GONU,2007-06-04 15:00:00+00:00,20.1,63.8,127.0,920.0,8.0,310.0,476,115.0,12.0,2007,6,4,15,0
2007151N14072,2007,GONU,2007-06-04 18:00:00+00:00,20.5,63.4,127.0,920.0,8.0,305.0,418,127.0,0.0,2007,6,4,18,0
2007151N14072,2007,GONU,2007-06-04 21:00:00+00:00,20.6,63.2,115.0,935.0,6.0,285.0,394,127.0,-12.0,2007,6,4,21,0
2007151N14072,2007,GONU,2007-06-05 00:00:00+00:00,20.7,62.8,115.0,936.0,12.0,290.0,352,115.0,0.0,2007,6,5,0,0
2007151N14072,2007,GONU,2007-06-05 03:00:00+00:00,21.0,62.0,115.0,936.0,13.0,305.0,264,115.0,0.0,2007,6,5,3,0
2007151N14072,2007,GONU,2007-06-05 06:00:00+00:00,21.4,61.6,102.0,950.0,9.0,300.0,206,115.0,-13.0,2007,6,5,6,0
2007151N14072,2007,GONU,2007-06-05 09:00:00+00:00,21.4,61.2,102.0,950.0,6.0,290.0,169,102.0,0.0,2007,6,5,9,0
2007151N14072,2007,GONU,2007-06-05 12:00:00+00:00,21.6,61.1,90.0,960.0,5.0,330.0,149,102.0,-12.0,2007,6,5,12,0
2007151N14072,2007,GONU,2007-06-05 15:00:00+00:00,21.9,60.9,77.0,970.0,6.0,315.0,118,90.0,-13.0,2007,6,5,15,0
2007151N14072,2007,GONU,2007-06-05 18:00:00+00:00,22.0,60.6,77.0,970.0,7.0,315.0,85,77.0,0.0,2007,6,5,18,0
2007151N14072,2007,GONU,2007-06-05 21:00:00+00:00,22.4,60.4,77.0,970.0,9.0,305.0,61,77.0,0.0,2007,6,5,21,0
2007151N14072,2007,GONU,2007-06-06 00:00:00+00:00,22.6,59.8,77.0,970.0,11.0,300.0,22,77.0,0.0,2007,6,6,0,0
2007151N14072,2007,GONU,2007-06-06 03:00:00+00:00,22.9,59.4,77.0,970.0,8.0,345.0,20,77.0,0.0,2007,6,6,3,0
2007151N14072,2007,GONU,2007-06-06 06:00:00+00:00,23.3,59.5,77.0,970.0,6.0,5.0,52,77.0,0.0,2007,6,6,6,0
2007151N14072,2007,GONU,2007-06-06 09:00:00+00:00,23.5,59.4,77.0,970.0,7.0,330.0,52,77.0,0.0,2007,6,6,9,0
2007151N14072,2007,GONU,2007-06-06 12:00:00+00:00,23.9,59.1,77.0,970.0,7.0,330.0,54,77.0,0.0,2007,6,6,12,0
2007151N14072,2007,GONU,2007-06-06 15:00:00+00:00,24.1,59.0,77.0,970.0,6.0,345.0,70,77.0,0.0,2007,6,6,15,0
2007151N14072,2007,GONU,2007-06-06 18:00:00+00:00,24.5,59.0,65.0,978.0,8.0,345.0,101,77.0,-12.0,2007,6,6,18,0
2007151N14072,2007,GONU,2007-06-06 21:00:00+00:00,24.8,58.8,55.0,984.0,5.0,320.0,73,65.0,-10.0,2007,6,6,21,0
2007151N14072,2007,GONU,2007-06-07 00:00:00+00:00,24.9,58.6,45.0,988.0,4.0,290.0,73,55.0,-10.0,2007,6,7,0,0
2007172N15088,2007,UNNAMED,2007-06-25 03:00:00+00:00,22.7,67.6,25.0,992.0,10.0,325.0,116,35.0,0.0,2007,6,25,3,0
2007172N15088,2007,UNNAMED,2007-06-25 06:00:00+00:00,23.1,67.4,25.0,992.0,8.0,315.0,80,25.0,0.0,2007,6,25,6,0
2007172N15088,2007,UNNAMED,2007-06-25 09:00:00+00:00,23.3,67.0,25.0,990.0,9.0,300.0,82,25.0,0.0,2007,6,25,9,1
2007172N15088,2007,UNNAMED,2007-06-25 12:00:00+00:00,23.6,66.6,30.0,988.0,7.0,310.0,92,25.0,5.0,2007,6,25,12,0
2007172N15088,2007,UNNAMED,2007-06-25 15:00:00+00:00,23.8,66.4,30.0,988.0,7.0,315.0,104,30.0,0.0,2007,6,25,15,0
2007172N15088,2007,UNNAMED,2007-06-25 18:00:00+00:00,24.0,66.0,30.0,988.0,8.0,315.0,114,30.0,0.0,2007,6,25,18,1
2007172N15088,2007,UNNAMED,2007-06-25 21:00:00+00:00,24.3,65.8,35.0,986.0,10.0,320.0,106,30.0,5.0,2007,6,25,21,0
2007314N10093,2007,SIDR,2007-11-11 09:00:00+00:00,10.1,92.1,25.0,1004.0,3.0,275.0,609,35.0,0.0,2007,11,11,9,0
2007314N10093,2007,SIDR,2007-11-11 12:00:00+00:00,10.1,91.9,25.0,1004.0,2.0,275.0,621,25.0,0.0,2007,11,11,12,0
2007314N10093,2007,SIDR,2007-11-11 15:00:00+00:00,10.1,91.8,25.0,1004.0,5.0,300.0,628,25.0,0.0,2007,11,11,15,1
2007314N10093,2007,SIDR,2007-11-11 18:00:00+00:00,10.4,91.5,30.0,1002.0,6.0,300.0,674,25.0,5.0,2007,11,11,18,0
2007314N10093,2007,SIDR,2007-11-11 21:00:00+00:00,10.4,91.3,30.0,1002.0,3.0,280.0,688,30.0,0.0,2007,11,11,21,0
2007314N10093,2007,SIDR,2007-11-12 00:00:00+00:00,10.5,91.2,30.0,1002.0,5.0,280.0,687,30.0,0.0,2007,11,12,0,1
2007314N10093,2007,SIDR,2007-11-12 03:00:00+00:00,10.5,90.8,35.0,1002.0,8.0,300.0,710,30.0,5.0,2007,11,12,3,1
2007314N10093,2007,SIDR,2007-11-12 06:00:00+00:00,10.9,90.5,40.0,998.0,6.0,320.0,692,35.0,5.0,2007,11,12,6,1
2007314N10093,2007,SIDR,2007-11-12 09:00:00+00:00,10.9,90.4,45.0,996.0,6.0,325.0,698,40.0,5.0,2007,11,12,9,1
2007314N10093,2007,SIDR,2007-11-12 12:00:00+00:00,11.3,90.1,55.0,992.0,6.0,325.0,685,45.0,10.0,2007,11,12,12,0
2007314N10093,2007,SIDR,2007-11-12 15:00:00+00:00,11.4,90.0,55.0,992.0,3.0,340.0,684,55.0,0.0,2007,11,12,15,1
2007314N10093,2007,SIDR,2007-11-12 18:00:00+00:00,11.6,90.0,65.0,986.0,2.0,345.0,668,55.0,10.0,2007,11,12,18,1
2007314N10093,2007,SIDR,2007-11-12 21:00:00+00:00,11.6,90.0,80.0,980.0,5.0,325.0,668,65.0,15.0,2007,11,12,21,1
2007314N10093,2007,SIDR,2007-11-13 00:00:00+00:00,12.0,89.7,90.0,968.0,6.0,330.0,660,80.0,10.0,2007,11,13,0,0
2007314N10093,2007,SIDR,2007-11-13 03:00:00+00:00,12.1,89.7,90.0,968.0,3.0,345.0,652,90.0,0.0,2007,11,13,3,0
2007314N10093,2007,SIDR,2007-11-13 06:00:00+00:00,12.3,89.7,90.0,968.0,8.0,355.0,638,90.0,0.0,2007,11,13,6,0
2007314N10093,2007,SIDR,2007-11-13 09:00:00+00:00,12.9,89.6,90.0,964.0,8.0,355.0,604,90.0,0.0,2007,11,13,9,0
2007314N10093,2007,SIDR,2007-11-13 12:00:00+00:00,13.0,89.6,90.0,964.0,3.0,345.0,598,90.0,0.0,2007,11,13,12,0
2007314N10093,2007,SIDR,2007-11-13 15:00:00+00:00,13.2,89.5,90.0,964.0,6.0,355.0,595,90.0,0.0,2007,11,13,15,0
2007314N10093,2007,SIDR,2007-11-13 18:00:00+00:00,13.6,89.5,90.0,964.0,8.0,355.0,572,90.0,0.0,2007,11,13,18,0
2007314N10093,2007,SIDR,2007-11-13 21:00:00+00:00,14.0,89.5,90.0,964.0,8.0,355.0,552,90.0,0.0,2007,11,13,21,0
2007314N10093,2007,SIDR,2007-11-14 00:00:00+00:00,14.4,89.5,90.0,964.0,6.0,355.0,535,90.0,0.0,2007,11,14,0,0
2007314N10093,2007,SIDR,2007-11-14 03:00:00+00:00,14.6,89.4,90.0,964.0,6.0,355.0,538,90.0,0.0,2007,11,14,3,0
2007314N10093,2007,SIDR,2007-11-14 06:00:00+00:00,15.0,89.4,90.0,964.0,9.0,355.0,526,90.0,0.0,2007,11,14,6,0
2007314N10093,2007,SIDR,2007-11-14 09:00:00+00:00,15.4,89.4,90.0,964.0,10.0,340.0,518,90.0,0.0,2007,11,14,9,0
2007314N10093,2007,SIDR,2007-11-14 12:00:00+00:00,15.9,89.1,90.0,964.0,7.0,335.0,540,90.0,0.0,2007,11,14,12,0
2007314N10093,2007,SIDR,2007-11-14 15:00:00+00:00,16.1,89.1,90.0,964.0,7.0,0.0,521,90.0,0.0,2007,11,14,15,1
2007314N10093,2007,SIDR,2007-11-14 18:00:00+00:00,16.6,89.1,105.0,956.0,10.0,0.0,475,90.0,15.0,2007,11,14,18,0
2007314N10093,2007,SIDR,2007-11-14 21:00:00+00:00,17.1,89.1,105.0,956.0,11.0,0.0,431,105.0,0.0,2007,11,14,21,0
2007314N10093,2007,SIDR,2007-11-15 00:00:00+00:00,17.7,89.1,105.0,956.0,12.0,0.0,383,105.0,0.0,2007,11,15,0,1
2007314N10093,2007,SIDR,2007-11-15 03:00:00+00:00,18.3,89.1,115.0,944.0,18.0,0.0,336,105.0,10.0,2007,11,15,3,0
2007314N10093,2007,SIDR,2007-11-15 06:00:00+00:00,19.4,89.1,115.0,944.0,18.0,0.0,234,115.0,0.0,2007,11,15,6,0
2007314N10093,2007,SIDR,2007-11-15 09:00:00+00:00,20.1,89.1,115.0,944.0,16.0,5.0,167,115.0,0.0,2007,11,15,9,0
2007314N10093,2007,SIDR,2007-11-15 12:00:00+00:00,21.0,89.2,115.0,944.0,16.0,15.0,67,115.0,0.0,2007,11,15,12,0
2008117N11090,2008,NARGIS,2008-04-27 03:00:00+00:00,11.7,86.6,25.0,1000.0,3.0,320.0,679,35.0,0.0,2008,4,27,3,0
2008117N11090,2008,NARGIS,2008-04-27 06:00:00+00:00,11.8,86.5,25.0,998.0,4.0,310.0,676,25.0,0.0,2008,4,27,6,0
2008117N11090,2008,NARGIS,2008-04-27 09:00:00+00:00,12.0,86.3,25.0,998.0,4.0,315.0,665,25.0,0.0,2008,4,27,9,1
2008117N11090,2008,NARGIS,2008-04-27 12:00:00+00:00,12.1,86.2,30.0,998.0,3.0,330.0,653,25.0,5.0,2008,4,27,12,0
2008117N11090,2008,NARGIS,2008-04-27 15:00:00+00:00,12.2,86.1,30.0,994.0,5.0,320.0,640,30.0,0.0,2008,4,27,15,0
2008117N11090,2008,NARGIS,2008-04-27 18:00:00+00:00,12.5,85.9,30.0,994.0,9.0,320.0,600,30.0,0.0,2008,4,27,18,0
2008117N11090,2008,NARGIS,2008-04-27 21:00:00+00:00,12.8,85.6,30.0,994.0,5.0,325.0,554,30.0,0.0,2008,4,27,21,1
2008117N11090,2008,NARGIS,2008-04-28 00:00:00+00:00,12.9,85.6,35.0,994.0,2.0,0.0,545,30.0,5.0,2008,4,28,0,1
2008117N11090,2008,NARGIS,2008-04-28 03:00:00+00:00,13.0,85.6,40.0,994.0,2.0,0.0,536,35.0,5.0,2008,4,28,3,1
2008117N11090,2008,NARGIS,2008-04-28 06:00:00+00:00,13.1,85.6,45.0,990.0,1.0,275.0,528,40.0,5.0,2008,4,28,6,1
2008117N11090,2008,NARGIS,2008-04-28 09:00:00+00:00,13.0,85.5,55.0,986.0,2.0,235.0,529,45.0,10.0,2008,4,28,9,0
2008117N11090,2008,NARGIS,2008-04-28 12:00:00+00:00,13.0,85.4,55.0,986.0,1.0,280.0,523,55.0,0.0,2008,4,28,12,0
2008117N11090,2008,NARGIS,2008-04-28 15:00:00+00:00,13.0,85.4,55.0,986.0,2.0,0.0,523,55.0,0.0,2008,4,28,15,0
2008117N11090,2008,NARGIS,2008-04-28 18:00:00+00:00,13.1,85.4,55.0,986.0,2.0,35.0,514,55.0,0.0,2008,4,28,18,0
2008117N11090,2008,NARGIS,2008-04-28 21:00:00+00:00,13.1,85.5,55.0,986.0,2.0,70.0,521,55.0,0.0,2008,4,28,21,0
2008117N11090,2008,NARGIS,2008-04-29 00:00:00+00:00,13.2,85.6,55.0,986.0,2.0,30.0,520,55.0,0.0,2008,4,29,0,1
2008117N11090,2008,NARGIS,2008-04-29 03:00:00+00:00,13.3,85.6,65.0,980.0,2.0,30.0,512,55.0,10.0,2008,4,29,3,0
2008117N11090,2008,NARGIS,2008-04-29 06:00:00+00:00,13.3,85.7,65.0,980.0,1.0,75.0,519,65.0,0.0,2008,4,29,6,0
2008117N11090,2008,NARGIS,2008-04-29 09:00:00+00:00,13.4,85.7,65.0,980.0,5.0,25.0,511,65.0,0.0,2008,4,29,9,0
2008117N11090,2008,NARGIS,2008-04-29 12:00:00+00:00,13.8,85.9,65.0,980.0,5.0,25.0,497,65.0,0.0,2008,4,29,12,0
2008117N11090,2008,NARGIS,2008-04-29 15:00:00+00:00,13.9,86.0,65.0,980.0,3.0,40.0,498,65.0,0.0,2008,4,29,15,0
2008117N11090,2008,NARGIS,2008-04-29 18:00:00+00:00,14.0,86.1,65.0,980.0,4.0,55.0,500,65.0,0.0,2008,4,29,18,0
2008117N11090,2008,NARGIS,2008-04-29 21:00:00+00:00,14.1,86.3,65.0,980.0,4.0,55.0,512,65.0,0.0,2008,4,29,21,0
2008117N11090,2008,NARGIS,2008-04-30 00:00:00+00:00,14.2,86.4,65.0,980.0,5.0,35.0,511,65.0,0.0,2008,4,30,0,0
2008117N11090,2008,NARGIS,2008-04-30 03:00:00+00:00,14.5,86.7,65.0,980.0,6.0,45.0,507,65.0,0.0,2008,4,30,3,0
2008117N11090,2008,NARGIS,2008-04-30 06:00:00+00:00,14.6,86.8,65.0,980.0,5.0,70.0,504,65.0,0.0,2008,4,30,6,0
2008117N11090,2008,NARGIS,2008-04-30 09:00:00+00:00,14.7,87.1,65.0,980.0,5.0,75.0,514,65.0,0.0,2008,4,30,9,0
2008117N11090,2008,NARGIS,2008-04-30 12:00:00+00:00,14.8,87.3,65.0,980.0,7.0,55.0,519,65.0,0.0,2008,4,30,12,0
2008117N11090,2008,NARGIS,2008-04-30 15:00:00+00:00,15.1,87.7,65.0,980.0,7.0,55.0,524,65.0,0.0,2008,4,30,15,0
2008117N11090,2008,NARGIS,2008-04-30 18:00:00+00:00,15.2,87.9,65.0,980.0,4.0,70.0,532,65.0,0.0,2008,4,30,18,0
2008117N11090,2008,NARGIS,2008-04-30 21:00:00+00:00,15.2,88.0,65.0,980.0,7.0,55.0,539,65.0,0.0,2008,4,30,21,0
2008117N11090,2008,NARGIS,2008-05-01 00:00:00+00:00,15.6,88.5,65.0,980.0,12.0,70.0,540,65.0,0.0,2008,5,1,0,0
2008117N11090,2008,NARGIS,2008-05-01 03:00:00+00:00,15.6,89.2,65.0,980.0,12.0,70.0,537,65.0,0.0,2008,5,1,3,0
2008117N11090,2008,NARGIS,2008-05-01 06:00:00+00:00,16.0,89.7,65.0,980.0,9.0,70.0,481,65.0,0.0,2008,5,1,6,0
2008117N11090,2008,NARGIS,2008-05-01 09:00:00+00:00,16.0,90.1,65.0,980.0,9.0,90.0,438,65.0,0.0,2008,5,1,9,0
2008117N11090,2008,NARGIS,2008-05-01 12:00:00+00:00,16.0,90.6,65.0,980.0,9.0,90.0,384,65.0,0.0,2008,5,1,12,0
2008117N11090,2008,NARGIS,2008-05-01 15:00:00+00:00,15.9,91.1,65.0,980.0,10.0,95.0,331,65.0,0.0,2008,5,1,15,0
2008117N11090,2008,NARGIS,2008-05-01 18:00:00+00:00,15.9,91.6,65.0,980.0,10.0,90.0,278,65.0,0.0,2008,5,1,18,0
2008117N11090,2008,NARGIS,2008-05-01 21:00:00+00:00,15.9,92.1,65.0,980.0,10.0,90.0,224,65.0,0.0,2008,5,1,21,1
2008117N11090,2008,NARGIS,2008-05-02 00:00:00+00:00,15.9,92.6,77.0,972.0,9.0,90.0,171,65.0,12.0,2008,5,2,0,0
2008117N11090,2008,NARGIS,2008-05-02 03:00:00+00:00,15.9,93.1,77.0,972.0,9.0,85.0,118,77.0,0.0,2008,5,2,3,1
2008117N11090,2008,NARGIS,2008-05-02 06:00:00+00:00,16.0,93.6,90.0,962.0,10.0,85.0,64,77.0,13.0,2008,5,2,6,0
2008117N11090,2008,NARGIS,2008-05-02 09:00:00+00:00,16.0,94.1,90.0,962.0,9.0,85.0,10,90.0,0.0,2008,5,2,9,0
2008117N11090,2008,NARGIS,2008-05-02 12:00:00+00:00,16.0,94.5,90.0,962.0,10.0,85.0,0,90.0,0.0,2008,5,2,12,0
2008117N11090,2008,NARGIS,2008-05-02 15:00:00+00:00,16.1,95.1,90.0,964.0,11.0,65.0,0,90.0,0.0,2008,5,2,15,0
2008117N11090,2008,NARGIS,2008-05-02 18:00:00+00:00,16.5,95.6,80.0,974.0,8.0,55.0,0,90.0,-10.0,2008,5,2,18,0
2008117N11090,2008,NARGIS,2008-05-02 21:00:00+00:00,16.5,95.8,60.0,986.0,4.0,65.0,0,80.0,-20.0,2008,5,2,21,0
2008117N11090,2008,NARGIS,2008-05-03 00:00:00+00:00,16.7,96.0,50.0,990.0,8.0,55.0,0,60.0,-10.0,2008,5,3,0,0
2008117N11090,2008,NARGIS,2008-05-03 03:00:00+00:00,17.0,96.4,50.0,992.0,12.0,50.0,0,50.0,0.0,2008,5,3,3,0
2008117N11090,2008,NARGIS,2008-05-03 06:00:00+00:00,17.4,96.9,45.0,994.0,12.0,45.0,0,50.0,-5.0,2008,5,3,6,0
2008157N16066,2008,UNNAMED,2008-06-05 00:00:00+00:00,15.5,66.0,25.0,1000.0,10.0,0.0,767,35.0,0.0,2008,6,5,0,0
2008157N16066,2008,UNNAMED,2008-06-05 03:00:00+00:00,16.0,66.0,25.0,1000.0,11.0,335.0,722,25.0,0.0,2008,6,5,3,0
2008157N16066,2008,UNNAMED,2008-06-05 06:00:00+00:00,16.5,65.5,25.0,1000.0,14.0,315.0,713,25.0,0.0,2008,6,5,6,0
2008157N16066,2008,UNNAMED,2008-06-05 09:00:00+00:00,17.0,65.0,25.0,1000.0,18.0,325.0,711,25.0,0.0,2008,6,5,9,0
2008157N16066,2008,UNNAMED,2008-06-05 12:00:00+00:00,18.0,64.5,25.0,996.0,16.0,340.0,663,25.0,0.0,2008,6,5,12,0
2008157N16066,2008,UNNAMED,2008-06-05 15:00:00+00:00,18.5,64.5,25.0,996.0,11.0,335.0,625,25.0,0.0,2008,6,5,15,0
2008157N16066,2008,UNNAMED,2008-06-05 18:00:00+00:00,19.0,64.0,25.0,996.0,14.0,315.0,559,25.0,0.0,2008,6,5,18,0
2008157N16066,2008,UNNAMED,2008-06-05 21:00:00+00:00,19.5,63.5,25.0,996.0,11.0,300.0,486,25.0,0.0,2008,6,5,21,0
2008157N16066,2008,UNNAMED,2008-06-06 00:00:00+00:00,19.5,63.0,25.0,996.0,14.0,270.0,440,25.0,0.0,2008,6,6,0,0
2008157N16066,2008,UNNAMED,2008-06-06 03:00:00+00:00,19.5,62.0,25.0,995.0,11.0,300.0,352,25.0,0.0,2008,6,6,3,0
2008157N16066,2008,UNNAMED,2008-06-06 06:00:00+00:00,20.0,62.0,25.0,995.0,7.0,315.0,321,25.0,0.0,2008,6,6,6,0
2008157N16066,2008,UNNAMED,2008-06-06 09:00:00+00:00,20.0,61.5,25.0,995.0,5.0,270.0,277,25.0,0.0,2008,6,6,9,0
2008157N16066,2008,UNNAMED,2008-06-06 12:00:00+00:00,20.0,61.5,25.0,994.0,0.0,0.0,277,25.0,0.0,2008,6,6,12,0
2008157N16066,2008,UNNAMED,2008-06-06 15:00:00+00:00,20.0,61.5,25.0,996.0,5.0,270.0,277,25.0,0.0,2008,6,6,15,0
2008157N16066,2008,UNNAMED,2008-06-06 18:00:00+00:00,20.0,61.0,25.0,996.0,5.0,270.0,236,25.0,0.0,2008,6,6,18,0
2008168N22090,2008,UNNAMED,2008-06-16 03:00:00+00:00,21.5,90.0,25.0,992.0,6.0,245.0,35,35.0,0.0,2008,6,16,3,0
2008168N22090,2008,UNNAMED,2008-06-16 09:00:00+00:00,21.5,89.5,25.0,988.0,7.0,345.0,24,25.0,0.0,2008,6,16,9,0
2008168N22090,2008,UNNAMED,2008-06-16 12:00:00+00:00,22.0,89.5,25.0,988.0,9.0,355.0,0,25.0,0.0,2008,6,16,12,0
2008168N22090,2008,UNNAMED,2008-06-17 03:00:00+00:00,23.0,88.5,25.0,990.0,5.0,275.0,0,25.0,0.0,2008,6,17,3,0
2008168N22090,2008,UNNAMED,2008-06-17 09:00:00+00:00,23.0,88.0,25.0,990.0,2.0,265.0,0,25.0,0.0,2008,6,17,9,0
2008168N22090,2008,UNNAMED,2008-06-17 12:00:00+00:00,23.0,88.0,25.0,990.0,1.0,335.0,0,25.0,0.0,2008,6,17,12,0
2008223N20086,2008,UNNAMED,2008-08-09 12:00:00+00:00,20.0,86.0,25.0,988.0,6.0,340.0,0,35.0,0.0,2008,8,9,12,0
2008223N20086,2008,UNNAMED,2008-08-10 03:00:00+00:00,21.5,85.5,25.0,990.0,8.0,345.0,0,25.0,0.0,2008,8,10,3,0
2008259N20089,2008,UNNAMED,2008-09-15 12:00:00+00:00,19.6,88.5,25.0,996.0,3.0,270.0,199,35.0,0.0,2008,9,15,12,0
2008259N20089,2008,UNNAMED,2008-09-15 15:00:00+00:00,19.6,88.4,25.0,996.0,4.0,285.0,191,25.0,0.0,2008,9,15,15,0
2008259N20089,2008,UNNAMED,2008-09-15 18:00:00+00:00,19.7,88.1,25.0,986.0,4.0,280.0,160,25.0,0.0,2008,9,15,18,0
2008259N20089,2008,UNNAMED,2008-09-16 00:00:00+00:00,19.8,87.9,25.0,994.0,6.0,325.0,137,25.0,0.0,2008,9,16,0,1
2008259N20089,2008,UNNAMED,2008-09-16 03:00:00+00:00,20.1,87.6,30.0,994.0,8.0,320.0,91,25.0,5.0,2008,9,16,3,0
2008259N20089,2008,UNNAMED,2008-09-16 09:00:00+00:00,20.6,87.2,30.0,990.0,4.0,325.0,23,30.0,0.0,2008,9,16,9,0
2008259N20089,2008,UNNAMED,2008-09-16 12:00:00+00:00,20.8,87.2,30.0,986.0,5.0,335.0,20,30.0,0.0,2008,9,16,12,0
2008259N20089,2008,UNNAMED,2008-09-16 15:00:00+00:00,21.1,87.0,30.0,986.0,6.0,305.0,20,30.0,0.0,2008,9,16,15,0
2008259N20089,2008,UNNAMED,2008-09-16 18:00:00+00:00,21.1,86.6,30.0,988.0,6.0,270.0,0,30.0,0.0,2008,9,16,18,0
2008259N20089,2008,UNNAMED,2008-09-17 00:00:00+00:00,21.1,86.1,30.0,992.0,8.0,300.0,0,30.0,0.0,2008,9,17,0,0
2008259N20089,2008,UNNAMED,2008-09-17 03:00:00+00:00,21.5,85.6,30.0,992.0,10.0,305.0,0,30.0,0.0,2008,9,17,3,0
2008259N20089,2008,UNNAMED,2008-09-17 09:00:00+00:00,21.9,84.8,30.0,992.0,6.0,295.0,0,30.0,0.0,2008,9,17,9,0
2008259N20089,2008,UNNAMED,2008-09-17 12:00:00+00:00,22.0,84.6,30.0,992.0,5.0,285.0,0,30.0,0.0,2008,9,17,12,0
2008259N20089,2008,UNNAMED,2008-09-18 03:00:00+00:00,22.4,82.7,30.0,996.0,8.0,305.0,0,30.0,0.0,2008,9,18,3,0
2008259N20089,2008,UNNAMED,2008-09-18 09:00:00+00:00,22.9,82.1,25.0,996.0,5.0,315.0,0,30.0,-5.0,2008,9,18,9,0
2008259N20089,2008,UNNAMED,2008-09-18 12:00:00+00:00,23.0,82.0,25.0,996.0,3.0,305.0,0,25.0,0.0,2008,9,18,12,0
2008259N20089,2008,UNNAMED,2008-09-19 03:00:00+00:00,24.5,80.5,25.0,996.0,14.0,335.0,0,25.0,0.0,2008,9,19,3,0
2008293N09060,2008,UNNAMED,2008-10-19 09:00:00+00:00,9.0,60.0,25.0,1004.0,10.0,270.0,723,35.0,0.0,2008,10,19,9,0
2008293N09060,2008,UNNAMED,2008-10-19 12:00:00+00:00,9.0,59.5,25.0,1004.0,10.0,275.0,679,25.0,0.0,2008,10,19,12,0
2008293N09060,2008,UNNAMED,2008-10-20 03:00:00+00:00,9.9,57.3,25.0,1004.0,8.0,285.0,429,25.0,0.0,2008,10,20,3,0
2008293N09060,2008,UNNAMED,2008-10-20 12:00:00+00:00,10.1,56.2,25.0,1002.0,7.0,285.0,335,25.0,0.0,2008,10,20,12,1
2008293N09060,2008,UNNAMED,2008-10-21 03:00:00+00:00,10.6,54.5,30.0,1000.0,5.0,295.0,198,25.0,5.0,2008,10,21,3,0
2008293N09060,2008,UNNAMED,2008-10-21 12:00:00+00:00,11.4,54.2,30.0,1000.0,8.0,350.0,103,30.0,0.0,2008,10,21,12,0
2008293N09060,2008,UNNAMED,2008-10-22 03:00:00+00:00,13.2,53.1,25.0,1002.0,6.0,315.0,74,30.0,-5.0,2008,10,22,3,0
2008298N16085,2008,RASHMI,2008-10-25 03:00:00+00:00,16.5,86.7,25.0,1004.0,6.0,60.0,338,35.0,0.0,2008,10,25,3,0
2008298N16085,2008,RASHMI,2008-10-25 09:00:00+00:00,17.0,87.2,25.0,1002.0,7.0,20.0,340,25.0,0.0,2008,10,25,9,0
2008298N16085,2008,RASHMI,2008-10-25 12:00:00+00:00,17.4,87.3,25.0,1002.0,7.0,10.0,305,25.0,0.0,2008,10,25,12,0
2008298N16085,2008,RASHMI,2008-10-25 18:00:00+00:00,17.9,87.4,25.0,1002.0,3.0,15.0,257,25.0,0.0,2008,10,25,18,1
2008298N16085,2008,RASHMI,2008-10-26 00:00:00+00:00,18.1,87.6,30.0,1000.0,7.0,40.0,247,25.0,5.0,2008,10,26,0,0
2008298N16085,2008,RASHMI,2008-10-26 03:00:00+00:00,18.5,87.9,30.0,1000.0,6.0,40.0,230,30.0,0.0,2008,10,26,3,0
2008298N16085,2008,RASHMI,2008-10-26 09:00:00+00:00,18.8,88.0,30.0,1000.0,12.0,20.0,214,30.0,0.0,2008,10,26,9,1
2008298N16085,2008,RASHMI,2008-10-26 12:00:00+00:00,19.7,88.4,35.0,996.0,17.0,25.0,183,30.0,5.0,2008,10,26,12,1
2008298N16085,2008,RASHMI,2008-10-26 15:00:00+00:00,20.4,88.8,40.0,996.0,16.0,30.0,134,35.0,5.0,2008,10,26,15,0
2008298N16085,2008,RASHMI,2008-10-26 18:00:00+00:00,21.0,89.3,40.0,994.0,17.0,30.0,70,40.0,0.0,2008,10,26,18,1
2008298N16085,2008,RASHMI,2008-10-26 21:00:00+00:00,21.9,89.8,45.0,984.0,22.0,25.0,0,40.0,5.0,2008,10,26,21,0
2008298N16085,2008,RASHMI,2008-10-27 00:00:00+00:00,23.0,90.2,35.0,992.0,22.0,25.0,0,45.0,-10.0,2008,10,27,0,0
2008317N11089,2008,KHAI-MUK,2008-11-13 12:00:00+00:00,11.8,85.4,25.0,1002.0,3.0,325.0,571,35.0,0.0,2008,11,13,12,0
2008317N11089,2008,KHAI-MUK,2008-11-13 18:00:00+00:00,12.2,85.2,25.0,1002.0,3.0,330.0,544,25.0,0.0,2008,11,13,18,0
2008317N11089,2008,KHAI-MUK,2008-11-14 00:00:00+00:00,12.5,85.1,25.0,1002.0,6.0,350.0,528,25.0,0.0,2008,11,14,0,1
2008317N11089,2008,KHAI-MUK,2008-11-14 03:00:00+00:00,12.9,85.0,30.0,1000.0,8.0,345.0,505,25.0,5.0,2008,11,14,3,0
2008317N11089,2008,KHAI-MUK,2008-11-14 06:00:00+00:00,13.3,84.9,30.0,1000.0,9.0,325.0,463,30.0,0.0,2008,11,14,6,0
2008317N11089,2008,KHAI-MUK,2008-11-14 09:00:00+00:00,13.7,84.5,30.0,1000.0,11.0,310.0,401,30.0,0.0,2008,11,14,9,1
2008317N11089,2008,KHAI-MUK,2008-11-14 12:00:00+00:00,14.0,84.1,35.0,998.0,11.0,310.0,349,30.0,5.0,2008,11,14,12,0
2008317N11089,2008,KHAI-MUK,2008-11-14 15:00:00+00:00,14.4,83.6,35.0,996.0,7.0,310.0,282,35.0,0.0,2008,11,14,15,0
2008317N11089,2008,KHAI-MUK,2008-11-14 18:00:00+00:00,14.4,83.5,35.0,996.0,5.0,280.0,267,35.0,0.0,2008,11,14,18,1
2008317N11089,2008,KHAI-MUK,2008-11-14 21:00:00+00:00,14.4,83.1,40.0,994.0,5.0,265.0,258,35.0,5.0,2008,11,14,21,0
2008317N11089,2008,KHAI-MUK,2008-11-15 00:00:00+00:00,14.4,83.0,40.0,994.0,5.0,260.0,253,40.0,0.0,2008,11,15,0,0
2008317N11089,2008,KHAI-MUK,2008-11-15 03:00:00+00:00,14.4,82.6,35.0,996.0,5.0,265.0,232,40.0,-5.0,2008,11,15,3,0
2008317N11089,2008,KHAI-MUK,2008-11-15 06:00:00+00:00,14.4,82.5,30.0,996.0,6.0,275.0,224,35.0,-5.0,2008,11,15,6,0
2008317N11089,2008,KHAI-MUK,2008-11-15 09:00:00+00:00,14.4,82.0,30.0,996.0,9.0,275.0,187,30.0,0.0,2008,11,15,9,0
2008317N11089,2008,KHAI-MUK,2008-11-15 12:00:00+00:00,14.5,81.6,30.0,996.0,9.0,275.0,151,30.0,0.0,2008,11,15,12,0
2008317N11089,2008,KHAI-MUK,2008-11-15 15:00:00+00:00,14.5,81.1,30.0,996.0,10.0,290.0,97,30.0,0.0,2008,11,15,15,0
2008317N11089,2008,KHAI-MUK,2008-11-15 18:00:00+00:00,14.8,80.6,30.0,996.0,9.0,295.0,48,30.0,0.0,2008,11,15,18,0
2008317N11089,2008,KHAI-MUK,2008-11-15 21:00:00+00:00,14.9,80.2,30.0,996.0,10.0,290.0,15,30.0,0.0,2008,11,15,21,0
2008317N11089,2008,KHAI-MUK,2008-11-16 00:00:00+00:00,15.1,79.7,30.0,998.0,12.0,285.0,0,30.0,0.0,2008,11,16,0,0
2008329N09082,2008,NISHA,2008-11-25 09:00:00+00:00,9.3,80.7,25.0,1001.0,1.0,215.0,0,35.0,0.0,2008,11,25,9,1
2008329N09082,2008,NISHA,2008-11-25 12:00:00+00:00,9.2,80.7,30.0,1001.0,2.0,10.0,0,25.0,5.0,2008,11,25,12,0
2008329N09082,2008,NISHA,2008-11-25 15:00:00+00:00,9.4,80.7,30.0,1001.0,5.0,340.0,10,30.0,0.0,2008,11,25,15,0
2008329N09082,2008,NISHA,2008-11-25 18:00:00+00:00,9.7,80.5,30.0,1002.0,7.0,325.0,15,30.0,0.0,2008,11,25,18,0
2008329N09082,2008,NISHA,2008-11-25 21:00:00+00:00,10.0,80.3,30.0,1002.0,4.0,340.0,33,30.0,0.0,2008,11,25,21,0
2008329N09082,2008,NISHA,2008-11-26 00:00:00+00:00,10.1,80.4,30.0,1000.0,4.0,5.0,46,30.0,0.0,2008,11,26,0,1
2008329N09082,2008,NISHA,2008-11-26 03:00:00+00:00,10.4,80.4,40.0,1000.0,5.0,0.0,54,30.0,10.0,2008,11,26,3,0
2008329N09082,2008,NISHA,2008-11-26 06:00:00+00:00,10.6,80.4,40.0,1000.0,2.0,0.0,54,40.0,0.0,2008,11,26,6,1
2008329N09082,2008,NISHA,2008-11-26 09:00:00+00:00,10.6,80.3,45.0,996.0,3.0,350.0,43,40.0,5.0,2008,11,26,9,0
2008329N09082,2008,NISHA,2008-11-26 12:00:00+00:00,10.9,80.3,45.0,996.0,4.0,345.0,43,45.0,0.0,2008,11,26,12,0
2008329N09082,2008,NISHA,2008-11-26 15:00:00+00:00,11.0,80.2,45.0,998.0,2.0,325.0,32,45.0,0.0,2008,11,26,15,0
2008329N09082,2008,NISHA,2008-11-26 18:00:00+00:00,11.1,80.2,45.0,998.0,2.0,300.0,32,45.0,0.0,2008,11,26,18,0
2008329N09082,2008,NISHA,2008-11-26 21:00:00+00:00,11.1,80.1,45.0,996.0,3.0,320.0,21,45.0,0.0,2008,11,26,21,0
2008329N09082,2008,NISHA,2008-11-27 00:00:00+00:00,11.3,80.0,45.0,996.0,6.0,310.0,15,45.0,0.0,2008,11,27,0,0
2008329N09082,2008,NISHA,2008-11-27 03:00:00+00:00,11.5,79.6,40.0,1000.0,7.0,305.0,0,45.0,-5.0,2008,11,27,3,0
2008329N09082,2008,NISHA,2008-11-27 09:00:00+00:00,11.8,79.1,30.0,1000.0,8.0,275.0,0,40.0,-10.0,2008,11,27,9,0
2008338N06092,2008,UNNAMED,2008-12-04 03:00:00+00:00,6.5,90.3,25.0,1006.0,6.0,305.0,551,35.0,0.0,2008,12,4,3,0
2008338N06092,2008,UNNAMED,2008-12-04 09:00:00+00:00,6.9,89.8,25.0,1006.0,5.0,305.0,614,25.0,0.0,2008,12,4,9,0
2008338N06092,2008,UNNAMED,2008-12-04 12:00:00+00:00,7.1,89.6,25.0,1006.0,4.0,295.0,641,25.0,0.0,2008,12,4,12,0
2008338N06092,2008,UNNAMED,2008-12-04 18:00:00+00:00,7.3,89.1,25.0,1006.0,6.0,300.0,701,25.0,0.0,2008,12,4,18,1
2008338N06092,2008,UNNAMED,2008-12-05 00:00:00+00:00,7.7,88.6,30.0,1004.0,5.0,310.0,743,25.0,5.0,2008,12,5,0,0
2008338N06092,2008,UNNAMED,2008-12-05 03:00:00+00:00,7.7,88.5,30.0,1004.0,5.0,305.0,732,30.0,0.0,2008,12,5,3,0
2008338N06092,2008,UNNAMED,2008-12-05 09:00:00+00:00,8.2,87.9,30.0,1004.0,10.0,310.0,675,30.0,0.0,2008,12,5,9,0
2008338N06092,2008,UNNAMED,2008-12-05 12:00:00+00:00,8.6,87.5,30.0,1004.0,9.0,295.0,637,30.0,0.0,2008,12,5,12,0
2008338N06092,2008,UNNAMED,2008-12-05 18:00:00+00:00,8.6,86.7,30.0,1004.0,9.0,260.0,551,30.0,0.0,2008,12,5,18,0
2008338N06092,2008,UNNAMED,2008-12-06 03:00:00+00:00,8.3,85.1,30.0,1006.0,8.0,265.0,372,30.0,0.0,2008,12,6,3,0
2008338N06092,2008,UNNAMED,2008-12-06 09:00:00+00:00,8.2,84.5,30.0,1006.0,7.0,260.0,305,30.0,0.0,2008,12,6,9,0
2008338N06092,2008,UNNAMED,2008-12-06 12:00:00+00:00,8.2,84.1,30.0,1004.0,7.0,265.0,262,30.0,0.0,2008,12,6,12,0
2008338N06092,2008,UNNAMED,2008-12-06 18:00:00+00:00,8.2,83.6,30.0,1004.0,4.0,265.0,209,30.0,0.0,2008,12,6,18,0
2008338N06092,2008,UNNAMED,2008-12-07 00:00:00+00:00,8.2,83.1,25.0,1006.0,6.0,270.0,158,30.0,-5.0,2008,12,7,0,0
2008338N06092,2008,UNNAMED,2008-12-07 03:00:00+00:00,8.1,82.8,25.0,1006.0,5.0,265.0,123,25.0,0.0,2008,12,7,3,0
2008338N06092,2008,UNNAMED,2008-12-07 09:00:00+00:00,8.0,82.3,25.0,1006.0,7.0,255.0,71,25.0,0.0,2008,12,7,9,0
2009104N13088,2009,BIJLI,2009-04-14 09:00:00+00:00,12.5,88.1,25.0,1004.0,4.0,205.0,765,35.0,0.0,2009,4,14,9,0
2009104N13088,2009,BIJLI,2009-04-14 12:00:00+00:00,12.4,87.9,25.0,1002.0,3.0,245.0,764,25.0,0.0,2009,4,14,12,0
2009104N13088,2009,BIJLI,2009-04-14 18:00:00+00:00,12.5,87.7,25.0,1002.0,4.0,355.0,740,25.0,0.0,2009,4,14,18,0
2009104N13088,2009,BIJLI,2009-04-15 00:00:00+00:00,13.3,87.7,25.0,1000.0,12.0,340.0,679,25.0,0.0,2009,4,15,0,0
2009104N13088,2009,BIJLI,2009-04-15 03:00:00+00:00,13.9,87.3,25.0,1000.0,13.0,335.0,599,25.0,0.0,2009,4,15,3,1
2009104N13088,2009,BIJLI,2009-04-15 06:00:00+00:00,14.5,87.1,30.0,1000.0,13.0,330.0,532,25.0,5.0,2009,4,15,6,1
2009104N13088,2009,BIJLI,2009-04-15 12:00:00+00:00,15.4,86.3,35.0,996.0,9.0,330.0,400,30.0,5.0,2009,4,15,12,1
2009104N13088,2009,BIJLI,2009-04-15 15:00:00+00:00,15.8,86.2,40.0,996.0,8.0,355.0,357,35.0,5.0,2009,4,15,15,0
2009104N13088,2009,BIJLI,2009-04-15 18:00:00+00:00,16.2,86.2,40.0,996.0,5.0,355.0,323,40.0,0.0,2009,4,15,18,0
2009104N13088,2009,BIJLI,2009-04-15 21:00:00+00:00,16.3,86.2,40.0,996.0,6.0,335.0,315,40.0,0.0,2009,4,15,21,0
2009104N13088,2009,BIJLI,2009-04-16 00:00:00+00:00,16.7,86.0,40.0,996.0,8.0,350.0,269,40.0,0.0,2009,4,16,0,0
2009104N13088,2009,BIJLI,2009-04-16 03:00:00+00:00,17.1,86.0,40.0,996.0,9.0,10.0,238,40.0,0.0,2009,4,16,3,0
2009104N13088,2009,BIJLI,2009-04-16 06:00:00+00:00,17.6,86.1,40.0,996.0,9.0,10.0,207,40.0,0.0,2009,4,16,6,0
2009104N13088,2009,BIJLI,2009-04-16 09:00:00+00:00,18.0,86.2,40.0,996.0,10.0,25.0,191,40.0,0.0,2009,4,16,9,0
2009104N13088,2009,BIJLI,2009-04-16 12:00:00+00:00,18.5,86.6,40.0,996.0,8.0,35.0,165,40.0,0.0,2009,4,16,12,0
2009104N13088,2009,BIJLI,2009-04-16 15:00:00+00:00,18.6,86.7,40.0,996.0,10.0,30.0,158,40.0,0.0,2009,4,16,15,0
2009104N13088,2009,BIJLI,2009-04-16 18:00:00+00:00,19.3,87.1,40.0,996.0,14.0,35.0,107,40.0,0.0,2009,4,16,18,0
2009104N13088,2009,BIJLI,2009-04-16 21:00:00+00:00,19.8,87.6,40.0,996.0,13.0,45.0,109,40.0,0.0,2009,4,16,21,0
2009104N13088,2009,BIJLI,2009-04-17 00:00:00+00:00,20.3,88.1,40.0,996.0,12.0,55.0,122,40.0,0.0,2009,4,17,0,0
2009104N13088,2009,BIJLI,2009-04-17 03:00:00+00:00,20.5,88.6,35.0,996.0,12.0,60.0,123,40.0,-5.0,2009,4,17,3,0
2009104N13088,2009,BIJLI,2009-04-17 06:00:00+00:00,20.9,89.2,35.0,996.0,14.0,55.0,78,35.0,0.0,2009,4,17,6,0
2009104N13088,2009,BIJLI,2009-04-17 09:00:00+00:00,21.3,89.8,30.0,996.0,13.0,65.0,55,35.0,-5.0,2009,4,17,9,0
2009104N13088,2009,BIJLI,2009-04-17 12:00:00+00:00,21.4,90.4,25.0,996.0,15.0,70.0,49,30.0,-5.0,2009,4,17,12,0
2009143N17089,2009,AILA,2009-05-23 06:00:00+00:00,16.9,88.8,25.0,998.0,3.0,280.0,429,35.0,0.0,2009,5,23,6,0
2009143N17089,2009,AILA,2009-05-23 12:00:00+00:00,16.9,88.5,25.0,994.0,2.0,330.0,411,25.0,0.0,2009,5,23,12,0
2009143N17089,2009,AILA,2009-05-23 18:00:00+00:00,17.3,88.6,25.0,996.0,2.0,20.0,380,25.0,0.0,2009,5,23,18,0
2009143N17089,2009,AILA,2009-05-24 00:00:00+00:00,17.4,88.5,25.0,996.0,7.0,350.0,365,25.0,0.0,2009,5,24,0,1
2009143N17089,2009,AILA,2009-05-24 03:00:00+00:00,17.9,88.4,30.0,992.0,7.0,350.0,315,25.0,5.0,2009,5,24,3,0
2009143N17089,2009,AILA,2009-05-24 06:00:00+00:00,18.0,88.4,30.0,988.0,2.0,330.0,307,30.0,0.0,2009,5,24,6,0
2009143N17089,2009,AILA,2009-05-24 09:00:00+00:00,18.1,88.3,30.0,986.0,5.0,350.0,291,30.0,0.0,2009,5,24,9,1
2009143N17089,2009,AILA,2009-05-24 12:00:00+00:00,18.5,88.3,35.0,986.0,8.0,355.0,260,30.0,5.0,2009,5,24,12,0
2009143N17089,2009,AILA,2009-05-24 15:00:00+00:00,18.9,88.3,35.0,986.0,6.0,0.0,229,35.0,0.0,2009,5,24,15,0
2009143N17089,2009,AILA,2009-05-24 18:00:00+00:00,19.1,88.3,35.0,986.0,9.0,345.0,214,35.0,0.0,2009,5,24,18,1
2009143N17089,2009,AILA,2009-05-24 21:00:00+00:00,19.7,88.0,40.0,984.0,10.0,345.0,151,35.0,5.0,2009,5,24,21,0
2009143N17089,2009,AILA,2009-05-25 00:00:00+00:00,20.0,88.1,40.0,980.0,9.0,5.0,138,40.0,0.0,2009,5,25,0,1
2009143N17089,2009,AILA,2009-05-25 03:00:00+00:00,20.6,88.1,50.0,978.0,16.0,5.0,112,40.0,10.0,2009,5,25,3,1
2009143N17089,2009,AILA,2009-05-25 06:00:00+00:00,21.6,88.2,55.0,974.0,15.0,5.0,0,50.0,5.0,2009,5,25,6,1
2009143N17089,2009,AILA,2009-05-25 09:00:00+00:00,22.1,88.2,60.0,968.0,12.0,0.0,0,55.0,5.0,2009,5,25,9,0
2009143N17089,2009,AILA,2009-05-25 12:00:00+00:00,22.7,88.2,50.0,970.0,11.0,0.0,0,60.0,-10.0,2009,5,25,12,0
2009143N17089,2009,AILA,2009-05-25 15:00:00+00:00,23.3,88.2,45.0,978.0,12.0,0.0,0,50.0,-5.0,2009,5,25,15,0
2009143N17089,2009,AILA,2009-05-25 18:00:00+00:00,23.9,88.3,40.0,980.0,12.0,5.0,0,45.0,-5.0,2009,5,25,18,0
2009143N17089,2009,AILA,2009-05-25 21:00:00+00:00,24.5,88.3,35.0,981.0,15.0,5.0,0,40.0,-5.0,2009,5,25,21,0
2009143N17089,2009,AILA,2009-05-26 00:00:00+00:00,25.4,88.4,30.0,982.0,14.0,5.0,0,35.0,-5.0,2009,5,26,0,0
2009143N17089,2009,AILA,2009-05-26 03:00:00+00:00,25.9,88.4,25.0,988.0,16.0,15.0,0,30.0,-5.0,2009,5,26,3,0
2009174N18072,2009,UNNAMED,2009-06-23 00:00:00+00:00,18.0,71.5,25.0,998.0,20.0,0.0,149,35.0,0.0,2009,6,23,0,0
2009174N18072,2009,UNNAMED,2009-06-23 03:00:00+00:00,19.0,71.5,25.0,1000.0,10.0,0.0,136,25.0,0.0,2009,6,23,3,0
2009174N18072,2009,UNNAMED,2009-06-23 06:00:00+00:00,19.0,71.5,25.0,1000.0,10.0,0.0,136,25.0,0.0,2009,6,23,6,0
2009174N18072,2009,UNNAMED,2009-06-23 09:00:00+00:00,20.0,71.5,25.0,1000.0,16.0,345.0,98,25.0,0.0,2009,6,23,9,0
2009174N18072,2009,UNNAMED,2009-06-23 12:00:00+00:00,20.5,71.0,25.0,998.0,11.0,335.0,30,25.0,0.0,2009,6,23,12,0
2009174N18072,2009,UNNAMED,2009-06-23 15:00:00+00:00,21.0,71.0,25.0,998.0,8.0,360.0,0,25.0,0.0,2009,6,23,15,0
2009176N23069,2009,UNNAMED,2009-06-25 09:00:00+00:00,22.5,68.5,25.0,996.0,0.0,0.0,46,35.0,0.0,2009,6,25,9,0
2009176N23069,2009,UNNAMED,2009-06-25 12:00:00+00:00,22.5,68.5,25.0,996.0,3.0,0.0,46,25.0,0.0,2009,6,25,12,0
2009201N21089,2009,UNNAMED,2009-07-20 03:00:00+00:00,21.0,88.5,25.0,992.0,0.0,0.0,67,35.0,0.0,2009,7,20,3,0
2009201N21089,2009,UNNAMED,2009-07-20 06:00:00+00:00,21.0,88.5,25.0,992.0,2.0,260.0,67,25.0,0.0,2009,7,20,6,1
2009201N21089,2009,UNNAMED,2009-07-20 12:00:00+00:00,21.0,88.0,30.0,988.0,7.0,290.0,70,25.0,5.0,2009,7,20,12,0
2009201N21089,2009,UNNAMED,2009-07-20 18:00:00+00:00,21.5,87.0,30.0,992.0,16.0,290.0,0,30.0,0.0,2009,7,20,18,0
2009201N21089,2009,UNNAMED,2009-07-21 00:00:00+00:00,22.0,85.0,30.0,992.0,14.0,280.0,0,30.0,0.0,2009,7,21,0,0
2009201N21089,2009,UNNAMED,2009-07-21 03:00:00+00:00,22.0,84.5,30.0,992.0,9.0,270.0,0,30.0,0.0,2009,7,21,3,0
2009247N19089,2009,UNNAMED,2009-09-05 00:00:00+00:00,20.8,88.2,25.0,990.0,5.0,355.0,89,35.0,0.0,2009,9,5,0,1
2009247N19089,2009,UNNAMED,2009-09-05 03:00:00+00:00,21.2,88.0,30.0,988.0,7.0,355.0,49,25.0,5.0,2009,9,5,3,0
2009247N19089,2009,UNNAMED,2009-09-05 06:00:00+00:00,21.6,88.1,30.0,988.0,9.0,340.0,10,30.0,0.0,2009,9,5,6,0
2009247N19089,2009,UNNAMED,2009-09-05 09:00:00+00:00,22.0,87.7,30.0,988.0,10.0,325.0,0,30.0,0.0,2009,9,5,9,0
2009247N19089,2009,UNNAMED,2009-09-05 12:00:00+00:00,22.4,87.6,30.0,988.0,7.0,335.0,0,30.0,0.0,2009,9,5,12,0
2009247N19089,2009,UNNAMED,2009-09-05 18:00:00+00:00,22.8,87.1,30.0,988.0,5.0,300.0,0,30.0,0.0,2009,9,5,18,0
2009247N19089,2009,UNNAMED,2009-09-06 00:00:00+00:00,23.1,86.6,30.0,988.0,8.0,310.0,0,30.0,0.0,2009,9,6,0,0
2009247N19089,2009,UNNAMED,2009-09-06 03:00:00+00:00,23.4,86.2,30.0,988.0,7.0,305.0,0,30.0,0.0,2009,9,6,3,0
2009247N19089,2009,UNNAMED,2009-09-06 09:00:00+00:00,23.5,85.7,30.0,988.0,7.0,305.0,0,30.0,0.0,2009,9,6,9,0
2009247N19089,2009,UNNAMED,2009-09-06 12:00:00+00:00,23.8,85.3,30.0,988.0,8.0,305.0,0,30.0,0.0,2009,9,6,12,0
2009247N19089,2009,UNNAMED,2009-09-06 18:00:00+00:00,24.1,84.7,30.0,988.0,6.0,295.0,0,30.0,0.0,2009,9,6,18,0
2009247N19089,2009,UNNAMED,2009-09-07 00:00:00+00:00,24.4,84.1,30.0,988.0,4.0,305.0,0,30.0,0.0,2009,9,7,0,0
2009247N19089,2009,UNNAMED,2009-09-07 03:00:00+00:00,24.5,84.0,30.0,990.0,1.0,335.0,0,30.0,0.0,2009,9,7,3,0
2009313N11072,2009,PHYAN,2009-11-09 03:00:00+00:00,11.0,72.0,25.0,1000.0,17.0,320.0,362,35.0,0.0,2009,11,9,3,0
2009313N11072,2009,PHYAN,2009-11-09 06:00:00+00:00,11.6,71.4,25.0,1000.0,12.0,320.0,393,25.0,0.0,2009,11,9,6,0
2009313N11072,2009,PHYAN,2009-11-09 12:00:00+00:00,12.1,71.1,25.0,1000.0,5.0,325.0,409,25.0,0.0,2009,11,9,12,0
2009313N11072,2009,PHYAN,2009-11-09 18:00:00+00:00,12.7,70.8,25.0,998.0,7.0,350.0,427,25.0,0.0,2009,11,9,18,1
2009313N11072,2009,PHYAN,2009-11-09 21:00:00+00:00,13.0,70.8,30.0,998.0,8.0,0.0,408,25.0,5.0,2009,11,9,21,0
2009313N11072,2009,PHYAN,2009-11-10 00:00:00+00:00,13.4,70.8,30.0,998.0,9.0,10.0,379,30.0,0.0,2009,11,10,0,0
2009313N11072,2009,PHYAN,2009-11-10 06:00:00+00:00,14.4,71.2,30.0,996.0,8.0,15.0,300,30.0,0.0,2009,11,10,6,1
2009313N11072,2009,PHYAN,2009-11-10 12:00:00+00:00,15.0,71.3,35.0,996.0,8.0,30.0,265,30.0,5.0,2009,11,10,12,0
2009313N11072,2009,PHYAN,2009-11-10 15:00:00+00:00,15.4,71.6,35.0,994.0,10.0,25.0,217,35.0,0.0,2009,11,10,15,1
2009313N11072,2009,PHYAN,2009-11-10 18:00:00+00:00,15.8,71.8,40.0,992.0,12.0,25.0,178,35.0,5.0,2009,11,10,18,1
2009313N11072,2009,PHYAN,2009-11-10 21:00:00+00:00,16.5,72.2,45.0,990.0,15.0,35.0,117,40.0,5.0,2009,11,10,21,0
2009313N11072,2009,PHYAN,2009-11-11 00:00:00+00:00,17.0,72.6,45.0,988.0,15.0,20.0,74,45.0,0.0,2009,11,11,0,0
2009313N11072,2009,PHYAN,2009-11-11 03:00:00+00:00,17.9,72.7,40.0,992.0,19.0,20.0,33,45.0,-5.0,2009,11,11,3,0
2009313N11072,2009,PHYAN,2009-11-11 06:00:00+00:00,18.8,73.3,30.0,996.0,18.0,30.0,0,40.0,-10.0,2009,11,11,6,0
2009313N11072,2009,PHYAN,2009-11-11 09:00:00+00:00,19.4,73.7,30.0,998.0,11.0,30.0,0,30.0,0.0,2009,11,11,9,0
2009344N06085,2009,WARD,2009-12-10 09:00:00+00:00,6.5,85.0,25.0,1004.0,0.0,0.0,347,35.0,0.0,2009,12,10,9,0
2009344N06085,2009,WARD,2009-12-10 12:00:00+00:00,6.5,85.0,25.0,1004.0,0.0,130.0,347,25.0,0.0,2009,12,10,12,0
2009344N06085,2009,WARD,2009-12-10 18:00:00+00:00,6.7,85.0,25.0,1003.0,6.0,335.0,344,25.0,0.0,2009,12,10,18,1
2009344N06085,2009,WARD,2009-12-11 00:00:00+00:00,7.4,84.6,30.0,1000.0,6.0,350.0,301,25.0,5.0,2009,12,11,0,0
2009344N06085,2009,WARD,2009-12-11 03:00:00+00:00,7.7,84.7,30.0,1000.0,9.0,5.0,318,30.0,0.0,2009,12,11,3,0
2009344N06085,2009,WARD,2009-12-11 06:00:00+00:00,8.4,84.7,30.0,1000.0,10.0,5.0,331,30.0,0.0,2009,12,11,6,1
2009344N06085,2009,WARD,2009-12-11 09:00:00+00:00,8.7,84.8,35.0,998.0,5.0,20.0,352,30.0,5.0,2009,12,11,9,0
2009344N06085,2009,WARD,2009-12-11 12:00:00+00:00,8.8,84.9,35.0,998.0,5.0,10.0,366,35.0,0.0,2009,12,11,12,0
2009344N06085,2009,WARD,2009-12-11 15:00:00+00:00,9.2,84.9,35.0,998.0,5.0,355.0,385,35.0,0.0,2009,12,11,15,1
2009344N06085,2009,WARD,2009-12-11 18:00:00+00:00,9.3,84.8,40.0,998.0,5.0,340.0,381,35.0,5.0,2009,12,11,18,1
2009344N06085,2009,WARD,2009-12-11 21:00:00+00:00,9.6,84.7,45.0,996.0,6.0,340.0,385,40.0,5.0,2009,12,11,21,0
2009344N06085,2009,WARD,2009-12-12 00:00:00+00:00,9.9,84.6,45.0,996.0,4.0,330.0,389,45.0,0.0,2009,12,12,0,0
2009344N06085,2009,WARD,2009-12-12 03:00:00+00:00,9.9,84.5,45.0,996.0,2.0,285.0,379,45.0,0.0,2009,12,12,3,0
2009344N06085,2009,WARD,2009-12-12 06:00:00+00:00,10.0,84.4,45.0,996.0,5.0,265.0,375,45.0,0.0,2009,12,12,6,0
2009344N06085,2009,WARD,2009-12-12 09:00:00+00:00,9.9,84.0,40.0,998.0,7.0,260.0,331,45.0,-5.0,2009,12,12,9,0
2009344N06085,2009,WARD,2009-12-12 12:00:00+00:00,9.9,83.7,35.0,998.0,5.0,250.0,303,40.0,-5.0,2009,12,12,12,0
2009344N06085,2009,WARD,2009-12-12 15:00:00+00:00,9.7,83.6,35.0,998.0,5.0,200.0,282,35.0,0.0,2009,12,12,15,0
2009344N06085,2009,WARD,2009-12-12 18:00:00+00:00,9.4,83.5,30.0,1000.0,5.0,205.0,256,35.0,-5.0,2009,12,12,18,0
2009344N06085,2009,WARD,2009-12-13 00:00:00+00:00,9.3,83.2,30.0,1000.0,2.0,265.0,222,30.0,0.0,2009,12,13,0,0
2009344N06085,2009,WARD,2009-12-13 03:00:00+00:00,9.3,83.1,30.0,1000.0,3.0,205.0,212,30.0,0.0,2009,12,13,3,0
2009344N06085,2009,WARD,2009-12-13 06:00:00+00:00,9.0,83.0,30.0,1002.0,4.0,205.0,188,30.0,0.0,2009,12,13,6,0
2009344N06085,2009,WARD,2009-12-13 12:00:00+00:00,9.0,82.8,30.0,1002.0,3.0,275.0,168,30.0,0.0,2009,12,13,12,0
2009344N06085,2009,WARD,2009-12-13 18:00:00+00:00,9.0,82.3,30.0,1002.0,5.0,280.0,119,30.0,0.0,2009,12,13,18,0
2009344N06085,2009,WARD,2009-12-14 00:00:00+00:00,9.0,81.8,30.0,1002.0,7.0,230.0,74,30.0,0.0,2009,12,14,0,0
2009344N06085,2009,WARD,2009-12-14 03:00:00+00:00,8.6,81.5,30.0,1004.0,5.0,215.0,24,30.0,0.0,2009,12,14,3,0
2009344N06085,2009,WARD,2009-12-14 06:00:00+00:00,8.5,81.5,30.0,1004.0,3.0,250.0,15,30.0,0.0,2009,12,14,6,0
2009344N06085,2009,WARD,2009-12-14 09:00:00+00:00,8.5,81.2,25.0,1004.0,4.0,270.0,0,30.0,-5.0,2009,12,14,9,0
2009344N06085,2009,WARD,2009-12-14 12:00:00+00:00,8.5,81.1,25.0,1004.0,1.0,280.0,0,25.0,0.0,2009,12,14,12,0
2009344N06085,2009,WARD,2009-12-14 18:00:00+00:00,8.5,81.0,25.0,1005.0,3.0,270.0,0,25.0,0.0,2009,12,14,18,0
2010136N09057,2010,BANDU,2010-05-19 09:00:00+00:00,11.1,53.8,25.0,1002.0,3.0,285.0,134,35.0,0.0,2010,5,19,9,0
2010136N09057,2010,BANDU,2010-05-19 12:00:00+00:00,11.2,53.7,25.0,1002.0,5.0,310.0,123,25.0,0.0,2010,5,19,12,0
2010136N09057,2010,BANDU,2010-05-19 15:00:00+00:00,11.4,53.4,25.0,1002.0,4.0,305.0,103,25.0,0.0,2010,5,19,15,1
2010136N09057,2010,BANDU,2010-05-19 18:00:00+00:00,11.5,53.3,30.0,1000.0,4.0,285.0,95,25.0,5.0,2010,5,19,18,0
2010136N09057,2010,BANDU,2010-05-19 21:00:00+00:00,11.5,53.0,30.0,1000.0,4.0,295.0,110,30.0,0.0,2010,5,19,21,0
2010136N09057,2010,BANDU,2010-05-20 00:00:00+00:00,11.6,53.0,30.0,1000.0,2.0,330.0,102,30.0,0.0,2010,5,20,0,0
2010136N09057,2010,BANDU,2010-05-20 03:00:00+00:00,11.7,52.9,30.0,999.0,2.0,330.0,99,30.0,0.0,2010,5,20,3,0
2010136N09057,2010,BANDU,2010-05-20 06:00:00+00:00,11.8,52.9,30.0,999.0,4.0,345.0,89,30.0,0.0,2010,5,20,6,0
2010136N09057,2010,BANDU,2010-05-20 09:00:00+00:00,12.1,52.8,30.0,999.0,7.0,330.0,70,30.0,0.0,2010,5,20,9,0
2010136N09057,2010,BANDU,2010-05-20 12:00:00+00:00,12.4,52.5,30.0,999.0,7.0,305.0,87,30.0,0.0,2010,5,20,12,0
2010136N09057,2010,BANDU,2010-05-20 18:00:00+00:00,12.5,51.9,30.0,999.0,3.0,280.0,102,30.0,0.0,2010,5,20,18,0
2010136N09057,2010,BANDU,2010-05-21 00:00:00+00:00,12.5,51.8,30.0,998.0,1.0,305.0,104,30.0,0.0,2010,5,21,0,0
2010136N09057,2010,BANDU,2010-05-21 03:00:00+00:00,12.6,51.7,30.0,998.0,2.0,290.0,99,30.0,0.0,2010,5,21,3,0
2010136N09057,2010,BANDU,2010-05-21 06:00:00+00:00,12.6,51.7,30.0,998.0,1.0,325.0,99,30.0,0.0,2010,5,21,6,0
2010136N09057,2010,BANDU,2010-05-21 09:00:00+00:00,12.6,51.7,30.0,996.0,1.0,50.0,99,30.0,0.0,2010,5,21,9,1
2010136N09057,2010,BANDU,2010-05-21 12:00:00+00:00,12.7,51.7,40.0,994.0,0.0,145.0,109,30.0,10.0,2010,5,21,12,0
2010136N09057,2010,BANDU,2010-05-21 15:00:00+00:00,12.6,51.7,40.0,994.0,1.0,205.0,99,40.0,0.0,2010,5,21,15,0
2010136N09057,2010,BANDU,2010-05-21 18:00:00+00:00,12.6,51.7,40.0,994.0,4.0,260.0,99,40.0,0.0,2010,5,21,18,0
2010136N09057,2010,BANDU,2010-05-21 21:00:00+00:00,12.5,51.3,40.0,994.0,6.0,270.0,74,40.0,0.0,2010,5,21,21,0
2010136N09057,2010,BANDU,2010-05-22 00:00:00+00:00,12.6,51.0,40.0,994.0,4.0,270.0,78,40.0,0.0,2010,5,22,0,0
2010136N09057,2010,BANDU,2010-05-22 03:00:00+00:00,12.5,50.9,40.0,994.0,1.0,270.0,78,40.0,0.0,2010,5,22,3,0
2010136N09057,2010,BANDU,2010-05-22 06:00:00+00:00,12.6,50.9,40.0,994.0,3.0,270.0,78,40.0,0.0,2010,5,22,6,0
2010136N09057,2010,BANDU,2010-05-22 09:00:00+00:00,12.5,50.6,35.0,996.0,3.0,270.0,67,40.0,-5.0,2010,5,22,9,0
2010136N09057,2010,BANDU,2010-05-22 12:00:00+00:00,12.6,50.6,30.0,998.0,1.0,270.0,78,35.0,-5.0,2010,5,22,12,0
2010137N10090,2010,LAILA,2010-05-17 06:00:00+00:00,10.8,88.7,25.0,1004.0,10.0,290.0,832,35.0,0.0,2010,5,17,6,1
2010137N10090,2010,LAILA,2010-05-17 12:00:00+00:00,11.2,87.9,30.0,1000.0,8.0,300.0,778,25.0,5.0,2010,5,17,12,0
2010137N10090,2010,LAILA,2010-05-17 18:00:00+00:00,11.6,87.2,30.0,998.0,8.0,285.0,729,30.0,0.0,2010,5,17,18,1
2010137N10090,2010,LAILA,2010-05-18 00:00:00+00:00,11.8,86.3,35.0,998.0,14.0,290.0,657,30.0,5.0,2010,5,18,0,1
2010137N10090,2010,LAILA,2010-05-18 03:00:00+00:00,12.1,85.4,40.0,996.0,18.0,295.0,567,35.0,5.0,2010,5,18,3,1
2010137N10090,2010,LAILA,2010-05-18 06:00:00+00:00,12.5,84.6,45.0,992.0,16.0,300.0,474,40.0,5.0,2010,5,18,6,0
2010137N10090,2010,LAILA,2010-05-18 09:00:00+00:00,12.9,84.0,45.0,992.0,13.0,295.0,403,45.0,0.0,2010,5,18,9,0
2010137N10090,2010,LAILA,2010-05-18 12:00:00+00:00,13.1,83.5,45.0,990.0,10.0,280.0,347,45.0,0.0,2010,5,18,12,0
2010137N10090,2010,LAILA,2010-05-18 15:00:00+00:00,13.1,83.0,45.0,990.0,9.0,275.0,293,45.0,0.0,2010,5,18,15,0
2010137N10090,2010,LAILA,2010-05-18 18:00:00+00:00,13.1,82.6,45.0,990.0,8.0,275.0,250,45.0,0.0,2010,5,18,18,0
2010137N10090,2010,LAILA,2010-05-18 21:00:00+00:00,13.1,82.1,45.0,990.0,7.0,300.0,196,45.0,0.0,2010,5,18,21,0
2010137N10090,2010,LAILA,2010-05-19 00:00:00+00:00,13.5,82.0,45.0,990.0,5.0,325.0,183,45.0,0.0,2010,5,19,0,0
2010137N10090,2010,LAILA,2010-05-19 03:00:00+00:00,13.5,81.8,45.0,990.0,5.0,290.0,162,45.0,0.0,2010,5,19,3,1
2010137N10090,2010,LAILA,2010-05-19 06:00:00+00:00,13.6,81.5,55.0,986.0,5.0,320.0,129,45.0,10.0,2010,5,19,6,0
2010137N10090,2010,LAILA,2010-05-19 09:00:00+00:00,13.9,81.5,55.0,986.0,4.0,350.0,130,55.0,0.0,2010,5,19,9,0
2010137N10090,2010,LAILA,2010-05-19 12:00:00+00:00,14.0,81.5,55.0,986.0,2.0,350.0,131,55.0,0.0,2010,5,19,12,0
2010137N10090,2010,LAILA,2010-05-19 15:00:00+00:00,14.1,81.4,55.0,986.0,6.0,330.0,123,55.0,0.0,2010,5,19,15,0
2010137N10090,2010,LAILA,2010-05-19 18:00:00+00:00,14.6,81.1,55.0,986.0,7.0,325.0,96,55.0,0.0,2010,5,19,18,0
2010137N10090,2010,LAILA,2010-05-19 21:00:00+00:00,14.7,81.0,55.0,986.0,5.0,345.0,86,55.0,0.0,2010,5,19,21,0
2010137N10090,2010,LAILA,2010-05-20 00:00:00+00:00,15.1,81.0,55.0,986.0,8.0,330.0,68,55.0,0.0,2010,5,20,0,0
2010137N10090,2010,LAILA,2010-05-20 03:00:00+00:00,15.4,80.6,55.0,986.0,6.0,320.0,39,55.0,0.0,2010,5,20,3,0
2010137N10090,2010,LAILA,2010-05-20 06:00:00+00:00,15.6,80.6,55.0,986.0,3.0,340.0,24,55.0,0.0,2010,5,20,6,0
2010137N10090,2010,LAILA,2010-05-20 09:00:00+00:00,15.7,80.5,55.0,986.0,3.0,355.0,11,55.0,0.0,2010,5,20,9,0
2010137N10090,2010,LAILA,2010-05-20 12:00:00+00:00,15.9,80.5,45.0,990.0,2.0,5.0,0,55.0,-10.0,2010,5,20,12,0
2010137N10090,2010,LAILA,2010-05-20 15:00:00+00:00,15.9,80.5,45.0,990.0,2.0,10.0,0,45.0,0.0,2010,5,20,15,0
2010137N10090,2010,LAILA,2010-05-20 18:00:00+00:00,16.0,80.6,45.0,990.0,2.0,45.0,0,45.0,0.0,2010,5,20,18,0
2010137N10090,2010,LAILA,2010-05-20 21:00:00+00:00,16.1,80.7,40.0,990.0,4.0,35.0,0,45.0,-5.0,2010,5,20,21,0
2010137N10090,2010,LAILA,2010-05-21 00:00:00+00:00,16.3,80.8,35.0,990.0,5.0,30.0,0,40.0,-5.0,2010,5,21,0,0
2010137N10090,2010,LAILA,2010-05-21 03:00:00+00:00,16.5,81.0,30.0,995.0,6.0,40.0,0,35.0,-5.0,2010,5,21,3,0
2010151N14065,2010,PHET,2010-05-31 06:00:00+00:00,14.8,64.2,25.0,1001.0,5.0,325.0,827,35.0,0.0,2010,5,31,6,0
2010151N14065,2010,PHET,2010-05-31 12:00:00+00:00,15.2,63.8,25.0,1001.0,5.0,320.0,766,25.0,0.0,2010,5,31,12,0
2010151N14065,2010,PHET,2010-05-31 18:00:00+00:00,15.5,63.6,25.0,999.0,3.0,315.0,729,25.0,0.0,2010,5,31,18,1
2010151N14065,2010,PHET,2010-06-01 00:00:00+00:00,15.7,63.4,30.0,998.0,3.0,310.0,699,25.0,5.0,2010,6,1,0,0
2010151N14065,2010,PHET,2010-06-01 03:00:00+00:00,15.8,63.2,30.0,998.0,7.0,315.0,675,30.0,0.0,2010,6,1,3,0
2010151N14065,2010,PHET,2010-06-01 06:00:00+00:00,16.2,62.9,30.0,996.0,7.0,320.0,624,30.0,0.0,2010,6,1,6,1
2010151N14065,2010,PHET,2010-06-01 09:00:00+00:00,16.3,62.8,35.0,995.0,7.0,320.0,609,30.0,5.0,2010,6,1,9,0
2010151N14065,2010,PHET,2010-06-01 12:00:00+00:00,16.7,62.4,35.0,994.0,7.0,310.0,550,35.0,0.0,2010,6,1,12,1
2010151N14065,2010,PHET,2010-06-01 15:00:00+00:00,16.7,62.2,40.0,992.0,7.0,305.0,532,35.0,5.0,2010,6,1,15,1
2010151N14065,2010,PHET,2010-06-01 18:00:00+00:00,17.1,61.8,45.0,990.0,7.0,305.0,473,40.0,5.0,2010,6,1,18,0
2010151N14065,2010,PHET,2010-06-01 21:00:00+00:00,17.1,61.6,45.0,990.0,7.0,305.0,454,45.0,0.0,2010,6,1,21,1
2010151N14065,2010,PHET,2010-06-02 00:00:00+00:00,17.5,61.3,55.0,986.0,9.0,300.0,405,45.0,10.0,2010,6,2,0,1
2010151N14065,2010,PHET,2010-06-02 03:00:00+00:00,17.5,60.9,60.0,984.0,5.0,295.0,367,55.0,5.0,2010,6,2,3,1
2010151N14065,2010,PHET,2010-06-02 06:00:00+00:00,17.7,60.8,70.0,978.0,7.0,315.0,348,60.0,10.0,2010,6,2,6,1
2010151N14065,2010,PHET,2010-06-02 09:00:00+00:00,18.0,60.4,80.0,968.0,7.0,315.0,296,70.0,10.0,2010,6,2,9,1
2010151N14065,2010,PHET,2010-06-02 12:00:00+00:00,18.1,60.3,85.0,964.0,6.0,315.0,282,80.0,5.0,2010,6,2,12,0
2010151N14065,2010,PHET,2010-06-02 15:00:00+00:00,18.4,59.9,85.0,964.0,5.0,315.0,231,85.0,0.0,2010,6,2,15,0
2010151N14065,2010,PHET,2010-06-02 18:00:00+00:00,18.5,59.9,85.0,966.0,1.0,300.0,228,85.0,0.0,2010,6,2,18,0
2010151N14065,2010,PHET,2010-06-02 21:00:00+00:00,18.5,59.8,80.0,970.0,3.0,280.0,217,85.0,-5.0,2010,6,2,21,0
2010151N14065,2010,PHET,2010-06-03 00:00:00+00:00,18.5,59.6,75.0,974.0,3.0,305.0,197,80.0,-5.0,2010,6,3,0,0
2010151N14065,2010,PHET,2010-06-03 03:00:00+00:00,18.6,59.5,75.0,974.0,6.0,0.0,184,75.0,0.0,2010,6,3,3,0
2010151N14065,2010,PHET,2010-06-03 06:00:00+00:00,19.1,59.6,70.0,978.0,9.0,360.0,183,75.0,-5.0,2010,6,3,6,0
2010151N14065,2010,PHET,2010-06-03 09:00:00+00:00,19.5,59.5,70.0,978.0,10.0,355.0,145,70.0,0.0,2010,6,3,9,0
2010151N14065,2010,PHET,2010-06-03 12:00:00+00:00,20.0,59.5,70.0,978.0,7.0,350.0,113,70.0,0.0,2010,6,3,12,0
2010151N14065,2010,PHET,2010-06-03 15:00:00+00:00,20.2,59.4,70.0,978.0,7.0,350.0,91,70.0,0.0,2010,6,3,15,0
2010151N14065,2010,PHET,2010-06-03 18:00:00+00:00,20.7,59.4,65.0,980.0,9.0,355.0,68,70.0,-5.0,2010,6,3,18,0
2010151N14065,2010,PHET,2010-06-03 21:00:00+00:00,21.1,59.3,65.0,980.0,9.0,355.0,30,65.0,0.0,2010,6,3,21,0
2010151N14065,2010,PHET,2010-06-04 00:00:00+00:00,21.5,59.3,65.0,980.0,9.0,0.0,0,65.0,0.0,2010,6,4,0,0
2010151N14065,2010,PHET,2010-06-04 03:00:00+00:00,21.9,59.3,60.0,982.0,7.0,5.0,0,65.0,-5.0,2010,6,4,3,0
2010151N14065,2010,PHET,2010-06-04 06:00:00+00:00,22.2,59.4,60.0,984.0,6.0,5.0,0,60.0,0.0,2010,6,4,6,0
2010151N14065,2010,PHET,2010-06-04 09:00:00+00:00,22.6,59.4,60.0,984.0,9.0,5.0,0,60.0,0.0,2010,6,4,9,0
2010151N14065,2010,PHET,2010-06-04 12:00:00+00:00,23.0,59.5,60.0,984.0,6.0,10.0,32,60.0,0.0,2010,6,4,12,0
2010151N14065,2010,PHET,2010-06-04 15:00:00+00:00,23.2,59.5,55.0,986.0,3.0,25.0,45,60.0,-5.0,2010,6,4,15,0
2010151N14065,2010,PHET,2010-06-04 18:00:00+00:00,23.3,59.6,55.0,988.0,7.0,40.0,60,55.0,0.0,2010,6,4,18,0
2010151N14065,2010,PHET,2010-06-04 21:00:00+00:00,23.7,60.0,50.0,990.0,10.0,50.0,116,55.0,-5.0,2010,6,4,21,0
2010151N14065,2010,PHET,2010-06-05 00:00:00+00:00,24.0,60.4,45.0,990.0,9.0,55.0,145,50.0,-5.0,2010,6,5,0,0
2010151N14065,2010,PHET,2010-06-05 03:00:00+00:00,24.2,60.8,40.0,992.0,6.0,70.0,113,45.0,-5.0,2010,6,5,3,0
2010151N14065,2010,PHET,2010-06-05 06:00:00+00:00,24.2,61.0,40.0,992.0,3.0,110.0,108,40.0,0.0,2010,6,5,6,0
2010151N14065,2010,PHET,2010-06-05 09:00:00+00:00,24.1,61.1,40.0,992.0,5.0,105.0,115,40.0,0.0,2010,6,5,9,0
2010151N14065,2010,PHET,2010-06-05 12:00:00+00:00,24.0,61.6,40.0,992.0,8.0,100.0,113,40.0,0.0,2010,6,5,12,0
2010151N14065,2010,PHET,2010-06-05 15:00:00+00:00,23.9,62.0,35.0,994.0,8.0,100.0,124,40.0,-5.0,2010,6,5,15,0
2010151N14065,2010,PHET,2010-06-05 18:00:00+00:00,23.9,62.5,30.0,994.0,11.0,100.0,134,35.0,-5.0,2010,6,5,18,0
2010151N14065,2010,PHET,2010-06-05 21:00:00+00:00,23.7,63.1,30.0,994.0,15.0,95.0,167,30.0,0.0,2010,6,5,21,0
2010151N14065,2010,PHET,2010-06-06 00:00:00+00:00,23.7,64.1,30.0,994.0,17.0,90.0,170,30.0,0.0,2010,6,6,0,0
2010151N14065,2010,PHET,2010-06-06 03:00:00+00:00,23.8,65.0,25.0,994.0,17.0,80.0,159,30.0,-5.0,2010,6,6,3,0
2010151N14065,2010,PHET,2010-06-06 06:00:00+00:00,24.0,65.9,25.0,994.0,15.0,70.0,120,25.0,0.0,2010,6,6,6,0
2010151N14065,2010,PHET,2010-06-06 09:00:00+00:00,24.2,66.6,25.0,994.0,13.0,60.0,67,25.0,0.0,2010,6,6,9,0
2010151N14065,2010,PHET,2010-06-06 12:00:00+00:00,24.6,67.2,25.0,995.0,14.0,60.0,0,25.0,0.0,2010,6,6,12,0
2010151N14065,2010,PHET,2010-06-06 15:00:00+00:00,25.0,67.9,25.0,993.0,15.0,70.0,0,25.0,0.0,2010,6,6,15,0
2010151N14065,2010,PHET,2010-06-06 18:00:00+00:00,25.1,68.7,25.0,991.0,17.0,65.0,0,25.0,0.0,2010,6,6,18,0
2010151N14065,2010,PHET,2010-06-07 00:00:00+00:00,26.4,70.5,25.0,993.0,20.0,60.0,0,25.0,0.0,2010,6,7,0,0
2010151N14065,2010,PHET,2010-06-07 03:00:00+00:00,26.7,71.5,25.0,993.0,22.0,70.0,0,25.0,0.0,2010,6,7,3,0
2010280N17085,2010,UNNAMED,2010-10-07 03:00:00+00:00,16.5,84.5,25.0,998.0,20.0,0.0,185,35.0,0.0,2010,10,7,3,0
2010280N17085,2010,UNNAMED,2010-10-07 06:00:00+00:00,17.5,84.5,25.0,998.0,17.0,5.0,99,25.0,0.0,2010,10,7,6,0
2010280N17085,2010,UNNAMED,2010-10-07 12:00:00+00:00,18.5,85.0,25.0,996.0,8.0,40.0,53,25.0,0.0,2010,10,7,12,0
2010280N17085,2010,UNNAMED,2010-10-07 18:00:00+00:00,19.0,85.5,25.0,996.0,9.0,45.0,64,25.0,0.0,2010,10,7,18,0
2010280N17085,2010,UNNAMED,2010-10-08 00:00:00+00:00,20.0,86.5,25.0,998.0,23.0,45.0,10,25.0,0.0,2010,10,8,0,0
2010280N17085,2010,UNNAMED,2010-10-08 03:00:00+00:00,21.0,87.5,25.0,998.0,31.0,50.0,56,25.0,0.0,2010,10,8,3,0
2010280N17085,2010,UNNAMED,2010-10-08 06:00:00+00:00,22.0,89.0,25.0,998.0,29.0,50.0,0,25.0,0.0,2010,10,8,6,0
2010280N17085,2010,UNNAMED,2010-10-08 12:00:00+00:00,23.5,90.5,25.0,1000.0,14.0,30.0,0,25.0,0.0,2010,10,8,12,0
2010286N18090,2010,UNNAMED,2010-10-13 06:00:00+00:00,17.5,90.0,25.0,1002.0,10.0,265.0,421,35.0,0.0,2010,10,13,6,0
2010286N18090,2010,UNNAMED,2010-10-13 12:00:00+00:00,17.5,89.0,25.0,998.0,8.0,295.0,391,25.0,0.0,2010,10,13,12,0
2010286N18090,2010,UNNAMED,2010-10-13 18:00:00+00:00,18.0,88.5,25.0,998.0,3.0,325.0,314,25.0,0.0,2010,10,13,18,0
2010286N18090,2010,UNNAMED,2010-10-14 00:00:00+00:00,18.0,88.5,25.0,998.0,0.0,125.0,314,25.0,0.0,2010,10,14,0,0
2010286N18090,2010,UNNAMED,2010-10-14 03:00:00+00:00,18.0,88.5,25.0,998.0,0.0,0.0,314,25.0,0.0,2010,10,14,3,0
2010286N18090,2010,UNNAMED,2010-10-14 06:00:00+00:00,18.0,88.5,25.0,998.0,2.0,270.0,314,25.0,0.0,2010,10,14,6,0
2010286N18090,2010,UNNAMED,2010-10-14 12:00:00+00:00,18.0,88.0,25.0,996.0,3.0,260.0,279,25.0,0.0,2010,10,14,12,0
2010286N18090,2010,UNNAMED,2010-10-14 18:00:00+00:00,18.0,88.0,25.0,996.0,3.0,320.0,279,25.0,0.0,2010,10,14,18,0
2010286N18090,2010,UNNAMED,2010-10-15 00:00:00+00:00,18.5,87.5,25.0,996.0,12.0,315.0,203,25.0,0.0,2010,10,15,0,1
2010286N18090,2010,UNNAMED,2010-10-15 03:00:00+00:00,19.0,87.0,30.0,996.0,17.0,305.0,128,25.0,5.0,2010,10,15,3,0
2010286N18090,2010,UNNAMED,2010-10-15 06:00:00+00:00,19.5,86.0,30.0,996.0,14.0,295.0,39,30.0,0.0,2010,10,15,6,0
2010286N18090,2010,UNNAMED,2010-10-15 12:00:00+00:00,19.5,85.5,30.0,995.0,7.0,235.0,15,30.0,0.0,2010,10,15,12,0
2010286N18090,2010,UNNAMED,2010-10-15 18:00:00+00:00,19.0,84.5,30.0,996.0,8.0,250.0,0,30.0,0.0,2010,10,15,18,0
2010293N17093,2010,GIRI,2010-10-20 12:00:00+00:00,16.9,91.5,25.0,1002.0,3.0,340.0,301,35.0,0.0,2010,10,20,12,0
2010293N17093,2010,GIRI,2010-10-20 18:00:00+00:00,17.3,91.6,25.0,1002.0,2.0,355.0,292,25.0,0.0,2010,10,20,18,0
2010293N17093,2010,GIRI,2010-10-21 00:00:00+00:00,17.4,91.5,25.0,1002.0,1.0,15.0,293,25.0,0.0,2010,10,21,0,1
2010293N17093,2010,GIRI,2010-10-21 03:00:00+00:00,17.4,91.6,30.0,1000.0,2.0,55.0,285,25.0,5.0,2010,10,21,3,1
2010293N17093,2010,GIRI,2010-10-21 06:00:00+00:00,17.5,91.7,35.0,998.0,2.0,55.0,269,30.0,5.0,2010,10,21,6,1
2010293N17093,2010,GIRI,2010-10-21 09:00:00+00:00,17.6,91.8,40.0,996.0,6.0,45.0,254,35.0,5.0,2010,10,21,9,1
2010293N17093,2010,GIRI,2010-10-21 12:00:00+00:00,17.9,92.1,45.0,990.0,6.0,45.0,208,40.0,5.0,2010,10,21,12,0
2010293N17093,2010,GIRI,2010-10-21 15:00:00+00:00,18.0,92.2,45.0,990.0,2.0,30.0,193,45.0,0.0,2010,10,21,15,1
2010293N17093,2010,GIRI,2010-10-21 18:00:00+00:00,18.1,92.2,50.0,988.0,5.0,35.0,187,45.0,5.0,2010,10,21,18,1
2010293N17093,2010,GIRI,2010-10-21 21:00:00+00:00,18.4,92.5,55.0,984.0,6.0,35.0,143,50.0,5.0,2010,10,21,21,1
2010293N17093,2010,GIRI,2010-10-22 00:00:00+00:00,18.5,92.6,60.0,980.0,6.0,40.0,128,55.0,5.0,2010,10,22,0,1
2010293N17093,2010,GIRI,2010-10-22 03:00:00+00:00,18.9,92.9,80.0,974.0,7.0,40.0,84,60.0,20.0,2010,10,22,3,1
2010293N17093,2010,GIRI,2010-10-22 06:00:00+00:00,19.0,93.0,90.0,964.0,7.0,35.0,71,80.0,10.0,2010,10,22,6,1
2010293N17093,2010,GIRI,2010-10-22 09:00:00+00:00,19.4,93.3,105.0,950.0,9.0,25.0,33,90.0,15.0,2010,10,22,9,0
2010293N17093,2010,GIRI,2010-10-22 12:00:00+00:00,19.8,93.4,105.0,950.0,7.0,15.0,15,105.0,0.0,2010,10,22,12,0
2010293N17093,2010,GIRI,2010-10-22 15:00:00+00:00,20.1,93.5,80.0,966.0,8.0,35.0,0,105.0,-25.0,2010,10,22,15,0
2010293N17093,2010,GIRI,2010-10-22 18:00:00+00:00,20.5,93.9,70.0,976.0,9.0,45.0,0,80.0,-10.0,2010,10,22,18,0
2010293N17093,2010,GIRI,2010-10-22 21:00:00+00:00,20.7,94.2,55.0,986.0,11.0,50.0,0,70.0,-15.0,2010,10,22,21,0
2010293N17093,2010,GIRI,2010-10-23 00:00:00+00:00,21.2,94.8,45.0,992.0,13.0,45.0,0,55.0,-10.0,2010,10,23,0,0
2010293N17093,2010,GIRI,2010-10-23 03:00:00+00:00,21.6,95.2,35.0,996.0,11.0,35.0,0,45.0,-10.0,2010,10,23,3,0
2010305N06105,2010,JAL,2010-11-04 00:00:00+00:00,8.4,91.6,25.0,1002.0,8.0,280.0,506,35.0,0.0,2010,11,4,0,0
2010305N06105,2010,JAL,2010-11-04 03:00:00+00:00,8.6,91.1,25.0,1002.0,9.0,285.0,563,25.0,0.0,2010,11,4,3,0
2010305N06105,2010,JAL,2010-11-04 06:00:00+00:00,8.6,90.7,25.0,1002.0,8.0,275.0,599,25.0,0.0,2010,11,4,6,0
2010305N06105,2010,JAL,2010-11-04 12:00:00+00:00,8.7,90.0,25.0,1002.0,6.0,275.0,671,25.0,0.0,2010,11,4,12,0
2010305N06105,2010,JAL,2010-11-04 18:00:00+00:00,8.8,89.4,25.0,1002.0,8.0,290.0,733,25.0,0.0,2010,11,4,18,1
2010305N06105,2010,JAL,2010-11-05 00:00:00+00:00,9.1,88.6,30.0,1000.0,9.0,285.0,767,25.0,5.0,2010,11,5,0,0
2010305N06105,2010,JAL,2010-11-05 03:00:00+00:00,9.1,88.1,30.0,1000.0,8.0,275.0,713,30.0,0.0,2010,11,5,3,1
2010305N06105,2010,JAL,2010-11-05 06:00:00+00:00,9.2,87.7,35.0,998.0,6.0,280.0,673,30.0,5.0,2010,11,5,6,1
2010305N06105,2010,JAL,2010-11-05 09:00:00+00:00,9.3,87.5,40.0,996.0,8.0,300.0,655,35.0,5.0,2010,11,5,9,1
2010305N06105,2010,JAL,2010-11-05 12:00:00+00:00,9.6,87.1,45.0,994.0,7.0,305.0,624,40.0,5.0,2010,11,5,12,0
2010305N06105,2010,JAL,2010-11-05 15:00:00+00:00,9.7,86.9,45.0,994.0,7.0,310.0,608,45.0,0.0,2010,11,5,15,1
2010305N06105,2010,JAL,2010-11-05 18:00:00+00:00,10.1,86.5,50.0,992.0,9.0,300.0,587,45.0,5.0,2010,11,5,18,1
2010305N06105,2010,JAL,2010-11-05 21:00:00+00:00,10.1,86.1,55.0,990.0,8.0,280.0,547,50.0,5.0,2010,11,5,21,0
2010305N06105,2010,JAL,2010-11-06 00:00:00+00:00,10.2,85.8,55.0,990.0,5.0,285.0,523,55.0,0.0,2010,11,6,0,0
2010305N06105,2010,JAL,2010-11-06 03:00:00+00:00,10.3,85.6,55.0,990.0,5.0,285.0,507,55.0,0.0,2010,11,6,3,0
2010305N06105,2010,JAL,2010-11-06 06:00:00+00:00,10.4,85.3,55.0,990.0,6.0,290.0,483,55.0,0.0,2010,11,6,6,0
2010305N06105,2010,JAL,2010-11-06 09:00:00+00:00,10.5,85.1,55.0,990.0,10.0,320.0,469,55.0,0.0,2010,11,6,9,1
2010305N06105,2010,JAL,2010-11-06 12:00:00+00:00,11.1,84.6,60.0,988.0,10.0,320.0,459,55.0,5.0,2010,11,6,12,0
2010305N06105,2010,JAL,2010-11-06 15:00:00+00:00,11.2,84.4,60.0,988.0,7.0,285.0,447,60.0,0.0,2010,11,6,15,0
2010305N06105,2010,JAL,2010-11-06 18:00:00+00:00,11.3,84.0,60.0,988.0,7.0,290.0,415,60.0,0.0,2010,11,6,18,0
2010305N06105,2010,JAL,2010-11-06 21:00:00+00:00,11.4,83.7,60.0,988.0,8.0,290.0,395,60.0,0.0,2010,11,6,21,0
2010305N06105,2010,JAL,2010-11-07 00:00:00+00:00,11.6,83.2,60.0,988.0,13.0,305.0,341,60.0,0.0,2010,11,7,0,0
2010305N06105,2010,JAL,2010-11-07 03:00:00+00:00,12.2,82.7,55.0,990.0,12.0,305.0,273,60.0,-5.0,2010,11,7,3,0
2010305N06105,2010,JAL,2010-11-07 06:00:00+00:00,12.3,82.2,45.0,992.0,11.0,280.0,218,55.0,-10.0,2010,11,7,6,0
2010305N06105,2010,JAL,2010-11-07 09:00:00+00:00,12.3,81.5,40.0,994.0,12.0,305.0,143,45.0,-5.0,2010,11,7,9,0
2010305N06105,2010,JAL,2010-11-07 12:00:00+00:00,13.0,81.1,30.0,996.0,11.0,305.0,92,40.0,-10.0,2010,11,7,12,0
2010305N06105,2010,JAL,2010-11-07 15:00:00+00:00,13.0,80.6,30.0,998.0,11.0,280.0,43,30.0,0.0,2010,11,7,15,0
2010305N06105,2010,JAL,2010-11-07 18:00:00+00:00,13.1,80.0,30.0,1000.0,12.0,295.0,0,30.0,0.0,2010,11,7,18,0
2010305N06105,2010,JAL,2010-11-08 00:00:00+00:00,14.2,78.9,25.0,1002.0,20.0,315.0,0,30.0,-5.0,2010,11,8,0,0
2010341N14082,2010,UNNAMED,2010-12-07 03:00:00+00:00,14.0,82.0,25.0,1000.0,10.0,0.0,184,35.0,0.0,2010,12,7,3,0
2010341N14082,2010,UNNAMED,2010-12-07 06:00:00+00:00,14.5,82.0,25.0,1000.0,8.0,345.0,178,25.0,0.0,2010,12,7,6,0
2010341N14082,2010,UNNAMED,2010-12-07 12:00:00+00:00,15.0,81.5,25.0,1000.0,7.0,310.0,101,25.0,0.0,2010,12,7,12,0
2010341N14082,2010,UNNAMED,2010-12-07 18:00:00+00:00,15.5,81.0,25.0,1000.0,9.0,305.0,24,25.0,0.0,2010,12,7,18,0
2011033N06083,2011,UNNAMED,2011-02-02 09:00:00+00:00,6.5,82.5,25.0,1002.0,0.0,0.0,84,35.0,0.0,2011,2,2,9,0
2011033N06083,2011,UNNAMED,2011-02-02 12:00:00+00:00,6.5,82.5,25.0,1002.0,0.0,0.0,84,25.0,0.0,2011,2,2,12,0
2011160N18070,2011,UNNAMED,2011-06-11 12:00:00+00:00,20.0,71.7,25.0,996.0,4.0,315.0,105,35.0,0.0,2011,6,11,12,0
2011160N18070,2011,UNNAMED,2011-06-11 18:00:00+00:00,20.2,71.4,25.0,996.0,6.0,310.0,74,25.0,0.0,2011,6,11,18,0
2011160N18070,2011,UNNAMED,2011-06-12 00:00:00+00:00,20.7,70.7,25.0,996.0,5.0,285.0,10,25.0,0.0,2011,6,12,0,0
2011160N18070,2011,UNNAMED,2011-06-12 03:00:00+00:00,20.6,70.6,20.0,998.0,4.0,245.0,23,25.0,-5.0,2011,6,12,3,0
2011167N22089,2011,UNNAMED,2011-06-16 03:00:00+00:00,21.5,89.0,25.0,986.0,0.0,0.0,11,35.0,0.0,2011,6,16,3,0
2011167N22089,2011,UNNAMED,2011-06-16 06:00:00+00:00,21.5,89.0,25.0,986.0,2.0,0.0,11,25.0,0.0,2011,6,16,6,1
2011167N22089,2011,UNNAMED,2011-06-16 12:00:00+00:00,22.0,89.0,30.0,984.0,6.0,0.0,0,25.0,5.0,2011,6,16,12,0
2011167N22089,2011,UNNAMED,2011-06-16 18:00:00+00:00,22.5,89.0,30.0,984.0,2.0,5.0,0,30.0,0.0,2011,6,16,18,0
2011167N22089,2011,UNNAMED,2011-06-17 00:00:00+00:00,22.5,89.0,30.0,984.0,0.0,150.0,0,30.0,0.0,2011,6,17,0,0
2011167N22089,2011,UNNAMED,2011-06-17 03:00:00+00:00,22.5,89.0,30.0,984.0,6.0,305.0,0,30.0,0.0,2011,6,17,3,1
2011167N22089,2011,UNNAMED,2011-06-17 06:00:00+00:00,22.8,88.5,35.0,978.0,9.0,300.0,0,30.0,5.0,2011,6,17,6,0
2011167N22089,2011,UNNAMED,2011-06-17 12:00:00+00:00,23.0,88.0,25.0,982.0,2.0,290.0,0,35.0,-10.0,2011,6,17,12,0
2011167N22089,2011,UNNAMED,2011-06-17 18:00:00+00:00,23.0,88.0,25.0,984.0,2.0,265.0,0,25.0,0.0,2011,6,17,18,0
2011167N22089,2011,UNNAMED,2011-06-18 00:00:00+00:00,23.0,87.5,25.0,984.0,8.0,270.0,0,25.0,0.0,2011,6,18,0,0
2011167N22089,2011,UNNAMED,2011-06-18 03:00:00+00:00,23.0,87.0,25.0,984.0,5.0,270.0,0,25.0,0.0,2011,6,18,3,0
2011167N22089,2011,UNNAMED,2011-06-18 06:00:00+00:00,23.0,87.0,25.0,984.0,0.0,90.0,0,25.0,0.0,2011,6,18,6,0
2011167N22089,2011,UNNAMED,2011-06-18 12:00:00+00:00,23.0,87.0,25.0,984.0,2.0,270.0,0,25.0,0.0,2011,6,18,12,0
2011167N22089,2011,UNNAMED,2011-06-18 18:00:00+00:00,23.0,86.5,25.0,986.0,5.0,255.0,0,25.0,0.0,2011,6,18,18,0
2011167N22089,2011,UNNAMED,2011-06-19 00:00:00+00:00,23.0,86.0,25.0,986.0,10.0,310.0,0,25.0,0.0,2011,6,19,0,0
2011167N22089,2011,UNNAMED,2011-06-19 03:00:00+00:00,23.5,85.5,25.0,987.0,7.0,315.0,0,25.0,0.0,2011,6,19,3,0
2011167N22089,2011,UNNAMED,2011-06-19 06:00:00+00:00,23.5,85.5,25.0,987.0,2.0,270.0,0,25.0,0.0,2011,6,19,6,0
2011167N22089,2011,UNNAMED,2011-06-19 12:00:00+00:00,23.5,85.0,25.0,987.0,5.0,270.0,0,25.0,0.0,2011,6,19,12,0
2011167N22089,2011,UNNAMED,2011-06-19 18:00:00+00:00,23.5,84.5,25.0,987.0,4.0,265.0,0,25.0,0.0,2011,6,19,18,0
2011167N22089,2011,UNNAMED,2011-06-20 00:00:00+00:00,23.5,84.0,25.0,987.0,8.0,290.0,0,25.0,0.0,2011,6,20,0,0
2011167N22089,2011,UNNAMED,2011-06-20 03:00:00+00:00,23.7,83.5,25.0,987.0,5.0,295.0,0,25.0,0.0,2011,6,20,3,0
2011167N22089,2011,UNNAMED,2011-06-20 06:00:00+00:00,23.7,83.5,20.0,990.0,3.0,305.0,0,25.0,-5.0,2011,6,20,6,0
2011167N22089,2011,UNNAMED,2011-06-20 12:00:00+00:00,24.0,83.0,20.0,990.0,3.0,300.0,0,20.0,0.0,2011,6,20,12,0
2011167N22089,2011,UNNAMED,2011-06-20 18:00:00+00:00,24.0,83.0,20.0,990.0,3.0,330.0,0,20.0,0.0,2011,6,20,18,0
2011167N22089,2011,UNNAMED,2011-06-21 00:00:00+00:00,24.5,82.5,20.0,990.0,8.0,285.0,0,20.0,0.0,2011,6,21,0,0
2011167N22089,2011,UNNAMED,2011-06-21 03:00:00+00:00,24.5,82.0,20.0,990.0,9.0,270.0,0,20.0,0.0,2011,6,21,3,0
2011167N22089,2011,UNNAMED,2011-06-21 06:00:00+00:00,24.5,81.5,20.0,990.0,8.0,270.0,0,20.0,0.0,2011,6,21,6,0
2011167N22089,2011,UNNAMED,2011-06-21 12:00:00+00:00,24.5,81.0,20.0,990.0,1.0,270.0,0,20.0,0.0,2011,6,21,12,0
2011167N22089,2011,UNNAMED,2011-06-21 18:00:00+00:00,24.5,81.0,20.0,990.0,1.0,270.0,0,20.0,0.0,2011,6,21,18,0
2011167N22089,2011,UNNAMED,2011-06-22 00:00:00+00:00,24.5,80.5,20.0,991.0,8.0,270.0,0,20.0,0.0,2011,6,22,0,0
2011167N22089,2011,UNNAMED,2011-06-22 03:00:00+00:00,24.5,80.0,20.0,992.0,5.0,270.0,0,20.0,0.0,2011,6,22,3,0
2011167N22089,2011,UNNAMED,2011-06-22 06:00:00+00:00,24.5,80.0,20.0,992.0,3.0,270.0,0,20.0,0.0,2011,6,22,6,0
2011167N22089,2011,UNNAMED,2011-06-22 12:00:00+00:00,24.5,79.1,20.0,994.0,8.0,270.0,0,20.0,0.0,2011,6,22,12,0
2011203N24085,2011,UNNAMED,2011-07-22 03:00:00+00:00,23.5,84.5,20.0,990.0,14.0,315.0,0,35.0,0.0,2011,7,22,3,0
2011203N24085,2011,UNNAMED,2011-07-22 06:00:00+00:00,24.0,84.0,20.0,990.0,7.0,320.0,0,20.0,0.0,2011,7,22,6,0
2011203N24085,2011,UNNAMED,2011-07-22 09:00:00+00:00,24.0,84.0,20.0,990.0,9.0,270.0,0,20.0,0.0,2011,7,22,9,0
2011203N24085,2011,UNNAMED,2011-07-22 12:00:00+00:00,24.0,83.0,20.0,990.0,17.0,270.0,0,20.0,0.0,2011,7,22,12,0
2011203N24085,2011,UNNAMED,2011-07-22 18:00:00+00:00,24.0,81.5,20.0,992.0,11.0,280.0,0,20.0,0.0,2011,7,22,18,0
2011265N21088,2011,UNNAMED,2011-09-22 03:00:00+00:00,21.5,87.5,4.0,998.0,4.0,300.0,15,35.0,0.0,2011,9,22,3,0
2011265N21088,2011,UNNAMED,2011-09-22 06:00:00+00:00,21.6,87.3,4.0,998.0,3.0,300.0,0,4.0,0.0,2011,9,22,6,0
2011265N21088,2011,UNNAMED,2011-09-22 12:00:00+00:00,21.7,87.2,4.0,995.0,1.0,300.0,0,4.0,0.0,2011,9,22,12,0
2011265N21088,2011,UNNAMED,2011-09-22 18:00:00+00:00,21.8,87.0,4.0,998.0,6.0,320.0,0,4.0,0.0,2011,9,22,18,0
2011265N21088,2011,UNNAMED,2011-09-23 00:00:00+00:00,22.5,86.5,4.0,1000.0,4.0,330.0,0,4.0,0.0,2011,9,23,0,0
2011265N21088,2011,UNNAMED,2011-09-23 03:00:00+00:00,22.5,86.5,4.0,1002.0,0.0,0.0,0,4.0,0.0,2011,9,23,3,0
2011290N15090,2011,UNNAMED,2011-10-19 00:00:00+00:00,20.2,90.8,3.0,1002.0,7.0,60.0,174,35.0,0.0,2011,10,19,0,0
2011290N15090,2011,UNNAMED,2011-10-19 03:00:00+00:00,20.3,91.1,3.0,1000.0,8.0,60.0,141,3.0,0.0,2011,10,19,3,1
2011290N15090,2011,UNNAMED,2011-10-19 06:00:00+00:00,20.6,91.5,5.0,1000.0,8.0,45.0,89,3.0,2.0,2011,10,19,6,0
2011290N15090,2011,UNNAMED,2011-10-19 12:00:00+00:00,21.2,92.0,5.0,1000.0,7.0,45.0,10,5.0,0.0,2011,10,19,12,0
2011290N15090,2011,UNNAMED,2011-10-19 18:00:00+00:00,21.5,92.7,5.0,1002.0,6.0,75.0,0,5.0,0.0,2011,10,19,18,0
2011302N13062,2011,KEILA,2011-10-29 06:00:00+00:00,13.0,62.0,25.0,1004.0,12.0,270.0,807,35.0,0.0,2011,10,29,6,0
2011302N13062,2011,KEILA,2011-10-29 12:00:00+00:00,13.0,61.0,25.0,1004.0,4.0,270.0,706,25.0,0.0,2011,10,29,12,0
2011302N13062,2011,KEILA,2011-10-29 18:00:00+00:00,13.0,61.0,25.0,1004.0,1.0,270.0,706,25.0,0.0,2011,10,29,18,0
2011302N13062,2011,KEILA,2011-10-30 00:00:00+00:00,13.0,60.5,25.0,1004.0,8.0,270.0,652,25.0,0.0,2011,10,30,0,0
2011302N13062,2011,KEILA,2011-10-30 03:00:00+00:00,13.0,60.0,25.0,1004.0,5.0,270.0,598,25.0,0.0,2011,10,30,3,0
2011302N13062,2011,KEILA,2011-10-30 06:00:00+00:00,13.0,60.0,25.0,1002.0,3.0,315.0,598,25.0,0.0,2011,10,30,6,0
2011302N13062,2011,KEILA,2011-10-30 12:00:00+00:00,13.5,59.5,25.0,1002.0,8.0,315.0,551,25.0,0.0,2011,10,30,12,0
2011302N13062,2011,KEILA,2011-10-30 18:00:00+00:00,14.0,59.0,25.0,1002.0,5.0,340.0,511,25.0,0.0,2011,10,30,18,0
2011302N13062,2011,KEILA,2011-10-31 00:00:00+00:00,14.5,59.0,25.0,1002.0,10.0,325.0,471,25.0,0.0,2011,10,31,0,0
2011302N13062,2011,KEILA,2011-10-31 03:00:00+00:00,15.0,58.5,25.0,1000.0,25.0,310.0,394,25.0,0.0,2011,10,31,3,0
2011302N13062,2011,KEILA,2011-10-31 06:00:00+00:00,16.0,57.0,25.0,1000.0,19.0,310.0,222,25.0,0.0,2011,10,31,6,0
2011302N13062,2011,KEILA,2011-10-31 12:00:00+00:00,16.0,57.5,25.0,1000.0,4.0,120.0,242,25.0,0.0,2011,10,31,12,0
2011302N13062,2011,KEILA,2011-10-31 18:00:00+00:00,16.0,57.0,25.0,1000.0,5.0,270.0,222,25.0,0.0,2011,10,31,18,0
2011302N13062,2011,KEILA,2011-11-01 00:00:00+00:00,15.9,56.6,25.0,1000.0,6.0,260.0,200,25.0,0.0,2011,11,1,0,1
2011302N13062,2011,KEILA,2011-11-01 03:00:00+00:00,15.9,56.2,30.0,1000.0,4.0,265.0,174,25.0,5.0,2011,11,1,3,0
2011302N13062,2011,KEILA,2011-11-01 06:00:00+00:00,15.9,56.1,30.0,1000.0,3.0,270.0,168,30.0,0.0,2011,11,1,6,0
2011302N13062,2011,KEILA,2011-11-01 12:00:00+00:00,16.0,55.7,30.0,1000.0,4.0,275.0,134,30.0,0.0,2011,11,1,12,0
2011302N13062,2011,KEILA,2011-11-01 18:00:00+00:00,16.0,55.5,30.0,1000.0,2.0,295.0,123,30.0,0.0,2011,11,1,18,0
2011302N13062,2011,KEILA,2011-11-02 00:00:00+00:00,16.1,55.3,30.0,1000.0,3.0,290.0,104,30.0,0.0,2011,11,2,0,1
2011302N13062,2011,KEILA,2011-11-02 03:00:00+00:00,16.2,55.0,35.0,998.0,5.0,285.0,81,30.0,5.0,2011,11,2,3,0
2011302N13062,2011,KEILA,2011-11-02 06:00:00+00:00,16.3,54.8,35.0,996.0,3.0,305.0,67,35.0,0.0,2011,11,2,6,0
2011302N13062,2011,KEILA,2011-11-02 09:00:00+00:00,16.4,54.7,35.0,996.0,5.0,0.0,56,35.0,0.0,2011,11,2,9,0
2011302N13062,2011,KEILA,2011-11-02 12:00:00+00:00,16.7,54.8,35.0,996.0,5.0,345.0,22,35.0,0.0,2011,11,2,12,0
2011302N13062,2011,KEILA,2011-11-02 15:00:00+00:00,16.9,54.6,35.0,996.0,4.0,320.0,11,35.0,0.0,2011,11,2,15,0
2011302N13062,2011,KEILA,2011-11-02 18:00:00+00:00,17.0,54.5,30.0,1000.0,2.0,325.0,0,35.0,-5.0,2011,11,2,18,0
2011302N13062,2011,KEILA,2011-11-03 00:00:00+00:00,17.0,54.6,30.0,1000.0,1.0,65.0,0,30.0,0.0,2011,11,3,0,0
2011302N13062,2011,KEILA,2011-11-03 03:00:00+00:00,17.0,54.6,30.0,1000.0,2.0,10.0,0,30.0,0.0,2011,11,3,3,0
2011302N13062,2011,KEILA,2011-11-03 06:00:00+00:00,17.1,54.6,30.0,1000.0,2.0,60.0,0,30.0,0.0,2011,11,3,6,0
2011302N13062,2011,KEILA,2011-11-03 12:00:00+00:00,17.1,54.9,30.0,1000.0,3.0,95.0,0,30.0,0.0,2011,11,3,12,0
2011302N13062,2011,KEILA,2011-11-03 18:00:00+00:00,17.1,55.2,30.0,1001.0,1.0,160.0,10,30.0,0.0,2011,11,3,18,0
2011302N13062,2011,KEILA,2011-11-04 00:00:00+00:00,16.7,54.9,30.0,1001.0,7.0,220.0,24,30.0,0.0,2011,11,4,0,0
2011310N11066,2011,UNNAMED,2011-11-06 06:00:00+00:00,10.5,65.5,25.0,1004.0,2.0,115.0,1045,35.0,0.0,2011,11,6,6,0
2011310N11066,2011,UNNAMED,2011-11-06 12:00:00+00:00,10.5,65.5,25.0,1004.0,6.0,295.0,1045,25.0,0.0,2011,11,6,12,0
2011310N11066,2011,UNNAMED,2011-11-06 18:00:00+00:00,11.0,64.5,25.0,1004.0,10.0,310.0,1103,25.0,0.0,2011,11,6,18,0
2011310N11066,2011,UNNAMED,2011-11-07 00:00:00+00:00,11.5,64.0,25.0,1002.0,8.0,285.0,1041,25.0,0.0,2011,11,7,0,0
2011310N11066,2011,UNNAMED,2011-11-07 03:00:00+00:00,11.5,63.5,25.0,1002.0,22.0,295.0,987,25.0,0.0,2011,11,7,3,0
2011310N11066,2011,UNNAMED,2011-11-07 06:00:00+00:00,12.5,62.0,25.0,1002.0,30.0,305.0,814,25.0,0.0,2011,11,7,6,0
2011310N11066,2011,UNNAMED,2011-11-07 12:00:00+00:00,13.4,60.5,25.0,1002.0,7.0,290.0,656,25.0,0.0,2011,11,7,12,0
2011310N11066,2011,UNNAMED,2011-11-07 18:00:00+00:00,13.4,60.2,25.0,1002.0,3.0,280.0,624,25.0,0.0,2011,11,7,18,0
2011310N11066,2011,UNNAMED,2011-11-08 00:00:00+00:00,13.6,59.8,25.0,1002.0,3.0,295.0,585,25.0,0.0,2011,11,8,0,1
2011310N11066,2011,UNNAMED,2011-11-08 03:00:00+00:00,13.6,59.7,30.0,1000.0,5.0,285.0,574,25.0,5.0,2011,11,8,3,0
2011310N11066,2011,UNNAMED,2011-11-08 06:00:00+00:00,13.8,59.3,30.0,1000.0,6.0,300.0,537,30.0,0.0,2011,11,8,6,0
2011310N11066,2011,UNNAMED,2011-11-08 12:00:00+00:00,14.2,59.0,30.0,1000.0,5.0,330.0,498,30.0,0.0,2011,11,8,12,0
2011310N11066,2011,UNNAMED,2011-11-08 18:00:00+00:00,14.7,58.7,30.0,1000.0,6.0,340.0,434,30.0,0.0,2011,11,8,18,0
2011310N11066,2011,UNNAMED,2011-11-09 00:00:00+00:00,15.1,58.6,30.0,1000.0,3.0,340.0,391,30.0,0.0,2011,11,9,0,0
2011310N11066,2011,UNNAMED,2011-11-09 03:00:00+00:00,15.2,58.5,30.0,1000.0,2.0,330.0,376,30.0,0.0,2011,11,9,3,0
2011310N11066,2011,UNNAMED,2011-11-09 06:00:00+00:00,15.3,58.5,30.0,1000.0,3.0,350.0,367,30.0,0.0,2011,11,9,6,0
2011310N11066,2011,UNNAMED,2011-11-09 12:00:00+00:00,15.7,58.5,25.0,1002.0,3.0,5.0,332,30.0,-5.0,2011,11,9,12,0
2011310N11066,2011,UNNAMED,2011-11-09 18:00:00+00:00,15.8,58.6,25.0,1002.0,3.0,0.0,331,25.0,0.0,2011,11,9,18,0
2011310N11066,2011,UNNAMED,2011-11-10 00:00:00+00:00,16.2,58.5,25.0,1002.0,2.0,315.0,292,25.0,0.0,2011,11,10,0,0
2011330N06078,2011,UNNAMED,2011-11-26 03:00:00+00:00,7.9,76.1,25.0,1002.0,10.0,310.0,109,35.0,0.0,2011,11,26,3,0
2011330N06078,2011,UNNAMED,2011-11-26 06:00:00+00:00,8.2,75.6,25.0,1002.0,11.0,305.0,126,25.0,0.0,2011,11,26,6,0
2011330N06078,2011,UNNAMED,2011-11-26 12:00:00+00:00,8.7,74.9,25.0,1000.0,6.0,310.0,172,25.0,0.0,2011,11,26,12,0
2011330N06078,2011,UNNAMED,2011-11-26 18:00:00+00:00,9.1,74.5,25.0,1000.0,8.0,315.0,200,25.0,0.0,2011,11,26,18,0
2011330N06078,2011,UNNAMED,2011-11-27 00:00:00+00:00,10.0,73.6,25.0,1000.0,18.0,315.0,267,25.0,0.0,2011,11,27,0,0
2011330N06078,2011,UNNAMED,2011-11-27 03:00:00+00:00,10.7,72.9,25.0,1000.0,17.0,315.0,290,25.0,0.0,2011,11,27,3,0
2011330N06078,2011,UNNAMED,2011-11-27 06:00:00+00:00,11.2,72.4,25.0,1000.0,14.0,315.0,313,25.0,0.0,2011,11,27,6,0
2011330N06078,2011,UNNAMED,2011-11-27 12:00:00+00:00,12.1,71.5,25.0,1000.0,11.0,315.0,367,25.0,0.0,2011,11,27,12,0
2011330N06078,2011,UNNAMED,2011-11-27 18:00:00+00:00,12.8,70.7,25.0,1000.0,11.0,315.0,430,25.0,0.0,2011,11,27,18,1
2011330N06078,2011,UNNAMED,2011-11-28 00:00:00+00:00,13.7,69.8,30.0,998.0,13.0,315.0,468,25.0,5.0,2011,11,28,0,0
2011330N06078,2011,UNNAMED,2011-11-28 03:00:00+00:00,14.1,69.3,30.0,998.0,13.0,315.0,502,30.0,0.0,2011,11,28,3,0
2011330N06078,2011,UNNAMED,2011-11-28 06:00:00+00:00,14.6,68.9,30.0,998.0,11.0,310.0,517,30.0,0.0,2011,11,28,6,0
2011330N06078,2011,UNNAMED,2011-11-28 12:00:00+00:00,15.1,68.1,30.0,998.0,8.0,305.0,578,30.0,0.0,2011,11,28,12,0
2011330N06078,2011,UNNAMED,2011-11-28 18:00:00+00:00,15.5,67.6,30.0,998.0,5.0,295.0,619,30.0,0.0,2011,11,28,18,0
2011330N06078,2011,UNNAMED,2011-11-29 00:00:00+00:00,15.6,67.1,30.0,998.0,5.0,285.0,670,30.0,0.0,2011,11,29,0,0
2011330N06078,2011,UNNAMED,2011-11-29 03:00:00+00:00,15.6,66.8,30.0,998.0,6.0,300.0,702,30.0,0.0,2011,11,29,3,0
2011330N06078,2011,UNNAMED,2011-11-29 06:00:00+00:00,15.9,66.6,30.0,998.0,6.0,320.0,694,30.0,0.0,2011,11,29,6,0
2011330N06078,2011,UNNAMED,2011-11-29 12:00:00+00:00,16.3,66.3,25.0,1000.0,7.0,305.0,676,30.0,-5.0,2011,11,29,12,0
2011330N06078,2011,UNNAMED,2011-11-29 18:00:00+00:00,16.7,65.4,25.0,1000.0,11.0,290.0,705,25.0,0.0,2011,11,29,18,0
2011330N06078,2011,UNNAMED,2011-11-30 00:00:00+00:00,17.1,64.5,25.0,1000.0,6.0,305.0,727,25.0,0.0,2011,11,30,0,0
2011330N06078,2011,UNNAMED,2011-11-30 03:00:00+00:00,17.2,64.3,25.0,1000.0,9.0,310.0,704,25.0,0.0,2011,11,30,3,0
2011330N06078,2011,UNNAMED,2011-11-30 06:00:00+00:00,17.7,63.7,25.0,1000.0,12.0,315.0,619,25.0,0.0,2011,11,30,6,0
2011330N06078,2011,UNNAMED,2011-11-30 12:00:00+00:00,18.4,63.4,25.0,1000.0,8.0,330.0,544,25.0,0.0,2011,11,30,12,0
2011330N06078,2011,UNNAMED,2011-11-30 18:00:00+00:00,19.0,62.7,25.0,1000.0,6.0,315.0,444,25.0,0.0,2011,11,30,18,0
2011330N06078,2011,UNNAMED,2011-12-01 00:00:00+00:00,19.3,62.6,25.0,1002.0,2.0,335.0,416,25.0,0.0,2011,12,1,0,0
2011360N09088,2011,THANE,2011-12-25 12:00:00+00:00,8.9,88.4,25.0,1000.0,4.0,345.0,741,35.0,0.0,2011,12,25,12,0
2011360N09088,2011,THANE,2011-12-25 18:00:00+00:00,9.3,88.3,25.0,1000.0,6.0,335.0,740,25.0,0.0,2011,12,25,18,1
2011360N09088,2011,THANE,2011-12-26 00:00:00+00:00,9.8,88.0,30.0,998.0,4.0,340.0,725,25.0,5.0,2011,12,26,0,0
2011360N09088,2011,THANE,2011-12-26 03:00:00+00:00,9.9,88.0,30.0,998.0,5.0,355.0,728,30.0,0.0,2011,12,26,3,0
2011360N09088,2011,THANE,2011-12-26 06:00:00+00:00,10.3,88.0,30.0,998.0,7.0,355.0,745,30.0,0.0,2011,12,26,6,0
2011360N09088,2011,THANE,2011-12-26 12:00:00+00:00,10.8,87.9,30.0,998.0,5.0,345.0,764,30.0,0.0,2011,12,26,12,1
2011360N09088,2011,THANE,2011-12-26 18:00:00+00:00,11.3,87.7,35.0,996.0,3.0,325.0,763,30.0,5.0,2011,12,26,18,0
2011360N09088,2011,THANE,2011-12-26 21:00:00+00:00,11.4,87.6,35.0,996.0,4.0,340.0,758,35.0,0.0,2011,12,26,21,1
2011360N09088,2011,THANE,2011-12-27 00:00:00+00:00,11.7,87.5,40.0,994.0,7.0,330.0,763,35.0,5.0,2011,12,27,0,0
2011360N09088,2011,THANE,2011-12-27 03:00:00+00:00,12.0,87.2,40.0,994.0,5.0,310.0,737,40.0,0.0,2011,12,27,3,0
2011360N09088,2011,THANE,2011-12-27 06:00:00+00:00,12.1,87.1,40.0,994.0,4.0,300.0,721,40.0,0.0,2011,12,27,6,0
2011360N09088,2011,THANE,2011-12-27 09:00:00+00:00,12.2,86.8,40.0,992.0,6.0,305.0,691,40.0,0.0,2011,12,27,9,0
2011360N09088,2011,THANE,2011-12-27 12:00:00+00:00,12.4,86.6,40.0,992.0,5.0,290.0,659,40.0,0.0,2011,12,27,12,1
2011360N09088,2011,THANE,2011-12-27 15:00:00+00:00,12.4,86.4,45.0,992.0,6.0,260.0,644,40.0,5.0,2011,12,27,15,0
2011360N09088,2011,THANE,2011-12-27 18:00:00+00:00,12.3,86.0,45.0,992.0,6.0,255.0,624,45.0,0.0,2011,12,27,18,0
2011360N09088,2011,THANE,2011-12-27 21:00:00+00:00,12.2,85.8,45.0,992.0,5.0,260.0,609,45.0,0.0,2011,12,27,21,0
2011360N09088,2011,THANE,2011-12-28 00:00:00+00:00,12.2,85.4,45.0,992.0,5.0,265.0,566,45.0,0.0,2011,12,28,0,0
2011360N09088,2011,THANE,2011-12-28 03:00:00+00:00,12.2,85.2,45.0,987.0,5.0,275.0,544,45.0,0.0,2011,12,28,3,0
2011360N09088,2011,THANE,2011-12-28 06:00:00+00:00,12.3,84.9,45.0,988.0,5.0,280.0,511,45.0,0.0,2011,12,28,6,1
2011360N09088,2011,THANE,2011-12-28 09:00:00+00:00,12.3,84.7,55.0,986.0,5.0,280.0,489,45.0,10.0,2011,12,28,9,1
2011360N09088,2011,THANE,2011-12-28 12:00:00+00:00,12.4,84.4,65.0,982.0,8.0,270.0,456,55.0,10.0,2011,12,28,12,0
2011360N09088,2011,THANE,2011-12-28 15:00:00+00:00,12.3,83.9,65.0,980.0,6.0,260.0,402,65.0,0.0,2011,12,28,15,0
2011360N09088,2011,THANE,2011-12-28 18:00:00+00:00,12.3,83.8,65.0,978.0,6.0,260.0,391,65.0,0.0,2011,12,28,18,0
2011360N09088,2011,THANE,2011-12-28 21:00:00+00:00,12.2,83.3,65.0,976.0,8.0,260.0,338,65.0,0.0,2011,12,28,21,1
2011360N09088,2011,THANE,2011-12-29 00:00:00+00:00,12.1,82.9,70.0,974.0,9.0,250.0,296,65.0,5.0,2011,12,29,0,1
2011360N09088,2011,THANE,2011-12-29 03:00:00+00:00,11.9,82.5,75.0,976.0,8.0,260.0,259,70.0,5.0,2011,12,29,3,0
2011360N09088,2011,THANE,2011-12-29 06:00:00+00:00,12.0,82.1,75.0,972.0,8.0,270.0,214,75.0,0.0,2011,12,29,6,0
2011360N09088,2011,THANE,2011-12-29 09:00:00+00:00,12.0,81.7,75.0,972.0,7.0,270.0,172,75.0,0.0,2011,12,29,9,0
2011360N09088,2011,THANE,2011-12-29 12:00:00+00:00,12.0,81.3,75.0,972.0,7.0,270.0,132,75.0,0.0,2011,12,29,12,0
2011360N09088,2011,THANE,2011-12-29 15:00:00+00:00,11.9,81.0,75.0,970.0,7.0,260.0,109,75.0,0.0,2011,12,29,15,0
2011360N09088,2011,THANE,2011-12-29 18:00:00+00:00,11.8,80.6,75.0,970.0,7.0,255.0,79,75.0,0.0,2011,12,29,18,0
2011360N09088,2011,THANE,2011-12-29 21:00:00+00:00,11.8,80.3,75.0,969.0,7.0,260.0,48,75.0,0.0,2011,12,29,21,0
2011360N09088,2011,THANE,2011-12-30 00:00:00+00:00,11.7,79.9,75.0,969.0,8.0,255.0,10,75.0,0.0,2011,12,30,0,0
2011360N09088,2011,THANE,2011-12-30 03:00:00+00:00,11.6,79.5,55.0,986.0,8.0,265.0,0,75.0,-20.0,2011,12,30,3,0
2011360N09088,2011,THANE,2011-12-30 06:00:00+00:00,11.6,79.1,30.0,998.0,9.0,285.0,0,55.0,-25.0,2011,12,30,6,0
2012285N21091,2012,UNNAMED,2012-10-10 12:00:00+00:00,21.0,91.0,25.0,1003.0,10.0,0.0,108,35.0,0.0,2012,10,10,12,0
2012285N21091,2012,UNNAMED,2012-10-10 15:00:00+00:00,21.5,91.0,25.0,1003.0,10.0,0.0,69,25.0,0.0,2012,10,10,15,1
2012285N21091,2012,UNNAMED,2012-10-10 18:00:00+00:00,22.0,91.0,30.0,1002.0,8.0,10.0,30,25.0,5.0,2012,10,10,18,0
2012285N21091,2012,UNNAMED,2012-10-11 00:00:00+00:00,22.5,91.3,30.0,1002.0,8.0,25.0,22,30.0,0.0,2012,10,11,0,0
2012297N11067,2012,MURJAN,2012-10-22 15:00:00+00:00,11.0,66.5,25.0,1004.0,10.0,280.0,923,35.0,0.0,2012,10,22,15,0
2012297N11067,2012,MURJAN,2012-10-22 21:00:00+00:00,11.2,65.6,25.0,1004.0,10.0,285.0,999,25.0,0.0,2012,10,22,21,0
2012297N11067,2012,MURJAN,2012-10-23 06:00:00+00:00,11.5,63.8,25.0,1003.0,12.0,270.0,1019,25.0,0.0,2012,10,23,6,1
2012297N11067,2012,MURJAN,2012-10-23 09:00:00+00:00,11.5,63.2,30.0,1002.0,14.0,265.0,954,25.0,5.0,2012,10,23,9,0
2012297N11067,2012,MURJAN,2012-10-23 21:00:00+00:00,10.9,59.4,30.0,1002.0,18.0,260.0,566,30.0,0.0,2012,10,23,21,1
2012297N11067,2012,MURJAN,2012-10-24 06:00:00+00:00,10.5,57.1,35.0,1000.0,13.0,265.0,368,30.0,5.0,2012,10,24,6,1
2012297N11067,2012,MURJAN,2012-10-24 12:00:00+00:00,10.5,55.9,40.0,998.0,13.0,270.0,280,35.0,5.0,2012,10,24,12,0
2012297N11067,2012,MURJAN,2012-10-24 18:00:00+00:00,10.5,54.5,35.0,1000.0,13.0,265.0,208,40.0,-5.0,2012,10,24,18,0
2012297N11067,2012,MURJAN,2012-10-24 21:00:00+00:00,10.4,53.9,35.0,1000.0,12.0,255.0,212,35.0,0.0,2012,10,24,21,0
2012297N11067,2012,MURJAN,2012-10-25 00:00:00+00:00,10.1,53.4,35.0,1000.0,13.0,245.0,221,35.0,0.0,2012,10,25,0,0
2012297N11067,2012,MURJAN,2012-10-25 06:00:00+00:00,9.7,52.0,35.0,1000.0,13.0,260.0,102,35.0,0.0,2012,10,25,6,0
2012297N11067,2012,MURJAN,2012-10-25 12:00:00+00:00,9.6,50.9,30.0,1001.0,9.0,265.0,10,35.0,-5.0,2012,10,25,12,0
2012297N11067,2012,MURJAN,2012-10-25 18:00:00+00:00,9.5,49.9,25.0,1002.0,16.0,265.0,0,30.0,-5.0,2012,10,25,18,0
2012301N11087,2012,NILAM,2012-10-28 06:00:00+00:00,9.7,85.5,25.0,1004.0,5.0,235.0,469,35.0,0.0,2012,10,28,6,0
2012301N11087,2012,NILAM,2012-10-28 12:00:00+00:00,9.6,84.9,25.0,1003.0,6.0,260.0,404,25.0,0.0,2012,10,28,12,0
2012301N11087,2012,NILAM,2012-10-28 18:00:00+00:00,9.5,84.4,25.0,1002.0,6.0,275.0,350,25.0,0.0,2012,10,28,18,1
2012301N11087,2012,NILAM,2012-10-29 00:00:00+00:00,9.6,83.7,30.0,1000.0,8.0,265.0,286,25.0,5.0,2012,10,29,0,0
2012301N11087,2012,NILAM,2012-10-29 03:00:00+00:00,9.5,83.3,30.0,1000.0,10.0,235.0,242,30.0,0.0,2012,10,29,3,0
2012301N11087,2012,NILAM,2012-10-29 06:00:00+00:00,9.1,82.9,30.0,1000.0,9.0,225.0,182,30.0,0.0,2012,10,29,6,0
2012301N11087,2012,NILAM,2012-10-29 12:00:00+00:00,8.8,82.5,30.0,1000.0,2.0,235.0,129,30.0,0.0,2012,10,29,12,0
2012301N11087,2012,NILAM,2012-10-29 18:00:00+00:00,8.7,82.5,30.0,1000.0,2.0,90.0,125,30.0,0.0,2012,10,29,18,0
2012301N11087,2012,NILAM,2012-10-30 00:00:00+00:00,8.8,82.8,30.0,999.0,2.0,25.0,159,30.0,0.0,2012,10,30,0,1
2012301N11087,2012,NILAM,2012-10-30 03:00:00+00:00,8.9,82.7,35.0,998.0,3.0,340.0,153,30.0,5.0,2012,10,30,3,0
2012301N11087,2012,NILAM,2012-10-30 06:00:00+00:00,9.1,82.7,35.0,996.0,6.0,350.0,163,35.0,0.0,2012,10,30,6,0
2012301N11087,2012,NILAM,2012-10-30 09:00:00+00:00,9.5,82.6,35.0,996.0,7.0,355.0,178,35.0,0.0,2012,10,30,9,1
2012301N11087,2012,NILAM,2012-10-30 12:00:00+00:00,9.7,82.6,40.0,994.0,5.0,355.0,190,35.0,5.0,2012,10,30,12,0
2012301N11087,2012,NILAM,2012-10-30 15:00:00+00:00,9.9,82.6,40.0,994.0,7.0,350.0,204,40.0,0.0,2012,10,30,15,0
2012301N11087,2012,NILAM,2012-10-30 18:00:00+00:00,10.4,82.5,40.0,992.0,7.0,335.0,223,40.0,0.0,2012,10,30,18,0
2012301N11087,2012,NILAM,2012-10-30 21:00:00+00:00,10.5,82.3,40.0,990.0,9.0,305.0,212,40.0,0.0,2012,10,30,21,1
2012301N11087,2012,NILAM,2012-10-31 00:00:00+00:00,10.9,81.8,45.0,988.0,13.0,305.0,207,40.0,5.0,2012,10,31,0,0
2012301N11087,2012,NILAM,2012-10-31 03:00:00+00:00,11.3,81.3,45.0,987.0,11.0,315.0,153,45.0,0.0,2012,10,31,3,0
2012301N11087,2012,NILAM,2012-10-31 06:00:00+00:00,11.7,81.0,45.0,987.0,13.0,325.0,122,45.0,0.0,2012,10,31,6,0
2012301N11087,2012,NILAM,2012-10-31 09:00:00+00:00,12.3,80.5,45.0,987.0,15.0,310.0,39,45.0,0.0,2012,10,31,9,0
2012301N11087,2012,NILAM,2012-10-31 12:00:00+00:00,12.7,79.8,35.0,991.0,14.0,300.0,0,45.0,-10.0,2012,10,31,12,0
2012301N11087,2012,NILAM,2012-10-31 15:00:00+00:00,13.0,79.2,35.0,996.0,16.0,290.0,0,35.0,0.0,2012,10,31,15,0
2012301N11087,2012,NILAM,2012-10-31 18:00:00+00:00,13.2,78.3,30.0,998.0,15.0,280.0,0,35.0,-5.0,2012,10,31,18,0
2012301N11087,2012,NILAM,2012-11-01 00:00:00+00:00,13.3,77.3,20.0,999.0,7.0,290.0,0,30.0,-10.0,2012,11,1,0,0
2012301N11087,2012,NILAM,2012-11-01 03:00:00+00:00,13.5,77.0,20.0,1002.0,3.0,300.0,0,20.0,0.0,2012,11,1,3,0
2012301N11087,2012,NILAM,2012-11-01 06:00:00+00:00,13.5,77.0,20.0,1002.0,2.0,0.0,0,20.0,0.0,2012,11,1,6,0
2012301N11087,2012,NILAM,2012-11-01 12:00:00+00:00,14.0,77.0,20.0,1002.0,6.0,0.0,0,20.0,0.0,2012,11,1,12,0
2012321N14090,2012,UNNAMED,2012-11-17 06:00:00+00:00,15.7,89.3,25.0,1004.0,3.0,25.0,525,35.0,0.0,2012,11,17,6,1
2012321N14090,2012,UNNAMED,2012-11-17 09:00:00+00:00,15.8,89.2,30.0,1003.0,5.0,325.0,535,25.0,5.0,2012,11,17,9,0
2012321N14090,2012,UNNAMED,2012-11-17 12:00:00+00:00,16.1,89.0,30.0,1002.0,5.0,320.0,515,30.0,0.0,2012,11,17,12,0
2012321N14090,2012,UNNAMED,2012-11-17 18:00:00+00:00,16.2,88.9,30.0,1002.0,3.0,250.0,500,30.0,0.0,2012,11,17,18,0
2012321N14090,2012,UNNAMED,2012-11-18 00:00:00+00:00,16.1,88.5,30.0,1002.0,3.0,255.0,489,30.0,0.0,2012,11,18,0,0
2012321N14090,2012,UNNAMED,2012-11-18 03:00:00+00:00,16.0,88.4,30.0,1002.0,4.0,265.0,495,30.0,0.0,2012,11,18,3,0
2012321N14090,2012,UNNAMED,2012-11-18 06:00:00+00:00,16.0,88.0,30.0,1002.0,6.0,260.0,477,30.0,0.0,2012,11,18,6,0
2012321N14090,2012,UNNAMED,2012-11-18 12:00:00+00:00,15.9,87.6,30.0,1002.0,3.0,240.0,454,30.0,0.0,2012,11,18,12,0
2012321N14090,2012,UNNAMED,2012-11-18 18:00:00+00:00,15.7,87.4,30.0,1002.0,4.0,230.0,454,30.0,0.0,2012,11,18,18,0
2012321N14090,2012,UNNAMED,2012-11-19 00:00:00+00:00,15.4,86.9,25.0,1004.0,8.0,230.0,440,30.0,-5.0,2012,11,19,0,0
2012321N14090,2012,UNNAMED,2012-11-19 03:00:00+00:00,15.1,86.6,25.0,1004.0,5.0,235.0,446,25.0,0.0,2012,11,19,3,0
2012321N14090,2012,UNNAMED,2012-11-19 06:00:00+00:00,15.1,86.4,25.0,1004.0,3.0,270.0,433,25.0,0.0,2012,11,19,6,0
2012357N09064,2012,UNNAMED,2012-12-22 06:00:00+00:00,9.1,63.8,25.0,1004.0,15.0,265.0,1089,35.0,0.0,2012,12,22,6,0
2012357N09064,2012,UNNAMED,2012-12-22 09:00:00+00:00,9.0,63.1,25.0,1004.0,12.0,265.0,1022,25.0,0.0,2012,12,22,9,0
2012357N09064,2012,UNNAMED,2012-12-22 12:00:00+00:00,8.9,62.6,25.0,1003.0,11.0,260.0,977,25.0,0.0,2012,12,22,12,1
2012357N09064,2012,UNNAMED,2012-12-23 00:00:00+00:00,8.7,60.2,30.0,1002.0,12.0,265.0,761,25.0,5.0,2012,12,23,0,0
2012357N09064,2012,UNNAMED,2012-12-23 03:00:00+00:00,8.7,59.5,30.0,1002.0,14.0,265.0,699,30.0,0.0,2012,12,23,3,0
2012357N09064,2012,UNNAMED,2012-12-23 12:00:00+00:00,8.5,57.1,30.0,1002.0,15.0,265.0,540,30.0,0.0,2012,12,23,12,0
2012357N09064,2012,UNNAMED,2012-12-24 03:00:00+00:00,8.0,53.9,30.0,1002.0,14.0,250.0,375,30.0,0.0,2012,12,24,3,0
2013130N04093,2013,MAHASEN:VIYARU,2013-05-10 09:00:00+00:00,5.1,92.6,25.0,1004.0,9.0,310.0,289,35.0,0.0,2013,5,10,9,1
2013130N04093,2013,MAHASEN:VIYARU,2013-05-10 12:00:00+00:00,5.4,92.3,30.0,1002.0,9.0,320.0,321,25.0,5.0,2013,5,10,12,0
2013130N04093,2013,MAHASEN:VIYARU,2013-05-10 18:00:00+00:00,6.1,91.7,30.0,1000.0,9.0,315.0,391,30.0,0.0,2013,5,10,18,0
2013130N04093,2013,MAHASEN:VIYARU,2013-05-11 00:00:00+00:00,6.8,91.0,30.0,998.0,13.0,315.0,483,30.0,0.0,2013,5,11,0,1
2013130N04093,2013,MAHASEN:VIYARU,2013-05-11 03:00:00+00:00,7.3,90.4,35.0,996.0,12.0,320.0,564,30.0,5.0,2013,5,11,3,0
2013130N04093,2013,MAHASEN:VIYARU,2013-05-11 06:00:00+00:00,7.8,90.2,35.0,996.0,10.0,310.0,605,35.0,0.0,2013,5,11,6,0
2013130N04093,2013,MAHASEN:VIYARU,2013-05-11 09:00:00+00:00,7.9,89.7,35.0,996.0,11.0,300.0,660,35.0,0.0,2013,5,11,9,1
2013130N04093,2013,MAHASEN:VIYARU,2013-05-11 12:00:00+00:00,8.3,89.2,40.0,994.0,12.0,310.0,728,35.0,5.0,2013,5,11,12,0
2013130N04093,2013,MAHASEN:VIYARU,2013-05-11 15:00:00+00:00,8.7,88.8,40.0,994.0,9.0,325.0,780,40.0,0.0,2013,5,11,15,0
2013130N04093,2013,MAHASEN:VIYARU,2013-05-11 18:00:00+00:00,9.1,88.7,40.0,994.0,9.0,325.0,778,40.0,0.0,2013,5,11,18,0
2013130N04093,2013,MAHASEN:VIYARU,2013-05-11 21:00:00+00:00,9.4,88.3,40.0,994.0,10.0,315.0,743,40.0,0.0,2013,5,11,21,0
2013130N04093,2013,MAHASEN:VIYARU,2013-05-12 00:00:00+00:00,9.8,87.9,40.0,994.0,8.0,300.0,714,40.0,0.0,2013,5,12,0,0
2013130N04093,2013,MAHASEN:VIYARU,2013-05-12 03:00:00+00:00,9.8,87.5,40.0,994.0,5.0,295.0,673,40.0,0.0,2013,5,12,3,0
2013130N04093,2013,MAHASEN:VIYARU,2013-05-12 06:00:00+00:00,10.0,87.5,40.0,994.0,6.0,315.0,682,40.0,0.0,2013,5,12,6,0
2013130N04093,2013,MAHASEN:VIYARU,2013-05-12 09:00:00+00:00,10.3,87.1,40.0,994.0,6.0,315.0,656,40.0,0.0,2013,5,12,9,0
2013130N04093,2013,MAHASEN:VIYARU,2013-05-12 12:00:00+00:00,10.4,87.0,40.0,994.0,5.0,300.0,651,40.0,0.0,2013,5,12,12,0
2013130N04093,2013,MAHASEN:VIYARU,2013-05-12 15:00:00+00:00,10.5,86.7,40.0,994.0,6.0,320.0,626,40.0,0.0,2013,5,12,15,0
2013130N04093,2013,MAHASEN:VIYARU,2013-05-12 18:00:00+00:00,10.9,86.6,40.0,994.0,5.0,350.0,635,40.0,0.0,2013,5,12,18,0
2013130N04093,2013,MAHASEN:VIYARU,2013-05-12 21:00:00+00:00,11.0,86.5,40.0,994.0,6.0,350.0,640,40.0,0.0,2013,5,12,21,0
2013130N04093,2013,MAHASEN:VIYARU,2013-05-13 00:00:00+00:00,11.5,86.5,40.0,994.0,8.0,350.0,658,40.0,0.0,2013,5,13,0,0
2013130N04093,2013,MAHASEN:VIYARU,2013-05-13 03:00:00+00:00,11.8,86.4,40.0,994.0,5.0,345.0,666,40.0,0.0,2013,5,13,3,0
2013130N04093,2013,MAHASEN:VIYARU,2013-05-13 06:00:00+00:00,12.0,86.4,40.0,994.0,5.0,295.0,676,40.0,0.0,2013,5,13,6,0
2013130N04093,2013,MAHASEN:VIYARU,2013-05-13 09:00:00+00:00,12.0,85.9,40.0,994.0,6.0,290.0,622,40.0,0.0,2013,5,13,9,0
2013130N04093,2013,MAHASEN:VIYARU,2013-05-13 12:00:00+00:00,12.2,85.8,40.0,994.0,6.0,340.0,609,40.0,0.0,2013,5,13,12,0
2013130N04093,2013,MAHASEN:VIYARU,2013-05-13 15:00:00+00:00,12.6,85.7,40.0,994.0,7.0,330.0,578,40.0,0.0,2013,5,13,15,0
2013130N04093,2013,MAHASEN:VIYARU,2013-05-13 18:00:00+00:00,12.8,85.5,40.0,994.0,7.0,335.0,547,40.0,0.0,2013,5,13,18,0
2013130N04093,2013,MAHASEN:VIYARU,2013-05-13 21:00:00+00:00,13.2,85.4,40.0,994.0,8.0,0.0,505,40.0,0.0,2013,5,13,21,0
2013130N04093,2013,MAHASEN:VIYARU,2013-05-14 00:00:00+00:00,13.6,85.5,40.0,994.0,5.0,10.0,480,40.0,0.0,2013,5,14,0,0
2013130N04093,2013,MAHASEN:VIYARU,2013-05-14 03:00:00+00:00,13.7,85.5,40.0,994.0,5.0,20.0,472,40.0,0.0,2013,5,14,3,0
2013130N04093,2013,MAHASEN:VIYARU,2013-05-14 06:00:00+00:00,14.1,85.7,40.0,994.0,5.0,25.0,459,40.0,0.0,2013,5,14,6,0
2013130N04093,2013,MAHASEN:VIYARU,2013-05-14 09:00:00+00:00,14.2,85.7,40.0,994.0,7.0,40.0,452,40.0,0.0,2013,5,14,9,0
2013130N04093,2013,MAHASEN:VIYARU,2013-05-14 12:00:00+00:00,14.6,86.1,40.0,994.0,8.0,35.0,456,40.0,0.0,2013,5,14,12,0
2013130N04093,2013,MAHASEN:VIYARU,2013-05-14 15:00:00+00:00,14.8,86.2,40.0,994.0,9.0,35.0,448,40.0,0.0,2013,5,14,15,0
2013130N04093,2013,MAHASEN:VIYARU,2013-05-14 18:00:00+00:00,15.3,86.6,40.0,994.0,11.0,25.0,428,40.0,0.0,2013,5,14,18,0
2013130N04093,2013,MAHASEN:VIYARU,2013-05-14 21:00:00+00:00,15.8,86.7,40.0,994.0,11.0,25.0,393,40.0,0.0,2013,5,14,21,0
2013130N04093,2013,MAHASEN:VIYARU,2013-05-15 00:00:00+00:00,16.3,87.1,40.0,994.0,11.0,25.0,384,40.0,0.0,2013,5,15,0,0
2013130N04093,2013,MAHASEN:VIYARU,2013-05-15 03:00:00+00:00,16.7,87.2,40.0,992.0,11.0,25.0,361,40.0,0.0,2013,5,15,3,1
2013130N04093,2013,MAHASEN:VIYARU,2013-05-15 06:00:00+00:00,17.3,87.6,45.0,990.0,11.0,30.0,327,40.0,5.0,2013,5,15,6,0
2013130N04093,2013,MAHASEN:VIYARU,2013-05-15 09:00:00+00:00,17.7,87.7,45.0,990.0,12.0,30.0,291,45.0,0.0,2013,5,15,9,0
2013130N04093,2013,MAHASEN:VIYARU,2013-05-15 12:00:00+00:00,18.3,88.2,45.0,990.0,13.0,35.0,268,45.0,0.0,2013,5,15,12,0
2013130N04093,2013,MAHASEN:VIYARU,2013-05-15 15:00:00+00:00,18.8,88.6,45.0,990.0,12.0,25.0,260,45.0,0.0,2013,5,15,15,0
2013130N04093,2013,MAHASEN:VIYARU,2013-05-15 18:00:00+00:00,19.3,88.8,45.0,990.0,12.0,30.0,237,45.0,0.0,2013,5,15,18,0
2013130N04093,2013,MAHASEN:VIYARU,2013-05-15 21:00:00+00:00,19.8,89.2,45.0,990.0,13.0,40.0,201,45.0,0.0,2013,5,15,21,0
2013130N04093,2013,MAHASEN:VIYARU,2013-05-16 00:00:00+00:00,20.4,89.7,45.0,990.0,17.0,35.0,147,45.0,0.0,2013,5,16,0,0
2013130N04093,2013,MAHASEN:VIYARU,2013-05-16 03:00:00+00:00,21.2,90.2,45.0,990.0,25.0,30.0,67,45.0,0.0,2013,5,16,3,0
2013130N04093,2013,MAHASEN:VIYARU,2013-05-16 06:00:00+00:00,22.5,91.0,45.0,990.0,27.0,35.0,10,45.0,0.0,2013,5,16,6,0
2013130N04093,2013,MAHASEN:VIYARU,2013-05-16 09:00:00+00:00,23.4,91.9,40.0,994.0,21.0,40.0,0,45.0,-5.0,2013,5,16,9,0
2013130N04093,2013,MAHASEN:VIYARU,2013-05-16 12:00:00+00:00,24.1,92.5,30.0,996.0,14.0,45.0,0,40.0,-10.0,2013,5,16,12,0
2013149N21090,2013,UNNAMED,2013-05-29 03:00:00+00:00,21.0,89.5,25.0,996.0,7.0,330.0,78,35.0,0.0,2013,5,29,3,0
2013149N21090,2013,UNNAMED,2013-05-29 06:00:00+00:00,21.3,89.3,25.0,996.0,7.0,315.0,39,25.0,0.0,2013,5,29,6,0
2013149N21090,2013,UNNAMED,2013-05-29 09:00:00+00:00,21.5,89.0,25.0,996.0,6.0,310.0,11,25.0,0.0,2013,5,29,9,0
2013149N21090,2013,UNNAMED,2013-05-29 12:00:00+00:00,21.7,88.8,25.0,994.0,6.0,330.0,0,25.0,0.0,2013,5,29,12,0
2013149N21090,2013,UNNAMED,2013-05-29 15:00:00+00:00,22.0,88.7,20.0,994.0,5.0,315.0,0,25.0,-5.0,2013,5,29,15,0
2013149N21090,2013,UNNAMED,2013-05-29 18:00:00+00:00,22.1,88.4,20.0,994.0,6.0,285.0,0,20.0,0.0,2013,5,29,18,0
2013149N21090,2013,UNNAMED,2013-05-30 00:00:00+00:00,22.2,87.8,20.0,994.0,6.0,285.0,0,20.0,0.0,2013,5,30,0,0
2013149N21090,2013,UNNAMED,2013-05-30 03:00:00+00:00,22.3,87.5,20.0,990.0,3.0,290.0,0,20.0,0.0,2013,5,30,3,0
2013149N21090,2013,UNNAMED,2013-05-30 06:00:00+00:00,22.3,87.5,20.0,990.0,2.0,335.0,0,20.0,0.0,2013,5,30,6,0
2013149N21090,2013,UNNAMED,2013-05-30 12:00:00+00:00,22.7,87.3,20.0,990.0,3.0,330.0,0,20.0,0.0,2013,5,30,12,0
2013149N21090,2013,UNNAMED,2013-05-31 00:00:00+00:00,23.5,87.1,20.0,990.0,9.0,350.0,0,20.0,0.0,2013,5,31,0,0
2013149N21090,2013,UNNAMED,2013-05-31 03:00:00+00:00,24.0,87.0,20.0,990.0,10.0,355.0,0,20.0,0.0,2013,5,31,3,0
2013149N21090,2013,UNNAMED,2013-05-31 06:00:00+00:00,24.5,87.0,20.0,994.0,10.0,0.0,0,20.0,0.0,2013,5,31,6,0
2013211N21088,2013,UNNAMED,2013-07-30 03:00:00+00:00,21.0,88.0,25.0,990.0,14.0,315.0,70,35.0,0.0,2013,7,30,3,0
2013211N21088,2013,UNNAMED,2013-07-30 06:00:00+00:00,21.5,87.5,25.0,990.0,10.0,315.0,15,25.0,0.0,2013,7,30,6,0
2013211N21088,2013,UNNAMED,2013-07-30 12:00:00+00:00,21.7,87.0,25.0,990.0,9.0,270.0,0,25.0,0.0,2013,7,30,12,0
2013211N21088,2013,UNNAMED,2013-07-30 18:00:00+00:00,21.7,85.5,20.0,992.0,14.0,270.0,0,25.0,-5.0,2013,7,30,18,0
2013211N21088,2013,UNNAMED,2013-07-31 00:00:00+00:00,21.8,84.0,20.0,992.0,17.0,270.0,0,20.0,0.0,2013,7,31,0,0
2013211N21088,2013,UNNAMED,2013-07-31 03:00:00+00:00,21.8,83.0,20.0,992.0,14.0,270.0,0,20.0,0.0,2013,7,31,3,0
2013211N21088,2013,UNNAMED,2013-07-31 06:00:00+00:00,21.8,82.5,20.0,992.0,14.0,275.0,0,20.0,0.0,2013,7,31,6,0
2013211N21088,2013,UNNAMED,2013-07-31 12:00:00+00:00,22.0,80.5,20.0,992.0,15.0,280.0,0,20.0,0.0,2013,7,31,12,0
2013232N22088,2013,UNNAMED,2013-08-20 00:00:00+00:00,22.0,87.5,25.0,990.0,0.0,0.0,0,35.0,0.0,2013,8,20,0,0
2013232N22088,2013,UNNAMED,2013-08-20 03:00:00+00:00,22.0,87.5,25.0,990.0,0.0,0.0,0,25.0,0.0,2013,8,20,3,0
2013232N22088,2013,UNNAMED,2013-08-20 06:00:00+00:00,22.0,87.5,25.0,990.0,1.0,0.0,0,25.0,0.0,2013,8,20,6,0
2013232N22088,2013,UNNAMED,2013-08-20 12:00:00+00:00,22.3,87.5,25.0,990.0,2.0,10.0,0,25.0,0.0,2013,8,20,12,0
2013232N22088,2013,UNNAMED,2013-08-20 18:00:00+00:00,22.5,87.5,25.0,990.0,6.0,350.0,0,25.0,0.0,2013,8,20,18,0
2013232N22088,2013,UNNAMED,2013-08-21 00:00:00+00:00,23.3,87.0,20.0,990.0,14.0,285.0,0,25.0,-5.0,2013,8,21,0,0
2013232N22088,2013,UNNAMED,2013-08-21 03:00:00+00:00,23.3,86.0,20.0,992.0,12.0,265.0,0,20.0,0.0,2013,8,21,3,0
2013232N22088,2013,UNNAMED,2013-08-21 06:00:00+00:00,23.2,85.7,20.0,992.0,10.0,265.0,0,20.0,0.0,2013,8,21,6,0
2013232N22088,2013,UNNAMED,2013-08-21 12:00:00+00:00,23.2,84.0,20.0,991.0,18.0,270.0,0,20.0,0.0,2013,8,21,12,0
2013232N22088,2013,UNNAMED,2013-08-21 18:00:00+00:00,23.2,82.2,20.0,994.0,7.0,270.0,0,20.0,0.0,2013,8,21,18,0
2013232N22088,2013,UNNAMED,2013-08-22 00:00:00+00:00,23.2,82.0,20.0,994.0,14.0,270.0,0,20.0,0.0,2013,8,22,0,0
2013232N22088,2013,UNNAMED,2013-08-22 03:00:00+00:00,23.2,80.7,20.0,994.0,16.0,270.0,0,20.0,0.0,2013,8,22,3,0
2013232N22088,2013,UNNAMED,2013-08-22 06:00:00+00:00,23.2,80.3,20.0,996.0,5.0,260.0,0,20.0,0.0,2013,8,22,6,0
2013232N22088,2013,UNNAMED,2013-08-22 12:00:00+00:00,23.0,80.1,20.0,998.0,2.0,200.0,0,20.0,0.0,2013,8,22,12,0
2013281N12098,2013,PHAILIN,2013-10-08 03:00:00+00:00,12.4,95.5,25.0,1004.0,4.0,285.0,312,35.0,0.0,2013,10,8,3,0
2013281N12098,2013,PHAILIN,2013-10-08 06:00:00+00:00,12.4,95.2,25.0,1004.0,6.0,270.0,341,25.0,0.0,2013,10,8,6,0
2013281N12098,2013,PHAILIN,2013-10-08 12:00:00+00:00,12.4,94.5,25.0,1003.0,7.0,280.0,373,25.0,0.0,2013,10,8,12,0
2013281N12098,2013,PHAILIN,2013-10-08 18:00:00+00:00,12.7,94.0,25.0,1003.0,7.0,310.0,349,25.0,0.0,2013,10,8,18,1
2013281N12098,2013,PHAILIN,2013-10-09 00:00:00+00:00,13.1,93.5,30.0,1002.0,4.0,300.0,317,25.0,5.0,2013,10,9,0,0
2013281N12098,2013,PHAILIN,2013-10-09 03:00:00+00:00,13.2,93.3,30.0,1001.0,5.0,280.0,314,30.0,0.0,2013,10,9,3,0
2013281N12098,2013,PHAILIN,2013-10-09 06:00:00+00:00,13.2,92.9,30.0,1000.0,8.0,295.0,332,30.0,0.0,2013,10,9,6,0
2013281N12098,2013,PHAILIN,2013-10-09 09:00:00+00:00,13.5,92.5,30.0,1000.0,6.0,310.0,328,30.0,0.0,2013,10,9,9,1
2013281N12098,2013,PHAILIN,2013-10-09 12:00:00+00:00,13.6,92.4,35.0,999.0,3.0,310.0,327,30.0,5.0,2013,10,9,12,0
2013281N12098,2013,PHAILIN,2013-10-09 15:00:00+00:00,13.7,92.3,35.0,999.0,6.0,310.0,326,35.0,0.0,2013,10,9,15,1
2013281N12098,2013,PHAILIN,2013-10-09 18:00:00+00:00,14.0,91.9,40.0,998.0,6.0,310.0,333,35.0,5.0,2013,10,9,18,1
2013281N12098,2013,PHAILIN,2013-10-09 21:00:00+00:00,14.1,91.8,45.0,996.0,7.0,315.0,334,40.0,5.0,2013,10,9,21,0
2013281N12098,2013,PHAILIN,2013-10-10 00:00:00+00:00,14.5,91.4,45.0,996.0,9.0,305.0,344,45.0,0.0,2013,10,10,0,1
2013281N12098,2013,PHAILIN,2013-10-10 03:00:00+00:00,14.6,91.0,55.0,990.0,9.0,305.0,377,45.0,10.0,2013,10,10,3,1
2013281N12098,2013,PHAILIN,2013-10-10 06:00:00+00:00,15.0,90.7,65.0,984.0,7.0,315.0,391,55.0,10.0,2013,10,10,6,1
2013281N12098,2013,PHAILIN,2013-10-10 09:00:00+00:00,15.1,90.5,70.0,982.0,7.0,310.0,409,65.0,5.0,2013,10,10,9,1
2013281N12098,2013,PHAILIN,2013-10-10 12:00:00+00:00,15.4,90.1,75.0,976.0,7.0,305.0,442,70.0,5.0,2013,10,10,12,1
2013281N12098,2013,PHAILIN,2013-10-10 15:00:00+00:00,15.5,89.9,90.0,966.0,6.0,280.0,463,75.0,15.0,2013,10,10,15,1
2013281N12098,2013,PHAILIN,2013-10-10 18:00:00+00:00,15.6,89.5,95.0,960.0,9.0,275.0,505,90.0,5.0,2013,10,10,18,1
2013281N12098,2013,PHAILIN,2013-10-10 21:00:00+00:00,15.6,89.0,100.0,954.0,9.0,290.0,558,95.0,5.0,2013,10,10,21,1
2013281N12098,2013,PHAILIN,2013-10-11 00:00:00+00:00,15.9,88.6,110.0,946.0,6.0,305.0,514,100.0,10.0,2013,10,11,0,1
2013281N12098,2013,PHAILIN,2013-10-11 03:00:00+00:00,15.9,88.5,115.0,940.0,4.0,315.0,509,110.0,5.0,2013,10,11,3,0
2013281N12098,2013,PHAILIN,2013-10-11 06:00:00+00:00,16.2,88.3,115.0,940.0,7.0,320.0,470,115.0,0.0,2013,10,11,6,0
2013281N12098,2013,PHAILIN,2013-10-11 09:00:00+00:00,16.5,88.0,115.0,940.0,8.0,315.0,426,115.0,0.0,2013,10,11,9,0
2013281N12098,2013,PHAILIN,2013-10-11 12:00:00+00:00,16.8,87.7,115.0,940.0,8.0,295.0,383,115.0,0.0,2013,10,11,12,0
2013281N12098,2013,PHAILIN,2013-10-11 15:00:00+00:00,16.8,87.3,115.0,940.0,7.0,285.0,363,115.0,0.0,2013,10,11,15,0
2013281N12098,2013,PHAILIN,2013-10-11 18:00:00+00:00,16.9,87.0,115.0,940.0,6.0,295.0,331,115.0,0.0,2013,10,11,18,0
2013281N12098,2013,PHAILIN,2013-10-11 21:00:00+00:00,17.1,86.7,115.0,940.0,8.0,315.0,292,115.0,0.0,2013,10,11,21,0
2013281N12098,2013,PHAILIN,2013-10-12 00:00:00+00:00,17.5,86.5,115.0,940.0,9.0,315.0,247,115.0,0.0,2013,10,12,0,0
2013281N12098,2013,PHAILIN,2013-10-12 03:00:00+00:00,17.7,86.0,115.0,940.0,9.0,310.0,192,115.0,0.0,2013,10,12,3,0
2013281N12098,2013,PHAILIN,2013-10-12 06:00:00+00:00,18.1,85.8,115.0,940.0,9.0,320.0,148,115.0,0.0,2013,10,12,6,0
2013281N12098,2013,PHAILIN,2013-10-12 09:00:00+00:00,18.5,85.4,115.0,940.0,8.0,320.0,90,115.0,0.0,2013,10,12,9,0
2013281N12098,2013,PHAILIN,2013-10-12 12:00:00+00:00,18.7,85.2,115.0,940.0,7.0,335.0,62,115.0,0.0,2013,10,12,12,0
2013281N12098,2013,PHAILIN,2013-10-12 15:00:00+00:00,19.1,85.1,115.0,940.0,9.0,335.0,30,115.0,0.0,2013,10,12,15,0
2013281N12098,2013,PHAILIN,2013-10-12 18:00:00+00:00,19.5,84.9,100.0,956.0,10.0,330.0,0,115.0,-15.0,2013,10,12,18,0
2013281N12098,2013,PHAILIN,2013-10-12 21:00:00+00:00,19.9,84.6,90.0,966.0,10.0,340.0,0,100.0,-10.0,2013,10,12,21,0
2013281N12098,2013,PHAILIN,2013-10-13 00:00:00+00:00,20.4,84.5,75.0,976.0,11.0,335.0,0,90.0,-15.0,2013,10,13,0,0
2013281N12098,2013,PHAILIN,2013-10-13 03:00:00+00:00,20.9,84.1,55.0,990.0,12.0,340.0,0,75.0,-20.0,2013,10,13,3,0
2013281N12098,2013,PHAILIN,2013-10-13 06:00:00+00:00,21.5,84.0,40.0,992.0,11.0,350.0,0,55.0,-15.0,2013,10,13,6,0
2013281N12098,2013,PHAILIN,2013-10-13 09:00:00+00:00,22.0,83.9,35.0,993.0,11.0,350.0,0,40.0,-5.0,2013,10,13,9,0
2013281N12098,2013,PHAILIN,2013-10-13 12:00:00+00:00,22.6,83.9,35.0,994.0,9.0,345.0,0,35.0,0.0,2013,10,13,12,0
2013281N12098,2013,PHAILIN,2013-10-13 18:00:00+00:00,23.0,83.5,30.0,996.0,4.0,10.0,0,35.0,-5.0,2013,10,13,18,0
2013281N12098,2013,PHAILIN,2013-10-14 00:00:00+00:00,23.5,84.0,30.0,1000.0,8.0,30.0,0,30.0,0.0,2013,10,14,0,0
2013305N07141,2013,UNNAMED,2013-11-13 00:00:00+00:00,10.9,86.5,25.0,1004.0,5.0,310.0,625,35.0,0.0,2013,11,13,0,0
2013305N07141,2013,UNNAMED,2013-11-13 03:00:00+00:00,11.1,86.2,25.0,1004.0,4.0,300.0,607,25.0,0.0,2013,11,13,3,0
2013305N07141,2013,UNNAMED,2013-11-13 06:00:00+00:00,11.2,86.1,25.0,1004.0,2.0,305.0,603,25.0,0.0,2013,11,13,6,0
2013305N07141,2013,UNNAMED,2013-11-13 12:00:00+00:00,11.2,86.0,25.0,1003.0,2.0,265.0,593,25.0,0.0,2013,11,13,12,0
2013305N07141,2013,UNNAMED,2013-11-13 18:00:00+00:00,11.2,85.6,25.0,1003.0,4.0,265.0,557,25.0,0.0,2013,11,13,18,0
2013305N07141,2013,UNNAMED,2013-11-14 00:00:00+00:00,11.1,85.3,25.0,1003.0,2.0,245.0,523,25.0,0.0,2013,11,14,0,0
2013305N07141,2013,UNNAMED,2013-11-14 03:00:00+00:00,11.1,85.2,25.0,1003.0,1.0,205.0,514,25.0,0.0,2013,11,14,3,0
2013305N07141,2013,UNNAMED,2013-11-14 06:00:00+00:00,11.0,85.2,25.0,1003.0,4.0,205.0,508,25.0,0.0,2013,11,14,6,0
2013305N07141,2013,UNNAMED,2013-11-14 12:00:00+00:00,10.4,84.9,25.0,1003.0,6.0,210.0,444,25.0,0.0,2013,11,14,12,0
2013305N07141,2013,UNNAMED,2013-11-14 18:00:00+00:00,10.1,84.6,25.0,1003.0,5.0,230.0,399,25.0,0.0,2013,11,14,18,0
2013305N07141,2013,UNNAMED,2013-11-15 00:00:00+00:00,9.7,84.1,25.0,1003.0,9.0,235.0,330,25.0,0.0,2013,11,15,0,0
2013305N07141,2013,UNNAMED,2013-11-15 03:00:00+00:00,9.4,83.7,25.0,1003.0,6.0,250.0,276,25.0,0.0,2013,11,15,3,0
2013305N07141,2013,UNNAMED,2013-11-15 06:00:00+00:00,9.4,83.5,25.0,1003.0,4.0,280.0,261,25.0,0.0,2013,11,15,6,0
2013305N07141,2013,UNNAMED,2013-11-15 12:00:00+00:00,9.6,82.9,25.0,1003.0,9.0,295.0,212,25.0,0.0,2013,11,15,12,0
2013305N07141,2013,UNNAMED,2013-11-15 18:00:00+00:00,10.2,82.0,25.0,1003.0,9.0,305.0,165,25.0,0.0,2013,11,15,18,0
2013305N07141,2013,UNNAMED,2013-11-16 00:00:00+00:00,10.6,81.3,25.0,1003.0,13.0,295.0,148,25.0,0.0,2013,11,16,0,0
2013305N07141,2013,UNNAMED,2013-11-16 03:00:00+00:00,10.9,80.5,25.0,1003.0,13.0,285.0,65,25.0,0.0,2013,11,16,3,0
2013305N07141,2013,UNNAMED,2013-11-16 06:00:00+00:00,11.0,80.0,25.0,1003.0,10.0,275.0,10,25.0,0.0,2013,11,16,6,0
2013305N07141,2013,UNNAMED,2013-11-16 09:00:00+00:00,11.1,79.5,25.0,1004.0,10.0,275.0,0,25.0,0.0,2013,11,16,9,0
2013305N07141,2013,UNNAMED,2013-11-16 12:00:00+00:00,11.1,78.9,25.0,995.0,12.0,280.0,0,25.0,0.0,2013,11,16,12,0
2013310N06066,2013,UNNAMED,2013-11-08 06:00:00+00:00,7.9,56.2,25.0,1006.0,10.0,270.0,548,35.0,0.0,2013,11,8,6,0
2013310N06066,2013,UNNAMED,2013-11-08 12:00:00+00:00,8.1,55.0,25.0,1004.0,11.0,270.0,471,25.0,0.0,2013,11,8,12,0
2013310N06066,2013,UNNAMED,2013-11-08 18:00:00+00:00,8.0,54.0,25.0,1004.0,9.0,270.0,385,25.0,0.0,2013,11,8,18,1
2013310N06066,2013,UNNAMED,2013-11-09 00:00:00+00:00,8.0,53.1,30.0,1002.0,8.0,270.0,296,25.0,5.0,2013,11,9,0,0
2013310N06066,2013,UNNAMED,2013-11-09 03:00:00+00:00,8.0,52.8,30.0,1002.0,4.0,270.0,267,30.0,0.0,2013,11,9,3,0
2013310N06066,2013,UNNAMED,2013-11-09 06:00:00+00:00,8.0,52.7,30.0,1002.0,4.0,270.0,257,30.0,0.0,2013,11,9,6,0
2013310N06066,2013,UNNAMED,2013-11-09 12:00:00+00:00,8.0,52.1,30.0,1002.0,5.0,270.0,204,30.0,0.0,2013,11,9,12,0
2013310N06066,2013,UNNAMED,2013-11-09 18:00:00+00:00,8.0,51.9,30.0,1002.0,1.0,270.0,188,30.0,0.0,2013,11,9,18,0
2013310N06066,2013,UNNAMED,2013-11-10 00:00:00+00:00,8.0,51.8,30.0,1002.0,2.0,270.0,180,30.0,0.0,2013,11,10,0,0
2013310N06066,2013,UNNAMED,2013-11-10 03:00:00+00:00,8.0,51.6,30.0,1002.0,4.0,270.0,172,30.0,0.0,2013,11,10,3,0
2013310N06066,2013,UNNAMED,2013-11-10 06:00:00+00:00,8.0,51.3,30.0,1002.0,5.0,275.0,133,30.0,0.0,2013,11,10,6,0
2013310N06066,2013,UNNAMED,2013-11-10 12:00:00+00:00,8.1,51.2,30.0,1002.0,3.0,290.0,118,30.0,0.0,2013,11,10,12,0
2013310N06066,2013,UNNAMED,2013-11-10 18:00:00+00:00,8.2,50.6,30.0,1002.0,6.0,285.0,55,30.0,0.0,2013,11,10,18,0
2013310N06066,2013,UNNAMED,2013-11-11 00:00:00+00:00,8.4,50.1,30.0,1002.0,8.0,300.0,0,30.0,0.0,2013,11,11,0,0
2013310N06066,2013,UNNAMED,2013-11-11 03:00:00+00:00,8.7,49.7,30.0,1002.0,10.0,300.0,0,30.0,0.0,2013,11,11,3,0
2013322N13090,2013,HELEN,2013-11-19 00:00:00+00:00,14.7,86.2,25.0,1004.0,6.0,265.0,456,35.0,0.0,2013,11,19,0,0
2013322N13090,2013,HELEN,2013-11-19 03:00:00+00:00,14.8,85.9,25.0,1004.0,6.0,275.0,425,25.0,0.0,2013,11,19,3,0
2013322N13090,2013,HELEN,2013-11-19 06:00:00+00:00,14.8,85.6,25.0,1004.0,6.0,280.0,404,25.0,0.0,2013,11,19,6,0
2013322N13090,2013,HELEN,2013-11-19 12:00:00+00:00,15.0,85.1,25.0,1004.0,4.0,285.0,349,25.0,0.0,2013,11,19,12,1
2013322N13090,2013,HELEN,2013-11-19 15:00:00+00:00,15.0,84.9,30.0,1002.0,5.0,265.0,330,25.0,5.0,2013,11,19,15,0
2013322N13090,2013,HELEN,2013-11-19 18:00:00+00:00,15.0,84.5,30.0,1002.0,6.0,270.0,295,30.0,0.0,2013,11,19,18,0
2013322N13090,2013,HELEN,2013-11-20 00:00:00+00:00,15.1,84.1,30.0,1002.0,2.0,305.0,255,30.0,0.0,2013,11,20,0,1
2013322N13090,2013,HELEN,2013-11-20 03:00:00+00:00,15.1,84.1,35.0,1000.0,2.0,345.0,255,30.0,5.0,2013,11,20,3,1
2013322N13090,2013,HELEN,2013-11-20 06:00:00+00:00,15.3,84.1,40.0,1000.0,2.0,345.0,241,35.0,5.0,2013,11,20,6,0
2013322N13090,2013,HELEN,2013-11-20 09:00:00+00:00,15.3,84.0,40.0,1000.0,2.0,330.0,232,40.0,0.0,2013,11,20,9,1
2013322N13090,2013,HELEN,2013-11-20 12:00:00+00:00,15.4,84.0,45.0,998.0,2.0,315.0,226,40.0,5.0,2013,11,20,12,0
2013322N13090,2013,HELEN,2013-11-20 15:00:00+00:00,15.4,83.9,45.0,998.0,2.0,295.0,217,45.0,0.0,2013,11,20,15,0
2013322N13090,2013,HELEN,2013-11-20 18:00:00+00:00,15.5,83.8,45.0,996.0,3.0,300.0,202,45.0,0.0,2013,11,20,18,0
2013322N13090,2013,HELEN,2013-11-20 21:00:00+00:00,15.6,83.7,45.0,996.0,2.0,310.0,186,45.0,0.0,2013,11,20,21,1
2013322N13090,2013,HELEN,2013-11-21 00:00:00+00:00,15.7,83.6,50.0,994.0,3.0,315.0,171,45.0,5.0,2013,11,21,0,0
2013322N13090,2013,HELEN,2013-11-21 03:00:00+00:00,15.8,83.4,50.0,992.0,3.0,315.0,147,50.0,0.0,2013,11,21,3,1
2013322N13090,2013,HELEN,2013-11-21 06:00:00+00:00,15.9,83.3,55.0,990.0,4.0,305.0,132,50.0,5.0,2013,11,21,6,0
2013322N13090,2013,HELEN,2013-11-21 09:00:00+00:00,16.0,83.1,55.0,990.0,4.0,300.0,108,55.0,0.0,2013,11,21,9,0
2013322N13090,2013,HELEN,2013-11-21 12:00:00+00:00,16.1,83.0,55.0,990.0,4.0,285.0,93,55.0,0.0,2013,11,21,12,0
2013322N13090,2013,HELEN,2013-11-21 15:00:00+00:00,16.1,82.7,55.0,990.0,3.0,280.0,70,55.0,0.0,2013,11,21,15,0
2013322N13090,2013,HELEN,2013-11-21 18:00:00+00:00,16.2,82.6,55.0,990.0,4.0,275.0,55,55.0,0.0,2013,11,21,18,0
2013322N13090,2013,HELEN,2013-11-21 21:00:00+00:00,16.1,82.3,55.0,990.0,6.0,270.0,49,55.0,0.0,2013,11,21,21,0
2013322N13090,2013,HELEN,2013-11-22 00:00:00+00:00,16.2,82.0,55.0,990.0,5.0,275.0,24,55.0,0.0,2013,11,22,0,0
2013322N13090,2013,HELEN,2013-11-22 03:00:00+00:00,16.2,81.7,55.0,990.0,5.0,275.0,11,55.0,0.0,2013,11,22,3,0
2013322N13090,2013,HELEN,2013-11-22 06:00:00+00:00,16.2,81.4,55.0,990.0,5.0,255.0,15,55.0,0.0,2013,11,22,6,0
2013322N13090,2013,HELEN,2013-11-22 09:00:00+00:00,16.0,81.2,40.0,1000.0,7.0,240.0,0,55.0,-15.0,2013,11,22,9,0
2013322N13090,2013,HELEN,2013-11-22 12:00:00+00:00,15.8,80.8,30.0,1002.0,7.0,255.0,0,40.0,-10.0,2013,11,22,12,0
2013324N07103,2013,LEHAR,2013-11-23 12:00:00+00:00,8.7,96.6,25.0,1004.0,8.0,315.0,187,35.0,0.0,2013,11,23,12,1
2013324N07103,2013,LEHAR,2013-11-23 18:00:00+00:00,9.2,96.1,30.0,1002.0,10.0,315.0,244,25.0,5.0,2013,11,23,18,1
2013324N07103,2013,LEHAR,2013-11-24 00:00:00+00:00,10.0,95.2,35.0,999.0,8.0,310.0,361,30.0,5.0,2013,11,24,0,1
2013324N07103,2013,LEHAR,2013-11-24 03:00:00+00:00,10.2,95.0,40.0,998.0,8.0,310.0,383,35.0,5.0,2013,11,24,3,0
2013324N07103,2013,LEHAR,2013-11-24 06:00:00+00:00,10.6,94.6,40.0,998.0,11.0,305.0,426,40.0,0.0,2013,11,24,6,1
2013324N07103,2013,LEHAR,2013-11-24 09:00:00+00:00,10.8,94.1,45.0,996.0,10.0,300.0,481,40.0,5.0,2013,11,24,9,0
2013324N07103,2013,LEHAR,2013-11-24 12:00:00+00:00,11.0,93.7,45.0,996.0,7.0,300.0,526,45.0,0.0,2013,11,24,12,0
2013324N07103,2013,LEHAR,2013-11-24 15:00:00+00:00,11.1,93.5,45.0,996.0,7.0,310.0,535,45.0,0.0,2013,11,24,15,0
2013324N07103,2013,LEHAR,2013-11-24 18:00:00+00:00,11.5,93.2,45.0,996.0,9.0,300.0,498,45.0,0.0,2013,11,24,18,0
2013324N07103,2013,LEHAR,2013-11-24 21:00:00+00:00,11.5,92.7,45.0,996.0,7.0,305.0,515,45.0,0.0,2013,11,24,21,1
2013324N07103,2013,LEHAR,2013-11-25 00:00:00+00:00,11.8,92.6,55.0,992.0,6.0,305.0,477,45.0,10.0,2013,11,25,0,0
2013324N07103,2013,LEHAR,2013-11-25 03:00:00+00:00,11.9,92.2,55.0,990.0,7.0,280.0,497,55.0,0.0,2013,11,25,3,0
2013324N07103,2013,LEHAR,2013-11-25 06:00:00+00:00,12.0,91.9,55.0,988.0,5.0,280.0,503,55.0,0.0,2013,11,25,6,1
2013324N07103,2013,LEHAR,2013-11-25 09:00:00+00:00,12.0,91.7,60.0,988.0,4.0,325.0,515,55.0,5.0,2013,11,25,9,0
2013324N07103,2013,LEHAR,2013-11-25 12:00:00+00:00,12.3,91.6,60.0,988.0,6.0,305.0,494,60.0,0.0,2013,11,25,12,0
2013324N07103,2013,LEHAR,2013-11-25 15:00:00+00:00,12.3,91.2,60.0,988.0,5.0,280.0,522,60.0,0.0,2013,11,25,15,0
2013324N07103,2013,LEHAR,2013-11-25 18:00:00+00:00,12.4,91.1,55.0,988.0,3.0,290.0,521,60.0,-5.0,2013,11,25,18,1
2013324N07103,2013,LEHAR,2013-11-25 21:00:00+00:00,12.4,90.9,65.0,984.0,6.0,280.0,536,55.0,10.0,2013,11,25,21,1
2013324N07103,2013,LEHAR,2013-11-26 00:00:00+00:00,12.5,90.5,70.0,982.0,9.0,275.0,559,65.0,5.0,2013,11,26,0,0
2013324N07103,2013,LEHAR,2013-11-26 03:00:00+00:00,12.5,90.1,70.0,982.0,9.0,275.0,590,70.0,0.0,2013,11,26,3,0
2013324N07103,2013,LEHAR,2013-11-26 06:00:00+00:00,12.6,89.6,70.0,982.0,9.0,290.0,625,70.0,0.0,2013,11,26,6,0
2013324N07103,2013,LEHAR,2013-11-26 09:00:00+00:00,12.9,89.1,70.0,982.0,9.0,290.0,649,70.0,0.0,2013,11,26,9,0
2013324N07103,2013,LEHAR,2013-11-26 12:00:00+00:00,13.0,88.7,70.0,982.0,6.0,280.0,680,70.0,0.0,2013,11,26,12,0
2013324N07103,2013,LEHAR,2013-11-26 15:00:00+00:00,13.0,88.5,70.0,982.0,7.0,290.0,699,70.0,0.0,2013,11,26,15,1
2013324N07103,2013,LEHAR,2013-11-26 18:00:00+00:00,13.2,88.1,75.0,980.0,10.0,285.0,713,70.0,5.0,2013,11,26,18,0
2013324N07103,2013,LEHAR,2013-11-26 21:00:00+00:00,13.3,87.5,75.0,980.0,11.0,290.0,666,75.0,0.0,2013,11,26,21,0
2013324N07103,2013,LEHAR,2013-11-27 00:00:00+00:00,13.6,87.0,75.0,980.0,11.0,290.0,605,75.0,0.0,2013,11,27,0,0
2013324N07103,2013,LEHAR,2013-11-27 03:00:00+00:00,13.6,86.5,75.0,980.0,11.0,290.0,562,75.0,0.0,2013,11,27,3,0
2013324N07103,2013,LEHAR,2013-11-27 06:00:00+00:00,13.9,86.0,70.0,982.0,10.0,290.0,492,75.0,-5.0,2013,11,27,6,0
2013324N07103,2013,LEHAR,2013-11-27 09:00:00+00:00,14.0,85.5,65.0,984.0,9.0,285.0,450,70.0,-5.0,2013,11,27,9,0
2013324N07103,2013,LEHAR,2013-11-27 12:00:00+00:00,14.2,85.1,55.0,988.0,9.0,290.0,402,65.0,-10.0,2013,11,27,12,0
2013324N07103,2013,LEHAR,2013-11-27 15:00:00+00:00,14.2,84.6,55.0,988.0,10.0,290.0,364,55.0,0.0,2013,11,27,15,0
2013324N07103,2013,LEHAR,2013-11-27 18:00:00+00:00,14.6,84.1,45.0,996.0,11.0,295.0,295,55.0,-10.0,2013,11,27,18,0
2013324N07103,2013,LEHAR,2013-11-27 21:00:00+00:00,14.7,83.6,40.0,998.0,16.0,290.0,254,45.0,-5.0,2013,11,27,21,0
2013324N07103,2013,LEHAR,2013-11-28 00:00:00+00:00,15.1,82.5,30.0,1000.0,15.0,295.0,159,40.0,-10.0,2013,11,28,0,0
2013324N07103,2013,LEHAR,2013-11-28 03:00:00+00:00,15.3,82.1,30.0,1000.0,8.0,290.0,119,30.0,0.0,2013,11,28,3,0
2013324N07103,2013,LEHAR,2013-11-28 06:00:00+00:00,15.3,81.7,30.0,1000.0,7.0,285.0,92,30.0,0.0,2013,11,28,6,0
2013324N07103,2013,LEHAR,2013-11-28 09:00:00+00:00,15.5,81.4,25.0,1002.0,7.0,290.0,54,30.0,-5.0,2013,11,28,9,0
2013339N09084,2013,MADI,2013-12-06 03:00:00+00:00,9.7,83.7,25.0,1004.0,2.0,25.0,291,35.0,0.0,2013,12,6,3,0
2013339N09084,2013,MADI,2013-12-06 06:00:00+00:00,9.8,83.8,25.0,1004.0,2.0,35.0,306,25.0,0.0,2013,12,6,6,0
2013339N09084,2013,MADI,2013-12-06 12:00:00+00:00,10.0,83.9,25.0,1004.0,2.0,20.0,327,25.0,0.0,2013,12,6,12,1
2013339N09084,2013,MADI,2013-12-06 18:00:00+00:00,10.2,84.0,30.0,1002.0,2.0,30.0,349,25.0,5.0,2013,12,6,18,1
2013339N09084,2013,MADI,2013-12-07 00:00:00+00:00,10.4,84.1,35.0,998.0,2.0,50.0,370,30.0,5.0,2013,12,7,0,0
2013339N09084,2013,MADI,2013-12-07 03:00:00+00:00,10.4,84.2,35.0,998.0,2.0,35.0,380,35.0,0.0,2013,12,7,3,1
2013339N09084,2013,MADI,2013-12-07 06:00:00+00:00,10.5,84.3,45.0,996.0,3.0,30.0,401,35.0,10.0,2013,12,7,6,1
2013339N09084,2013,MADI,2013-12-07 09:00:00+00:00,10.7,84.3,55.0,992.0,4.0,25.0,407,45.0,10.0,2013,12,7,9,0
2013339N09084,2013,MADI,2013-12-07 12:00:00+00:00,10.9,84.4,55.0,992.0,4.0,25.0,428,55.0,0.0,2013,12,7,12,0
2013339N09084,2013,MADI,2013-12-07 15:00:00+00:00,11.0,84.5,55.0,992.0,4.0,15.0,444,55.0,0.0,2013,12,7,15,0
2013339N09084,2013,MADI,2013-12-07 18:00:00+00:00,11.3,84.5,55.0,990.0,5.0,5.0,462,55.0,0.0,2013,12,7,18,0
2013339N09084,2013,MADI,2013-12-07 21:00:00+00:00,11.5,84.5,55.0,990.0,6.0,5.0,474,55.0,0.0,2013,12,7,21,1
2013339N09084,2013,MADI,2013-12-08 00:00:00+00:00,11.9,84.6,60.0,988.0,5.0,5.0,483,55.0,5.0,2013,12,8,0,0
2013339N09084,2013,MADI,2013-12-08 03:00:00+00:00,12.1,84.6,60.0,988.0,5.0,15.0,480,60.0,0.0,2013,12,8,3,1
2013339N09084,2013,MADI,2013-12-08 06:00:00+00:00,12.4,84.7,65.0,986.0,6.0,10.0,487,60.0,5.0,2013,12,8,6,0
2013339N09084,2013,MADI,2013-12-08 09:00:00+00:00,12.6,84.7,65.0,986.0,6.0,0.0,483,65.0,0.0,2013,12,8,9,0
2013339N09084,2013,MADI,2013-12-08 12:00:00+00:00,13.0,84.7,65.0,986.0,6.0,355.0,477,65.0,0.0,2013,12,8,12,0
2013339N09084,2013,MADI,2013-12-08 15:00:00+00:00,13.2,84.7,65.0,986.0,5.0,355.0,459,65.0,0.0,2013,12,8,15,0
2013339N09084,2013,MADI,2013-12-08 18:00:00+00:00,13.4,84.6,65.0,986.0,5.0,355.0,441,65.0,0.0,2013,12,8,18,0
2013339N09084,2013,MADI,2013-12-08 21:00:00+00:00,13.6,84.6,65.0,986.0,5.0,0.0,416,65.0,0.0,2013,12,8,21,0
2013339N09084,2013,MADI,2013-12-09 00:00:00+00:00,13.9,84.6,65.0,986.0,4.0,0.0,397,65.0,0.0,2013,12,9,0,0
2013339N09084,2013,MADI,2013-12-09 03:00:00+00:00,14.1,84.7,65.0,986.0,5.0,5.0,380,65.0,0.0,2013,12,9,3,0
2013339N09084,2013,MADI,2013-12-09 06:00:00+00:00,14.3,84.7,65.0,986.0,4.0,10.0,363,65.0,0.0,2013,12,9,6,0
2013339N09084,2013,MADI,2013-12-09 09:00:00+00:00,14.4,84.7,65.0,986.0,3.0,15.0,363,65.0,0.0,2013,12,9,9,0
2013339N09084,2013,MADI,2013-12-09 12:00:00+00:00,14.6,84.8,60.0,988.0,3.0,15.0,349,65.0,-5.0,2013,12,9,12,0
2013339N09084,2013,MADI,2013-12-09 15:00:00+00:00,14.7,84.8,60.0,988.0,2.0,25.0,341,60.0,0.0,2013,12,9,15,0
2013339N09084,2013,MADI,2013-12-09 18:00:00+00:00,14.8,84.9,60.0,988.0,2.0,30.0,343,60.0,0.0,2013,12,9,18,0
2013339N09084,2013,MADI,2013-12-09 21:00:00+00:00,14.8,84.9,60.0,988.0,2.0,35.0,343,60.0,0.0,2013,12,9,21,0
2013339N09084,2013,MADI,2013-12-10 00:00:00+00:00,15.0,85.1,60.0,988.0,5.0,40.0,349,60.0,0.0,2013,12,10,0,1
2013339N09084,2013,MADI,2013-12-10 03:00:00+00:00,15.3,85.3,65.0,988.0,5.0,30.0,341,60.0,5.0,2013,12,10,3,0
2013339N09084,2013,MADI,2013-12-10 06:00:00+00:00,15.4,85.3,65.0,988.0,3.0,350.0,332,65.0,0.0,2013,12,10,6,0
2013339N09084,2013,MADI,2013-12-10 09:00:00+00:00,15.5,85.2,65.0,988.0,4.0,255.0,317,65.0,0.0,2013,12,10,9,0
2013339N09084,2013,MADI,2013-12-10 12:00:00+00:00,15.3,85.0,55.0,990.0,7.0,225.0,321,65.0,-10.0,2013,12,10,12,0
2013339N09084,2013,MADI,2013-12-10 15:00:00+00:00,15.1,84.7,55.0,990.0,6.0,225.0,306,55.0,0.0,2013,12,10,15,0
2013339N09084,2013,MADI,2013-12-10 18:00:00+00:00,14.9,84.6,50.0,992.0,5.0,215.0,311,55.0,-5.0,2013,12,10,18,0
2013339N09084,2013,MADI,2013-12-10 21:00:00+00:00,14.7,84.4,45.0,994.0,7.0,220.0,309,50.0,-5.0,2013,12,10,21,0
2013339N09084,2013,MADI,2013-12-11 00:00:00+00:00,14.4,84.1,40.0,996.0,8.0,225.0,312,45.0,-5.0,2013,12,11,0,0
2013339N09084,2013,MADI,2013-12-11 03:00:00+00:00,14.1,83.8,30.0,998.0,8.0,220.0,322,40.0,-10.0,2013,12,11,3,0
2013339N09084,2013,MADI,2013-12-11 06:00:00+00:00,13.8,83.6,30.0,998.0,7.0,215.0,342,30.0,0.0,2013,12,11,6,0
2013339N09084,2013,MADI,2013-12-11 09:00:00+00:00,13.6,83.4,30.0,1000.0,6.0,215.0,335,30.0,0.0,2013,12,11,9,0
2013339N09084,2013,MADI,2013-12-11 12:00:00+00:00,13.4,83.3,30.0,1000.0,6.0,220.0,324,30.0,0.0,2013,12,11,12,0
2013339N09084,2013,MADI,2013-12-11 18:00:00+00:00,12.9,82.7,25.0,1000.0,8.0,230.0,263,30.0,-5.0,2013,12,11,18,0
2013339N09084,2013,MADI,2013-12-12 00:00:00+00:00,12.3,82.0,25.0,1000.0,11.0,225.0,196,25.0,0.0,2013,12,12,0,0
2013339N09084,2013,MADI,2013-12-12 03:00:00+00:00,11.9,81.5,25.0,1000.0,12.0,220.0,156,25.0,0.0,2013,12,12,3,0
2013339N09084,2013,MADI,2013-12-12 06:00:00+00:00,11.4,81.2,25.0,1000.0,12.0,215.0,143,25.0,0.0,2013,12,12,6,0
2013339N09084,2013,MADI,2013-12-12 09:00:00+00:00,10.9,80.8,25.0,1000.0,13.0,220.0,98,25.0,0.0,2013,12,12,9,0
2013339N09084,2013,MADI,2013-12-12 12:00:00+00:00,10.4,80.3,25.0,1000.0,14.0,240.0,43,25.0,0.0,2013,12,12,12,0
2014003N08086,2014,UNNAMED,2014-01-04 03:00:00+00:00,8.8,83.5,25.0,1006.0,6.0,290.0,227,35.0,0.0,2014,1,4,3,0
2014003N08086,2014,UNNAMED,2014-01-04 06:00:00+00:00,9.0,83.2,25.0,1006.0,6.0,295.0,208,25.0,0.0,2014,1,4,6,0
2014003N08086,2014,UNNAMED,2014-01-04 12:00:00+00:00,9.1,82.9,25.0,1006.0,3.0,280.0,182,25.0,0.0,2014,1,4,12,0
2014003N08086,2014,UNNAMED,2014-01-04 18:00:00+00:00,9.2,82.5,25.0,1006.0,5.0,290.0,150,25.0,0.0,2014,1,4,18,0
2014003N08086,2014,UNNAMED,2014-01-05 00:00:00+00:00,9.3,82.1,25.0,1006.0,2.0,280.0,119,25.0,0.0,2014,1,5,0,0
2014003N08086,2014,UNNAMED,2014-01-05 03:00:00+00:00,9.3,82.0,25.0,1006.0,2.0,270.0,110,25.0,0.0,2014,1,5,3,0
2014003N08086,2014,UNNAMED,2014-01-05 06:00:00+00:00,9.3,81.9,25.0,1006.0,3.0,270.0,102,25.0,0.0,2014,1,5,6,0
2014003N08086,2014,UNNAMED,2014-01-05 12:00:00+00:00,9.3,81.6,25.0,1004.0,2.0,270.0,78,25.0,0.0,2014,1,5,12,0
2014003N08086,2014,UNNAMED,2014-01-05 18:00:00+00:00,9.3,81.4,25.0,1004.0,1.0,270.0,59,25.0,0.0,2014,1,5,18,0
2014003N08086,2014,UNNAMED,2014-01-06 00:00:00+00:00,9.3,81.3,25.0,1004.0,3.0,275.0,49,25.0,0.0,2014,1,6,0,0
2014003N08086,2014,UNNAMED,2014-01-06 03:00:00+00:00,9.3,81.1,25.0,1006.0,5.0,240.0,31,25.0,0.0,2014,1,6,3,0
2014003N08086,2014,UNNAMED,2014-01-06 12:00:00+00:00,8.8,80.6,25.0,1006.0,3.0,220.0,0,25.0,0.0,2014,1,6,12,0
2014141N16091,2014,UNNAMED,2014-05-21 03:00:00+00:00,15.5,90.5,25.0,1004.0,10.0,0.0,400,35.0,0.0,2014,5,21,3,0
2014141N16091,2014,UNNAMED,2014-05-21 06:00:00+00:00,16.0,90.5,25.0,1004.0,9.0,15.0,395,25.0,0.0,2014,5,21,6,0
2014141N16091,2014,UNNAMED,2014-05-21 12:00:00+00:00,16.5,91.0,25.0,1002.0,3.0,45.0,346,25.0,0.0,2014,5,21,12,0
2014141N16091,2014,UNNAMED,2014-05-21 18:00:00+00:00,16.5,91.0,25.0,1002.0,5.0,95.0,346,25.0,0.0,2014,5,21,18,0
2014141N16091,2014,UNNAMED,2014-05-22 00:00:00+00:00,16.5,92.0,25.0,1000.0,4.0,90.0,241,25.0,0.0,2014,5,22,0,0
2014141N16091,2014,UNNAMED,2014-05-22 03:00:00+00:00,16.5,92.0,25.0,1000.0,7.0,45.0,241,25.0,0.0,2014,5,22,3,0
2014141N16091,2014,UNNAMED,2014-05-22 06:00:00+00:00,17.0,92.5,25.0,1000.0,9.0,25.0,199,25.0,0.0,2014,5,22,6,0
2014141N16091,2014,UNNAMED,2014-05-22 12:00:00+00:00,17.5,92.0,25.0,1000.0,4.0,305.0,245,25.0,0.0,2014,5,22,12,0
2014141N16091,2014,UNNAMED,2014-05-22 18:00:00+00:00,17.5,92.0,25.0,1000.0,5.0,235.0,245,25.0,0.0,2014,5,22,18,0
2014159N12068,2014,NANAUK,2014-06-10 09:00:00+00:00,15.8,68.4,25.0,998.0,6.0,305.0,529,35.0,0.0,2014,6,10,9,0
2014159N12068,2014,NANAUK,2014-06-10 12:00:00+00:00,16.1,68.1,25.0,996.0,7.0,310.0,556,25.0,0.0,2014,6,10,12,1
2014159N12068,2014,NANAUK,2014-06-10 18:00:00+00:00,16.5,67.6,30.0,994.0,4.0,295.0,578,25.0,5.0,2014,6,10,18,1
2014159N12068,2014,NANAUK,2014-06-11 00:00:00+00:00,16.6,67.2,35.0,992.0,5.0,305.0,593,30.0,5.0,2014,6,11,0,0
2014159N12068,2014,NANAUK,2014-06-11 03:00:00+00:00,16.7,67.0,35.0,992.0,6.0,310.0,596,35.0,0.0,2014,6,11,3,1
2014159N12068,2014,NANAUK,2014-06-11 06:00:00+00:00,17.0,66.7,45.0,990.0,6.0,310.0,587,35.0,10.0,2014,6,11,6,0
2014159N12068,2014,NANAUK,2014-06-11 09:00:00+00:00,17.1,66.5,45.0,990.0,7.0,315.0,592,45.0,0.0,2014,6,11,9,0
2014159N12068,2014,NANAUK,2014-06-11 12:00:00+00:00,17.4,66.2,45.0,988.0,6.0,310.0,589,45.0,0.0,2014,6,11,12,0
2014159N12068,2014,NANAUK,2014-06-11 15:00:00+00:00,17.6,66.0,45.0,988.0,5.0,295.0,589,45.0,0.0,2014,6,11,15,0
2014159N12068,2014,NANAUK,2014-06-11 18:00:00+00:00,17.6,65.8,45.0,988.0,4.0,285.0,604,45.0,0.0,2014,6,11,18,0
2014159N12068,2014,NANAUK,2014-06-11 21:00:00+00:00,17.7,65.6,45.0,988.0,6.0,300.0,611,45.0,0.0,2014,6,11,21,0
2014159N12068,2014,NANAUK,2014-06-12 00:00:00+00:00,17.9,65.3,45.0,986.0,7.0,300.0,618,45.0,0.0,2014,6,12,0,0
2014159N12068,2014,NANAUK,2014-06-12 03:00:00+00:00,18.0,64.9,45.0,986.0,6.0,295.0,636,45.0,0.0,2014,6,12,3,0
2014159N12068,2014,NANAUK,2014-06-12 06:00:00+00:00,18.2,64.6,45.0,986.0,6.0,295.0,634,45.0,0.0,2014,6,12,6,0
2014159N12068,2014,NANAUK,2014-06-12 09:00:00+00:00,18.3,64.3,45.0,988.0,6.0,305.0,627,45.0,0.0,2014,6,12,9,0
2014159N12068,2014,NANAUK,2014-06-12 12:00:00+00:00,18.5,64.1,45.0,988.0,6.0,325.0,597,45.0,0.0,2014,6,12,12,0
2014159N12068,2014,NANAUK,2014-06-12 15:00:00+00:00,18.8,64.0,45.0,988.0,8.0,0.0,570,45.0,0.0,2014,6,12,15,0
2014159N12068,2014,NANAUK,2014-06-12 18:00:00+00:00,19.3,64.1,45.0,988.0,12.0,20.0,551,45.0,0.0,2014,6,12,18,0
2014159N12068,2014,NANAUK,2014-06-12 21:00:00+00:00,19.9,64.4,45.0,988.0,12.0,25.0,538,45.0,0.0,2014,6,12,21,0
2014159N12068,2014,NANAUK,2014-06-13 00:00:00+00:00,20.4,64.6,45.0,988.0,8.0,360.0,489,45.0,0.0,2014,6,13,0,0
2014159N12068,2014,NANAUK,2014-06-13 03:00:00+00:00,20.7,64.4,45.0,990.0,10.0,325.0,477,45.0,0.0,2014,6,13,3,0
2014159N12068,2014,NANAUK,2014-06-13 06:00:00+00:00,21.2,64.0,40.0,992.0,8.0,325.0,447,45.0,-5.0,2014,6,13,6,0
2014159N12068,2014,NANAUK,2014-06-13 09:00:00+00:00,21.4,63.9,30.0,994.0,2.0,10.0,426,40.0,-10.0,2014,6,13,9,0
2014159N12068,2014,NANAUK,2014-06-13 12:00:00+00:00,21.4,64.0,25.0,996.0,2.0,65.0,426,30.0,-5.0,2014,6,13,12,0
2014159N12068,2014,NANAUK,2014-06-13 18:00:00+00:00,21.5,64.2,25.0,996.0,3.0,70.0,414,25.0,0.0,2014,6,13,18,0
2014202N22087,2014,UNNAMED,2014-07-21 03:00:00+00:00,22.0,87.0,25.0,988.0,12.0,290.0,0,35.0,0.0,2014,7,21,3,0
2014202N22087,2014,UNNAMED,2014-07-21 06:00:00+00:00,22.2,86.4,20.0,988.0,13.0,285.0,0,25.0,-5.0,2014,7,21,6,0
2014202N22087,2014,UNNAMED,2014-07-21 12:00:00+00:00,22.5,85.0,20.0,988.0,11.0,275.0,0,20.0,0.0,2014,7,21,12,0
2014202N22087,2014,UNNAMED,2014-07-21 18:00:00+00:00,22.5,84.0,20.0,990.0,9.0,270.0,0,20.0,0.0,2014,7,21,18,0
2014202N22087,2014,UNNAMED,2014-07-22 00:00:00+00:00,22.5,83.0,20.0,990.0,9.0,270.0,0,20.0,0.0,2014,7,22,0,0
2014202N22087,2014,UNNAMED,2014-07-22 03:00:00+00:00,22.5,82.5,20.0,990.0,9.0,270.0,0,20.0,0.0,2014,7,22,3,0
2014202N22087,2014,UNNAMED,2014-07-22 06:00:00+00:00,22.5,82.0,20.0,990.0,9.0,270.0,0,20.0,0.0,2014,7,22,6,0
2014202N22087,2014,UNNAMED,2014-07-22 12:00:00+00:00,22.5,81.0,20.0,990.0,11.0,270.0,0,20.0,0.0,2014,7,22,12,0
2014202N22087,2014,UNNAMED,2014-07-22 18:00:00+00:00,22.5,79.6,20.0,992.0,13.0,270.0,0,20.0,0.0,2014,7,22,18,0
2014202N22087,2014,UNNAMED,2014-07-23 00:00:00+00:00,22.5,78.2,20.0,992.0,13.0,270.0,0,20.0,0.0,2014,7,23,0,0
2014202N22087,2014,UNNAMED,2014-07-23 03:00:00+00:00,22.5,77.5,20.0,992.0,11.0,270.0,0,20.0,0.0,2014,7,23,3,0
2014216N21089,2014,UNNAMED,2014-08-03 12:00:00+00:00,21.5,88.5,25.0,990.0,4.0,345.0,11,35.0,0.0,2014,8,3,12,1
2014216N21089,2014,UNNAMED,2014-08-03 18:00:00+00:00,21.9,88.3,30.0,990.0,6.0,315.0,0,25.0,5.0,2014,8,3,18,0
2014216N21089,2014,UNNAMED,2014-08-04 00:00:00+00:00,22.3,87.6,30.0,990.0,8.0,300.0,0,30.0,0.0,2014,8,4,0,0
2014216N21089,2014,UNNAMED,2014-08-04 03:00:00+00:00,22.5,87.2,30.0,990.0,10.0,280.0,0,30.0,0.0,2014,8,4,3,0
2014216N21089,2014,UNNAMED,2014-08-04 06:00:00+00:00,22.5,86.5,30.0,990.0,9.0,260.0,0,30.0,0.0,2014,8,4,6,0
2014216N21089,2014,UNNAMED,2014-08-04 12:00:00+00:00,22.2,86.1,30.0,990.0,6.0,250.0,0,30.0,0.0,2014,8,4,12,0
2014216N21089,2014,UNNAMED,2014-08-04 18:00:00+00:00,22.2,85.1,30.0,990.0,9.0,270.0,0,30.0,0.0,2014,8,4,18,0
2014216N21089,2014,UNNAMED,2014-08-05 00:00:00+00:00,22.2,84.1,30.0,990.0,10.0,270.0,0,30.0,0.0,2014,8,5,0,0
2014216N21089,2014,UNNAMED,2014-08-05 03:00:00+00:00,22.2,83.5,30.0,994.0,12.0,305.0,0,30.0,0.0,2014,8,5,3,0
2014216N21089,2014,UNNAMED,2014-08-05 06:00:00+00:00,22.9,83.0,30.0,992.0,16.0,325.0,0,30.0,0.0,2014,8,5,6,0
2014216N21089,2014,UNNAMED,2014-08-05 09:00:00+00:00,23.5,82.5,25.0,992.0,14.0,320.0,0,30.0,-5.0,2014,8,5,9,0
2014216N21089,2014,UNNAMED,2014-08-05 12:00:00+00:00,24.0,82.0,25.0,992.0,11.0,310.0,0,25.0,0.0,2014,8,5,12,0
2014216N21089,2014,UNNAMED,2014-08-05 18:00:00+00:00,24.2,81.3,25.0,992.0,6.0,280.0,0,25.0,0.0,2014,8,5,18,0
2014216N21089,2014,UNNAMED,2014-08-06 00:00:00+00:00,24.4,80.6,25.0,992.0,7.0,285.0,0,25.0,0.0,2014,8,6,0,0
2014216N21089,2014,UNNAMED,2014-08-06 03:00:00+00:00,24.5,80.2,25.0,996.0,6.0,290.0,0,25.0,0.0,2014,8,6,3,0
2014216N21089,2014,UNNAMED,2014-08-06 06:00:00+00:00,24.6,80.0,25.0,994.0,5.0,305.0,0,25.0,0.0,2014,8,6,6,0
2014216N21089,2014,UNNAMED,2014-08-06 12:00:00+00:00,25.0,79.5,25.0,994.0,6.0,310.0,0,25.0,0.0,2014,8,6,12,0
2014216N21089,2014,UNNAMED,2014-08-06 18:00:00+00:00,25.3,79.0,25.0,994.0,5.0,300.0,0,25.0,0.0,2014,8,6,18,0
2014279N11096,2014,HUDHUD,2014-10-07 03:00:00+00:00,11.2,95.0,25.0,1004.0,6.0,310.0,388,35.0,0.0,2014,10,7,3,0
2014279N11096,2014,HUDHUD,2014-10-07 06:00:00+00:00,11.4,94.7,25.0,1004.0,6.0,305.0,417,25.0,0.0,2014,10,7,6,1
2014279N11096,2014,HUDHUD,2014-10-07 12:00:00+00:00,11.7,94.1,30.0,1000.0,7.0,290.0,458,25.0,5.0,2014,10,7,12,0
2014279N11096,2014,HUDHUD,2014-10-07 18:00:00+00:00,11.9,93.5,30.0,1000.0,7.0,290.0,447,30.0,0.0,2014,10,7,18,0
2014279N11096,2014,HUDHUD,2014-10-08 00:00:00+00:00,12.2,92.9,30.0,1000.0,7.0,295.0,434,30.0,0.0,2014,10,8,0,1
2014279N11096,2014,HUDHUD,2014-10-08 03:00:00+00:00,12.3,92.6,35.0,998.0,8.0,295.0,437,30.0,5.0,2014,10,8,3,1
2014279N11096,2014,HUDHUD,2014-10-08 06:00:00+00:00,12.6,92.1,40.0,996.0,12.0,290.0,435,35.0,5.0,2014,10,8,6,0
2014279N11096,2014,HUDHUD,2014-10-08 09:00:00+00:00,12.8,91.4,40.0,996.0,13.0,285.0,466,40.0,0.0,2014,10,8,9,0
2014279N11096,2014,HUDHUD,2014-10-08 12:00:00+00:00,12.9,90.9,40.0,996.0,11.0,290.0,496,40.0,0.0,2014,10,8,12,0
2014279N11096,2014,HUDHUD,2014-10-08 15:00:00+00:00,13.1,90.4,40.0,996.0,8.0,295.0,522,40.0,0.0,2014,10,8,15,1
2014279N11096,2014,HUDHUD,2014-10-08 18:00:00+00:00,13.3,90.1,45.0,994.0,8.0,295.0,534,40.0,5.0,2014,10,8,18,0
2014279N11096,2014,HUDHUD,2014-10-08 21:00:00+00:00,13.5,89.6,45.0,992.0,9.0,295.0,568,45.0,0.0,2014,10,8,21,0
2014279N11096,2014,HUDHUD,2014-10-09 00:00:00+00:00,13.6,89.3,45.0,990.0,6.0,295.0,591,45.0,0.0,2014,10,9,0,1
2014279N11096,2014,HUDHUD,2014-10-09 03:00:00+00:00,13.7,89.1,55.0,988.0,5.0,295.0,605,45.0,10.0,2014,10,9,3,0
2014279N11096,2014,HUDHUD,2014-10-09 06:00:00+00:00,13.8,88.9,55.0,988.0,5.0,300.0,620,55.0,0.0,2014,10,9,6,0
2014279N11096,2014,HUDHUD,2014-10-09 09:00:00+00:00,13.9,88.6,55.0,988.0,5.0,305.0,646,55.0,0.0,2014,10,9,9,0
2014279N11096,2014,HUDHUD,2014-10-09 12:00:00+00:00,14.1,88.5,55.0,988.0,5.0,295.0,648,55.0,0.0,2014,10,9,12,0
2014279N11096,2014,HUDHUD,2014-10-09 15:00:00+00:00,14.1,88.2,55.0,988.0,5.0,290.0,642,55.0,0.0,2014,10,9,15,0
2014279N11096,2014,HUDHUD,2014-10-09 18:00:00+00:00,14.2,88.0,55.0,988.0,5.0,305.0,619,55.0,0.0,2014,10,9,18,1
2014279N11096,2014,HUDHUD,2014-10-09 21:00:00+00:00,14.4,87.8,60.0,988.0,5.0,315.0,588,55.0,5.0,2014,10,9,21,0
2014279N11096,2014,HUDHUD,2014-10-10 00:00:00+00:00,14.6,87.6,60.0,988.0,6.0,310.0,564,60.0,0.0,2014,10,10,0,0
2014279N11096,2014,HUDHUD,2014-10-10 03:00:00+00:00,14.8,87.3,60.0,988.0,6.0,305.0,519,60.0,0.0,2014,10,10,3,0
2014279N11096,2014,HUDHUD,2014-10-10 06:00:00+00:00,14.9,87.2,60.0,986.0,5.0,310.0,503,60.0,0.0,2014,10,10,6,1
2014279N11096,2014,HUDHUD,2014-10-10 09:00:00+00:00,15.1,87.0,65.0,984.0,5.0,320.0,472,60.0,5.0,2014,10,10,9,1
2014279N11096,2014,HUDHUD,2014-10-10 12:00:00+00:00,15.3,86.8,70.0,982.0,6.0,315.0,441,65.0,5.0,2014,10,10,12,1
2014279N11096,2014,HUDHUD,2014-10-10 15:00:00+00:00,15.5,86.5,75.0,980.0,6.0,300.0,404,70.0,5.0,2014,10,10,15,0
2014279N11096,2014,HUDHUD,2014-10-10 18:00:00+00:00,15.6,86.3,75.0,978.0,5.0,295.0,382,75.0,0.0,2014,10,10,18,0
2014279N11096,2014,HUDHUD,2014-10-10 21:00:00+00:00,15.7,86.0,75.0,974.0,6.0,295.0,354,75.0,0.0,2014,10,10,21,0
2014279N11096,2014,HUDHUD,2014-10-11 00:00:00+00:00,15.9,85.7,75.0,970.0,6.0,295.0,317,75.0,0.0,2014,10,11,0,1
2014279N11096,2014,HUDHUD,2014-10-11 03:00:00+00:00,16.0,85.4,80.0,968.0,6.0,295.0,292,75.0,5.0,2014,10,11,3,1
2014279N11096,2014,HUDHUD,2014-10-11 06:00:00+00:00,16.1,85.1,90.0,966.0,4.0,290.0,269,80.0,10.0,2014,10,11,6,0
2014279N11096,2014,HUDHUD,2014-10-11 09:00:00+00:00,16.1,85.0,90.0,964.0,3.0,290.0,254,90.0,0.0,2014,10,11,9,1
2014279N11096,2014,HUDHUD,2014-10-11 12:00:00+00:00,16.2,84.9,95.0,962.0,3.0,310.0,239,90.0,5.0,2014,10,11,12,0
2014279N11096,2014,HUDHUD,2014-10-11 15:00:00+00:00,16.3,84.8,95.0,960.0,4.0,330.0,223,95.0,0.0,2014,10,11,15,1
2014279N11096,2014,HUDHUD,2014-10-11 18:00:00+00:00,16.6,84.6,100.0,954.0,6.0,320.0,192,95.0,5.0,2014,10,11,18,0
2014279N11096,2014,HUDHUD,2014-10-11 21:00:00+00:00,16.8,84.4,100.0,952.0,8.0,320.0,154,100.0,0.0,2014,10,11,21,0
2014279N11096,2014,HUDHUD,2014-10-12 00:00:00+00:00,17.2,84.1,100.0,950.0,8.0,315.0,107,100.0,0.0,2014,10,12,0,0
2014279N11096,2014,HUDHUD,2014-10-12 03:00:00+00:00,17.4,83.8,100.0,950.0,8.0,300.0,61,100.0,0.0,2014,10,12,3,0
2014279N11096,2014,HUDHUD,2014-10-12 06:00:00+00:00,17.6,83.4,100.0,950.0,8.0,300.0,15,100.0,0.0,2014,10,12,6,0
2014279N11096,2014,HUDHUD,2014-10-12 09:00:00+00:00,17.8,83.1,90.0,960.0,7.0,305.0,0,100.0,-10.0,2014,10,12,9,0
2014279N11096,2014,HUDHUD,2014-10-12 12:00:00+00:00,18.0,82.8,60.0,982.0,7.0,315.0,0,90.0,-30.0,2014,10,12,12,0
2014279N11096,2014,HUDHUD,2014-10-12 15:00:00+00:00,18.3,82.5,45.0,986.0,9.0,325.0,0,60.0,-15.0,2014,10,12,15,0
2014279N11096,2014,HUDHUD,2014-10-12 18:00:00+00:00,18.8,82.3,40.0,987.0,8.0,330.0,0,45.0,-5.0,2014,10,12,18,0
2014279N11096,2014,HUDHUD,2014-10-12 21:00:00+00:00,19.0,82.1,40.0,988.0,12.0,325.0,0,40.0,0.0,2014,10,12,21,0
2014279N11096,2014,HUDHUD,2014-10-13 00:00:00+00:00,19.7,81.6,30.0,994.0,16.0,340.0,0,40.0,-10.0,2014,10,13,0,0
2014279N11096,2014,HUDHUD,2014-10-13 03:00:00+00:00,20.5,81.5,30.0,996.0,11.0,355.0,0,30.0,0.0,2014,10,13,3,0
2014279N11096,2014,HUDHUD,2014-10-13 06:00:00+00:00,20.8,81.4,30.0,998.0,7.0,355.0,0,30.0,0.0,2014,10,13,6,0
2014279N11096,2014,HUDHUD,2014-10-13 12:00:00+00:00,21.4,81.4,25.0,998.0,5.0,10.0,0,30.0,-5.0,2014,10,13,12,0
2014279N11096,2014,HUDHUD,2014-10-13 18:00:00+00:00,22.3,81.5,25.0,1000.0,20.0,360.0,0,25.0,0.0,2014,10,13,18,0
2014279N11096,2014,HUDHUD,2014-10-14 00:00:00+00:00,24.8,81.5,25.0,1000.0,15.0,5.0,0,25.0,0.0,2014,10,14,0,0
2014279N11096,2014,HUDHUD,2014-10-14 03:00:00+00:00,25.1,81.6,20.0,1000.0,8.0,15.0,0,25.0,-5.0,2014,10,14,3,0
2014279N11096,2014,HUDHUD,2014-10-14 06:00:00+00:00,25.6,81.7,20.0,1000.0,12.0,10.0,0,20.0,0.0,2014,10,14,6,0
2014297N11062,2014,NILOFAR,2014-10-25 00:00:00+00:00,12.3,62.1,25.0,1004.0,4.0,345.0,826,35.0,0.0,2014,10,25,0,0
2014297N11062,2014,NILOFAR,2014-10-25 03:00:00+00:00,12.6,62.1,25.0,1004.0,4.0,345.0,825,25.0,0.0,2014,10,25,3,0
2014297N11062,2014,NILOFAR,2014-10-25 06:00:00+00:00,12.7,62.0,25.0,1004.0,4.0,345.0,814,25.0,0.0,2014,10,25,6,0
2014297N11062,2014,NILOFAR,2014-10-25 12:00:00+00:00,13.3,61.9,25.0,1003.0,4.0,0.0,773,25.0,0.0,2014,10,25,12,0
2014297N11062,2014,NILOFAR,2014-10-25 18:00:00+00:00,13.5,62.0,25.0,1003.0,6.0,40.0,761,25.0,0.0,2014,10,25,18,0
2014297N11062,2014,NILOFAR,2014-10-26 00:00:00+00:00,14.1,62.5,25.0,1002.0,4.0,35.0,742,25.0,0.0,2014,10,26,0,1
2014297N11062,2014,NILOFAR,2014-10-26 03:00:00+00:00,14.1,62.5,30.0,999.0,1.0,0.0,742,25.0,5.0,2014,10,26,3,1
2014297N11062,2014,NILOFAR,2014-10-26 06:00:00+00:00,14.2,62.5,35.0,998.0,1.0,0.0,734,30.0,5.0,2014,10,26,6,0
2014297N11062,2014,NILOFAR,2014-10-26 09:00:00+00:00,14.2,62.5,35.0,996.0,1.0,0.0,734,35.0,0.0,2014,10,26,9,1
2014297N11062,2014,NILOFAR,2014-10-26 12:00:00+00:00,14.3,62.5,40.0,994.0,2.0,350.0,726,35.0,5.0,2014,10,26,12,0
2014297N11062,2014,NILOFAR,2014-10-26 15:00:00+00:00,14.3,62.5,40.0,994.0,2.0,345.0,726,40.0,0.0,2014,10,26,15,1
2014297N11062,2014,NILOFAR,2014-10-26 18:00:00+00:00,14.5,62.5,45.0,994.0,2.0,345.0,709,40.0,5.0,2014,10,26,18,1
2014297N11062,2014,NILOFAR,2014-10-26 21:00:00+00:00,14.6,62.4,50.0,994.0,3.0,355.0,694,45.0,5.0,2014,10,26,21,1
2014297N11062,2014,NILOFAR,2014-10-27 00:00:00+00:00,14.8,62.4,55.0,990.0,3.0,340.0,678,50.0,5.0,2014,10,27,0,1
2014297N11062,2014,NILOFAR,2014-10-27 03:00:00+00:00,14.8,62.3,60.0,990.0,2.0,305.0,670,55.0,5.0,2014,10,27,3,1
2014297N11062,2014,NILOFAR,2014-10-27 06:00:00+00:00,14.9,62.3,65.0,986.0,1.0,300.0,663,60.0,5.0,2014,10,27,6,0
2014297N11062,2014,NILOFAR,2014-10-27 09:00:00+00:00,14.9,62.2,65.0,984.0,2.0,330.0,655,65.0,0.0,2014,10,27,9,1
2014297N11062,2014,NILOFAR,2014-10-27 12:00:00+00:00,15.0,62.2,70.0,982.0,2.0,330.0,647,65.0,5.0,2014,10,27,12,0
2014297N11062,2014,NILOFAR,2014-10-27 15:00:00+00:00,15.1,62.1,70.0,981.0,2.0,335.0,632,70.0,0.0,2014,10,27,15,0
2014297N11062,2014,NILOFAR,2014-10-27 18:00:00+00:00,15.2,62.1,70.0,980.0,5.0,325.0,624,70.0,0.0,2014,10,27,18,1
2014297N11062,2014,NILOFAR,2014-10-27 21:00:00+00:00,15.4,61.8,75.0,979.0,5.0,325.0,585,70.0,5.0,2014,10,27,21,0
2014297N11062,2014,NILOFAR,2014-10-28 00:00:00+00:00,15.6,61.8,75.0,978.0,4.0,335.0,570,75.0,0.0,2014,10,28,0,0
2014297N11062,2014,NILOFAR,2014-10-28 03:00:00+00:00,15.8,61.7,75.0,977.0,4.0,345.0,547,75.0,0.0,2014,10,28,3,1
2014297N11062,2014,NILOFAR,2014-10-28 06:00:00+00:00,16.0,61.7,80.0,974.0,6.0,0.0,532,75.0,5.0,2014,10,28,6,1
2014297N11062,2014,NILOFAR,2014-10-28 09:00:00+00:00,16.3,61.7,90.0,966.0,8.0,10.0,511,80.0,10.0,2014,10,28,9,1
2014297N11062,2014,NILOFAR,2014-10-28 12:00:00+00:00,16.8,61.8,100.0,954.0,9.0,5.0,489,90.0,10.0,2014,10,28,12,1
2014297N11062,2014,NILOFAR,2014-10-28 15:00:00+00:00,17.2,61.8,105.0,952.0,9.0,355.0,468,100.0,5.0,2014,10,28,15,1
2014297N11062,2014,NILOFAR,2014-10-28 18:00:00+00:00,17.7,61.7,110.0,950.0,7.0,355.0,436,105.0,5.0,2014,10,28,18,0
2014297N11062,2014,NILOFAR,2014-10-28 21:00:00+00:00,17.9,61.7,110.0,950.0,5.0,10.0,429,110.0,0.0,2014,10,28,21,0
2014297N11062,2014,NILOFAR,2014-10-29 00:00:00+00:00,18.1,61.8,105.0,954.0,6.0,15.0,431,110.0,-5.0,2014,10,29,0,0
2014297N11062,2014,NILOFAR,2014-10-29 03:00:00+00:00,18.5,61.8,100.0,958.0,6.0,10.0,406,105.0,-5.0,2014,10,29,3,0
2014297N11062,2014,NILOFAR,2014-10-29 06:00:00+00:00,18.7,61.9,95.0,962.0,4.0,20.0,402,100.0,-5.0,2014,10,29,6,0
2014297N11062,2014,NILOFAR,2014-10-29 09:00:00+00:00,18.8,62.0,90.0,968.0,4.0,45.0,404,95.0,-5.0,2014,10,29,9,0
2014297N11062,2014,NILOFAR,2014-10-29 12:00:00+00:00,19.0,62.2,80.0,974.0,6.0,55.0,404,90.0,-10.0,2014,10,29,12,0
2014297N11062,2014,NILOFAR,2014-10-29 15:00:00+00:00,19.2,62.5,70.0,980.0,7.0,70.0,414,80.0,-10.0,2014,10,29,15,0
2014297N11062,2014,NILOFAR,2014-10-29 18:00:00+00:00,19.3,62.9,70.0,986.0,6.0,70.0,442,70.0,0.0,2014,10,29,18,0
2014297N11062,2014,NILOFAR,2014-10-29 21:00:00+00:00,19.4,63.2,60.0,988.0,7.0,65.0,463,70.0,-10.0,2014,10,29,21,0
2014297N11062,2014,NILOFAR,2014-10-30 00:00:00+00:00,19.6,63.6,60.0,990.0,8.0,60.0,488,60.0,0.0,2014,10,30,0,0
2014297N11062,2014,NILOFAR,2014-10-30 03:00:00+00:00,19.8,63.9,50.0,994.0,8.0,50.0,503,60.0,-10.0,2014,10,30,3,0
2014297N11062,2014,NILOFAR,2014-10-30 06:00:00+00:00,20.1,64.2,45.0,998.0,5.0,55.0,513,50.0,-5.0,2014,10,30,6,0
2014297N11062,2014,NILOFAR,2014-10-30 09:00:00+00:00,20.1,64.4,40.0,1000.0,4.0,60.0,527,45.0,-5.0,2014,10,30,9,0
2014297N11062,2014,NILOFAR,2014-10-30 12:00:00+00:00,20.3,64.6,40.0,1001.0,4.0,40.0,498,40.0,0.0,2014,10,30,12,0
2014297N11062,2014,NILOFAR,2014-10-30 18:00:00+00:00,20.5,64.8,35.0,1002.0,4.0,50.0,468,40.0,-5.0,2014,10,30,18,0
2014297N11062,2014,NILOFAR,2014-10-30 21:00:00+00:00,20.6,64.9,30.0,1003.0,3.0,50.0,452,35.0,-5.0,2014,10,30,21,0
2014309N13088,2014,UNNAMED,2014-11-05 09:00:00+00:00,13.1,87.5,25.0,1000.0,3.0,320.0,682,35.0,0.0,2014,11,5,9,0
2014309N13088,2014,UNNAMED,2014-11-05 12:00:00+00:00,13.2,87.4,25.0,1000.0,2.0,330.0,667,25.0,0.0,2014,11,5,12,0
2014309N13088,2014,UNNAMED,2014-11-05 18:00:00+00:00,13.5,87.4,25.0,1000.0,4.0,340.0,642,25.0,0.0,2014,11,5,18,0
2014309N13088,2014,UNNAMED,2014-11-06 00:00:00+00:00,13.8,87.3,25.0,1000.0,2.0,50.0,608,25.0,0.0,2014,11,6,0,1
2014309N13088,2014,UNNAMED,2014-11-06 03:00:00+00:00,13.8,87.4,30.0,998.0,4.0,95.0,614,25.0,5.0,2014,11,6,3,0
2014309N13088,2014,UNNAMED,2014-11-06 06:00:00+00:00,13.8,87.7,30.0,998.0,5.0,100.0,633,30.0,0.0,2014,11,6,6,0
2014309N13088,2014,UNNAMED,2014-11-06 12:00:00+00:00,13.7,88.1,30.0,998.0,3.0,110.0,669,30.0,0.0,2014,11,6,12,0
2014309N13088,2014,UNNAMED,2014-11-06 18:00:00+00:00,13.6,88.2,30.0,1000.0,2.0,300.0,684,30.0,0.0,2014,11,6,18,0
2014309N13088,2014,UNNAMED,2014-11-07 00:00:00+00:00,13.9,87.9,30.0,1001.0,5.0,325.0,638,30.0,0.0,2014,11,7,0,0
2014309N13088,2014,UNNAMED,2014-11-07 03:00:00+00:00,14.1,87.7,30.0,1001.0,4.0,320.0,607,30.0,0.0,2014,11,7,3,0
2014309N13088,2014,UNNAMED,2014-11-07 06:00:00+00:00,14.2,87.6,25.0,1003.0,3.0,290.0,591,30.0,-5.0,2014,11,7,6,0
2014309N13088,2014,UNNAMED,2014-11-07 12:00:00+00:00,14.2,87.4,25.0,1003.0,3.0,275.0,578,25.0,0.0,2014,11,7,12,0
2014309N13088,2014,UNNAMED,2014-11-07 18:00:00+00:00,14.3,86.8,25.0,1004.0,7.0,280.0,532,25.0,0.0,2014,11,7,18,0
2015157N13069,2015,ASHOBAA,2015-06-07 03:00:00+00:00,15.3,68.5,25.0,1004.0,3.0,325.0,530,35.0,0.0,2015,6,7,3,0
2015157N13069,2015,ASHOBAA,2015-06-07 06:00:00+00:00,15.5,68.4,25.0,1004.0,6.0,340.0,535,25.0,0.0,2015,6,7,6,0
2015157N13069,2015,ASHOBAA,2015-06-07 12:00:00+00:00,16.2,68.3,25.0,1003.0,7.0,0.0,534,25.0,0.0,2015,6,7,12,0
2015157N13069,2015,ASHOBAA,2015-06-07 18:00:00+00:00,16.9,68.3,25.0,1003.0,8.0,345.0,499,25.0,0.0,2015,6,7,18,1
2015157N13069,2015,ASHOBAA,2015-06-08 00:00:00+00:00,17.7,67.6,30.0,996.0,11.0,310.0,467,25.0,5.0,2015,6,8,0,1
2015157N13069,2015,ASHOBAA,2015-06-08 03:00:00+00:00,18.0,67.2,35.0,994.0,6.0,300.0,467,30.0,5.0,2015,6,8,3,0
2015157N13069,2015,ASHOBAA,2015-06-08 06:00:00+00:00,18.0,67.0,35.0,994.0,7.0,315.0,482,35.0,0.0,2015,6,8,6,0
2015157N13069,2015,ASHOBAA,2015-06-08 09:00:00+00:00,18.5,66.6,35.0,994.0,9.0,320.0,473,35.0,0.0,2015,6,8,9,0
2015157N13069,2015,ASHOBAA,2015-06-08 12:00:00+00:00,18.7,66.4,35.0,994.0,7.0,315.0,473,35.0,0.0,2015,6,8,12,0
2015157N13069,2015,ASHOBAA,2015-06-08 15:00:00+00:00,18.9,66.1,35.0,994.0,9.0,310.0,479,35.0,0.0,2015,6,8,15,0
2015157N13069,2015,ASHOBAA,2015-06-08 18:00:00+00:00,19.3,65.7,35.0,994.0,10.0,315.0,472,35.0,0.0,2015,6,8,18,0
2015157N13069,2015,ASHOBAA,2015-06-08 21:00:00+00:00,19.7,65.4,35.0,994.0,10.0,325.0,465,35.0,0.0,2015,6,8,21,0
2015157N13069,2015,ASHOBAA,2015-06-09 00:00:00+00:00,20.1,65.1,35.0,992.0,8.0,315.0,464,35.0,0.0,2015,6,9,0,0
2015157N13069,2015,ASHOBAA,2015-06-09 03:00:00+00:00,20.2,64.8,35.0,992.0,7.0,300.0,485,35.0,0.0,2015,6,9,3,0
2015157N13069,2015,ASHOBAA,2015-06-09 06:00:00+00:00,20.5,64.4,35.0,990.0,10.0,295.0,494,35.0,0.0,2015,6,9,6,1
2015157N13069,2015,ASHOBAA,2015-06-09 09:00:00+00:00,20.6,63.8,40.0,990.0,11.0,295.0,450,35.0,5.0,2015,6,9,9,0
2015157N13069,2015,ASHOBAA,2015-06-09 12:00:00+00:00,21.0,63.3,40.0,990.0,10.0,295.0,385,40.0,0.0,2015,6,9,12,0
2015157N13069,2015,ASHOBAA,2015-06-09 15:00:00+00:00,21.1,62.8,40.0,990.0,6.0,285.0,333,40.0,0.0,2015,6,9,15,1
2015157N13069,2015,ASHOBAA,2015-06-09 18:00:00+00:00,21.1,62.6,45.0,990.0,5.0,280.0,314,40.0,5.0,2015,6,9,18,0
2015157N13069,2015,ASHOBAA,2015-06-09 21:00:00+00:00,21.2,62.3,45.0,990.0,6.0,275.0,281,45.0,0.0,2015,6,9,21,0
2015157N13069,2015,ASHOBAA,2015-06-10 00:00:00+00:00,21.2,62.0,45.0,990.0,5.0,265.0,253,45.0,0.0,2015,6,10,0,0
2015157N13069,2015,ASHOBAA,2015-06-10 03:00:00+00:00,21.1,61.8,45.0,990.0,4.0,265.0,240,45.0,0.0,2015,6,10,3,0
2015157N13069,2015,ASHOBAA,2015-06-10 06:00:00+00:00,21.1,61.6,45.0,990.0,4.0,255.0,222,45.0,0.0,2015,6,10,6,0
2015157N13069,2015,ASHOBAA,2015-06-10 09:00:00+00:00,21.0,61.3,45.0,990.0,3.0,250.0,202,45.0,0.0,2015,6,10,9,0
2015157N13069,2015,ASHOBAA,2015-06-10 12:00:00+00:00,21.0,61.3,45.0,990.0,3.0,220.0,202,45.0,0.0,2015,6,10,12,0
2015157N13069,2015,ASHOBAA,2015-06-10 15:00:00+00:00,20.8,61.1,45.0,990.0,3.0,210.0,197,45.0,0.0,2015,6,10,15,0
2015157N13069,2015,ASHOBAA,2015-06-10 18:00:00+00:00,20.8,61.1,45.0,992.0,1.0,75.0,197,45.0,0.0,2015,6,10,18,0
2015157N13069,2015,ASHOBAA,2015-06-10 21:00:00+00:00,20.8,61.2,45.0,992.0,2.0,285.0,206,45.0,0.0,2015,6,10,21,0
2015157N13069,2015,ASHOBAA,2015-06-11 00:00:00+00:00,20.8,60.9,40.0,994.0,4.0,270.0,178,45.0,-5.0,2015,6,11,0,0
2015157N13069,2015,ASHOBAA,2015-06-11 03:00:00+00:00,20.8,60.8,40.0,994.0,3.0,270.0,169,40.0,0.0,2015,6,11,3,0
2015157N13069,2015,ASHOBAA,2015-06-11 06:00:00+00:00,20.8,60.6,35.0,994.0,4.0,270.0,150,40.0,-5.0,2015,6,11,6,0
2015157N13069,2015,ASHOBAA,2015-06-11 09:00:00+00:00,20.8,60.4,35.0,994.0,4.0,270.0,132,35.0,0.0,2015,6,11,9,0
2015157N13069,2015,ASHOBAA,2015-06-11 12:00:00+00:00,20.8,60.2,35.0,994.0,4.0,270.0,114,35.0,0.0,2015,6,11,12,0
2015157N13069,2015,ASHOBAA,2015-06-11 15:00:00+00:00,20.8,59.9,35.0,994.0,2.0,270.0,91,35.0,0.0,2015,6,11,15,0
2015157N13069,2015,ASHOBAA,2015-06-11 18:00:00+00:00,20.8,59.9,30.0,996.0,1.0,270.0,91,35.0,-5.0,2015,6,11,18,0
2015157N13069,2015,ASHOBAA,2015-06-12 00:00:00+00:00,20.8,59.8,25.0,996.0,1.0,260.0,84,30.0,-5.0,2015,6,12,0,0
2015157N13069,2015,ASHOBAA,2015-06-12 03:00:00+00:00,20.8,59.7,25.0,996.0,1.0,245.0,78,25.0,0.0,2015,6,12,3,0
2015171N18086,2015,UNNAMED,2015-06-20 03:00:00+00:00,18.0,86.0,25.0,990.0,10.0,0.0,172,35.0,0.0,2015,6,20,3,0
2015171N18086,2015,UNNAMED,2015-06-20 06:00:00+00:00,18.5,86.0,25.0,990.0,9.0,345.0,138,25.0,0.0,2015,6,20,6,0
2015171N18086,2015,UNNAMED,2015-06-20 12:00:00+00:00,19.0,85.5,25.0,990.0,4.0,310.0,64,25.0,0.0,2015,6,20,12,0
2015171N18086,2015,UNNAMED,2015-06-20 18:00:00+00:00,19.2,85.4,25.0,990.0,4.0,320.0,39,25.0,0.0,2015,6,20,18,0
2015171N18086,2015,UNNAMED,2015-06-21 00:00:00+00:00,19.7,85.0,25.0,992.0,6.0,345.0,0,25.0,0.0,2015,6,21,0,0
2015171N18086,2015,UNNAMED,2015-06-21 03:00:00+00:00,20.0,85.0,25.0,992.0,6.0,305.0,0,25.0,0.0,2015,6,21,3,0
2015171N18086,2015,UNNAMED,2015-06-21 06:00:00+00:00,20.0,84.5,25.0,992.0,6.0,290.0,0,25.0,0.0,2015,6,21,6,0
2015171N18086,2015,UNNAMED,2015-06-21 12:00:00+00:00,20.5,84.5,25.0,992.0,6.0,10.0,0,25.0,0.0,2015,6,21,12,0
2015173N20067,2015,UNNAMED,2015-06-22 03:00:00+00:00,20.0,67.0,25.0,990.0,0.0,0.0,323,35.0,0.0,2015,6,22,3,0
2015173N20067,2015,UNNAMED,2015-06-22 06:00:00+00:00,20.0,67.0,25.0,990.0,1.0,260.0,323,25.0,0.0,2015,6,22,6,0
2015173N20067,2015,UNNAMED,2015-06-22 12:00:00+00:00,20.0,67.0,25.0,990.0,7.0,85.0,323,25.0,0.0,2015,6,22,12,0
2015173N20067,2015,UNNAMED,2015-06-22 18:00:00+00:00,20.2,68.5,25.0,990.0,12.0,75.0,197,25.0,0.0,2015,6,22,18,0
2015173N20067,2015,UNNAMED,2015-06-23 00:00:00+00:00,20.5,69.5,25.0,988.0,15.0,85.0,98,25.0,0.0,2015,6,23,0,1
2015173N20067,2015,UNNAMED,2015-06-23 03:00:00+00:00,20.5,70.5,30.0,988.0,15.0,70.0,38,25.0,5.0,2015,6,23,3,0
2015173N20067,2015,UNNAMED,2015-06-23 06:00:00+00:00,21.0,71.0,30.0,988.0,9.0,50.0,0,30.0,0.0,2015,6,23,6,0
2015173N20067,2015,UNNAMED,2015-06-23 12:00:00+00:00,21.0,71.3,30.0,990.0,2.0,30.0,0,30.0,0.0,2015,6,23,12,0
2015173N20067,2015,UNNAMED,2015-06-23 18:00:00+00:00,21.6,71.4,30.0,990.0,7.0,360.0,0,30.0,0.0,2015,6,23,18,0
2015173N20067,2015,UNNAMED,2015-06-24 00:00:00+00:00,22.2,71.5,30.0,990.0,8.0,50.0,0,30.0,0.0,2015,6,24,0,0
2015173N20067,2015,UNNAMED,2015-06-24 03:00:00+00:00,22.4,72.0,30.0,990.0,13.0,60.0,0,30.0,0.0,2015,6,24,3,0
2015173N20067,2015,UNNAMED,2015-06-24 06:00:00+00:00,22.8,72.7,30.0,990.0,14.0,60.0,0,30.0,0.0,2015,6,24,6,0
2015173N20067,2015,UNNAMED,2015-06-24 12:00:00+00:00,23.5,74.0,25.0,992.0,21.0,45.0,0,30.0,-5.0,2015,6,24,12,0
2015191N23085,2015,UNNAMED,2015-07-10 03:00:00+00:00,23.1,85.1,25.0,996.0,2.0,270.0,0,35.0,0.0,2015,7,10,3,0
2015191N23085,2015,UNNAMED,2015-07-10 06:00:00+00:00,23.1,85.0,25.0,996.0,10.0,280.0,0,25.0,0.0,2015,7,10,6,0
2015191N23085,2015,UNNAMED,2015-07-10 09:00:00+00:00,23.3,84.0,25.0,994.0,14.0,285.0,0,25.0,0.0,2015,7,10,9,0
2015191N23085,2015,UNNAMED,2015-07-10 12:00:00+00:00,23.5,83.5,25.0,994.0,14.0,280.0,0,25.0,0.0,2015,7,10,12,0
2015191N23085,2015,UNNAMED,2015-07-10 15:00:00+00:00,23.5,82.5,25.0,996.0,11.0,275.0,0,25.0,0.0,2015,7,10,15,0
2015191N23085,2015,UNNAMED,2015-07-10 18:00:00+00:00,23.6,82.3,25.0,996.0,14.0,280.0,0,25.0,0.0,2015,7,10,18,0
2015191N23085,2015,UNNAMED,2015-07-10 21:00:00+00:00,23.8,81.0,25.0,996.0,17.0,285.0,0,25.0,0.0,2015,7,10,21,0
2015191N23085,2015,UNNAMED,2015-07-11 00:00:00+00:00,24.0,80.5,25.0,995.0,5.0,295.0,0,25.0,0.0,2015,7,11,0,0
2015191N23085,2015,UNNAMED,2015-07-11 03:00:00+00:00,24.0,80.5,25.0,996.0,5.0,0.0,0,25.0,0.0,2015,7,11,3,0
2015191N23085,2015,UNNAMED,2015-07-11 06:00:00+00:00,24.5,80.5,25.0,996.0,5.0,0.0,0,25.0,0.0,2015,7,11,6,0
2015191N23085,2015,UNNAMED,2015-07-11 09:00:00+00:00,24.5,80.5,25.0,996.0,10.0,0.0,0,25.0,0.0,2015,7,11,9,0
2015191N23085,2015,UNNAMED,2015-07-11 12:00:00+00:00,25.5,80.5,25.0,996.0,16.0,345.0,0,25.0,0.0,2015,7,11,12,0
2015191N23085,2015,UNNAMED,2015-07-11 15:00:00+00:00,26.0,80.0,25.0,996.0,13.0,320.0,0,25.0,0.0,2015,7,11,15,0
2015191N23085,2015,UNNAMED,2015-07-11 18:00:00+00:00,26.5,79.5,25.0,998.0,13.0,270.0,0,25.0,0.0,2015,7,11,18,0
2015191N23085,2015,UNNAMED,2015-07-11 21:00:00+00:00,26.0,78.5,25.0,998.0,15.0,315.0,0,25.0,0.0,2015,7,11,21,0
2015191N23085,2015,UNNAMED,2015-07-12 00:00:00+00:00,27.5,78.3,25.0,998.0,26.0,350.0,0,25.0,0.0,2015,7,12,0,0
2015191N23085,2015,UNNAMED,2015-07-12 03:00:00+00:00,28.5,78.0,25.0,998.0,12.0,325.0,0,25.0,0.0,2015,7,12,3,0
2015191N23085,2015,UNNAMED,2015-07-12 06:00:00+00:00,28.5,77.5,25.0,998.0,6.0,270.0,0,25.0,0.0,2015,7,12,6,0
2015207N22091,2015,KOMEN,2015-07-26 00:00:00+00:00,22.0,90.8,20.0,994.0,0.0,0.0,15,35.0,0.0,2015,7,26,0,0
2015207N22091,2015,KOMEN,2015-07-26 03:00:00+00:00,22.0,90.8,20.0,994.0,3.0,270.0,15,20.0,0.0,2015,7,26,3,0
2015207N22091,2015,KOMEN,2015-07-26 06:00:00+00:00,22.0,90.5,20.0,994.0,3.0,270.0,10,20.0,0.0,2015,7,26,6,0
2015207N22091,2015,KOMEN,2015-07-26 12:00:00+00:00,22.0,90.5,20.0,994.0,1.0,90.0,10,20.0,0.0,2015,7,26,12,0
2015207N22091,2015,KOMEN,2015-07-26 18:00:00+00:00,22.0,90.5,20.0,994.0,0.0,0.0,10,20.0,0.0,2015,7,26,18,0
2015207N22091,2015,KOMEN,2015-07-27 00:00:00+00:00,22.0,90.5,20.0,994.0,0.0,0.0,10,20.0,0.0,2015,7,27,0,1
2015207N22091,2015,KOMEN,2015-07-27 03:00:00+00:00,22.0,90.5,25.0,994.0,0.0,0.0,10,20.0,5.0,2015,7,27,3,0
2015207N22091,2015,KOMEN,2015-07-27 06:00:00+00:00,22.0,90.5,25.0,994.0,0.0,0.0,10,25.0,0.0,2015,7,27,6,0
2015207N22091,2015,KOMEN,2015-07-27 12:00:00+00:00,22.0,90.5,25.0,994.0,0.0,0.0,10,25.0,0.0,2015,7,27,12,0
2015207N22091,2015,KOMEN,2015-07-27 18:00:00+00:00,22.0,90.5,25.0,994.0,0.0,0.0,10,25.0,0.0,2015,7,27,18,0
2015207N22091,2015,KOMEN,2015-07-28 00:00:00+00:00,22.0,90.5,25.0,994.0,0.0,0.0,10,25.0,0.0,2015,7,28,0,0
2015207N22091,2015,KOMEN,2015-07-28 03:00:00+00:00,22.0,90.5,25.0,994.0,4.0,190.0,10,25.0,0.0,2015,7,28,3,0
2015207N22091,2015,KOMEN,2015-07-28 06:00:00+00:00,21.6,90.4,25.0,994.0,6.0,190.0,30,25.0,0.0,2015,7,28,6,0
2015207N22091,2015,KOMEN,2015-07-28 12:00:00+00:00,21.3,90.5,25.0,994.0,3.0,115.0,63,25.0,0.0,2015,7,28,12,0
2015207N22091,2015,KOMEN,2015-07-28 18:00:00+00:00,21.2,90.9,25.0,992.0,4.0,130.0,94,25.0,0.0,2015,7,28,18,1
2015207N22091,2015,KOMEN,2015-07-29 00:00:00+00:00,21.0,91.1,30.0,990.0,1.0,90.0,99,25.0,5.0,2015,7,29,0,0
2015207N22091,2015,KOMEN,2015-07-29 03:00:00+00:00,21.0,91.1,30.0,990.0,2.0,10.0,99,30.0,0.0,2015,7,29,3,0
2015207N22091,2015,KOMEN,2015-07-29 06:00:00+00:00,21.1,91.2,30.0,990.0,2.0,30.0,85,30.0,0.0,2015,7,29,6,0
2015207N22091,2015,KOMEN,2015-07-29 12:00:00+00:00,21.3,91.3,30.0,988.0,2.0,25.0,63,30.0,0.0,2015,7,29,12,1
2015207N22091,2015,KOMEN,2015-07-29 18:00:00+00:00,21.5,91.4,35.0,986.0,1.0,30.0,51,30.0,5.0,2015,7,29,18,0
2015207N22091,2015,KOMEN,2015-07-30 00:00:00+00:00,21.7,91.5,35.0,986.0,3.0,15.0,42,35.0,0.0,2015,7,30,0,0
2015207N22091,2015,KOMEN,2015-07-30 03:00:00+00:00,21.9,91.5,35.0,986.0,4.0,5.0,41,35.0,0.0,2015,7,30,3,1
2015207N22091,2015,KOMEN,2015-07-30 06:00:00+00:00,22.1,91.5,40.0,986.0,3.0,355.0,32,35.0,5.0,2015,7,30,6,0
2015207N22091,2015,KOMEN,2015-07-30 09:00:00+00:00,22.1,91.5,40.0,986.0,2.0,345.0,32,40.0,0.0,2015,7,30,9,0
2015207N22091,2015,KOMEN,2015-07-30 12:00:00+00:00,22.3,91.5,35.0,988.0,3.0,345.0,30,40.0,-5.0,2015,7,30,12,0
2015207N22091,2015,KOMEN,2015-07-30 15:00:00+00:00,22.5,91.4,35.0,988.0,5.0,335.0,23,35.0,0.0,2015,7,30,15,0
2015207N22091,2015,KOMEN,2015-07-30 18:00:00+00:00,22.7,91.2,35.0,988.0,6.0,325.0,10,35.0,0.0,2015,7,30,18,0
2015207N22091,2015,KOMEN,2015-07-30 21:00:00+00:00,22.9,91.1,30.0,988.0,10.0,290.0,0,35.0,-5.0,2015,7,30,21,0
2015207N22091,2015,KOMEN,2015-07-31 00:00:00+00:00,23.1,90.2,30.0,990.0,10.0,280.0,0,30.0,0.0,2015,7,31,0,0
2015207N22091,2015,KOMEN,2015-07-31 03:00:00+00:00,23.1,90.0,30.0,990.0,4.0,275.0,0,30.0,0.0,2015,7,31,3,0
2015207N22091,2015,KOMEN,2015-07-31 06:00:00+00:00,23.1,89.8,30.0,992.0,3.0,270.0,0,30.0,0.0,2015,7,31,6,0
2015207N22091,2015,KOMEN,2015-07-31 12:00:00+00:00,23.1,89.5,25.0,994.0,2.0,265.0,0,30.0,-5.0,2015,7,31,12,0
2015207N22091,2015,KOMEN,2015-07-31 18:00:00+00:00,23.1,89.4,25.0,994.0,2.0,295.0,0,25.0,0.0,2015,7,31,18,0
2015207N22091,2015,KOMEN,2015-08-01 00:00:00+00:00,23.2,89.2,20.0,994.0,1.0,300.0,0,25.0,-5.0,2015,8,1,0,0
2015207N22091,2015,KOMEN,2015-08-01 03:00:00+00:00,23.2,89.2,20.0,994.0,5.0,310.0,0,20.0,0.0,2015,8,1,3,0
2015207N22091,2015,KOMEN,2015-08-01 06:00:00+00:00,23.5,88.8,20.0,994.0,8.0,310.0,0,20.0,0.0,2015,8,1,6,0
2015207N22091,2015,KOMEN,2015-08-01 12:00:00+00:00,23.8,88.4,20.0,994.0,6.0,280.0,0,20.0,0.0,2015,8,1,12,0
2015207N22091,2015,KOMEN,2015-08-01 18:00:00+00:00,23.8,87.5,20.0,994.0,8.0,275.0,0,20.0,0.0,2015,8,1,18,0
2015207N22091,2015,KOMEN,2015-08-02 00:00:00+00:00,23.8,86.7,20.0,996.0,11.0,250.0,0,20.0,0.0,2015,8,2,0,0
2015207N22091,2015,KOMEN,2015-08-02 03:00:00+00:00,23.5,86.0,20.0,996.0,10.0,240.0,0,20.0,0.0,2015,8,2,3,0
2015207N22091,2015,KOMEN,2015-08-02 06:00:00+00:00,23.3,85.7,20.0,996.0,6.0,230.0,0,20.0,0.0,2015,8,2,6,0
2015209N26072,2015,UNNAMED,2015-07-27 12:00:00+00:00,26.2,71.8,25.0,994.0,4.0,170.0,0,35.0,0.0,2015,7,27,12,0
2015209N26072,2015,UNNAMED,2015-07-27 15:00:00+00:00,26.0,71.8,25.0,994.0,4.0,0.0,0,25.0,0.0,2015,7,27,15,0
2015209N26072,2015,UNNAMED,2015-07-27 18:00:00+00:00,25.8,71.8,25.0,996.0,1.0,0.0,0,25.0,0.0,2015,7,27,18,0
2015209N26072,2015,UNNAMED,2015-07-27 21:00:00+00:00,26.1,71.8,25.0,996.0,4.0,0.0,0,25.0,0.0,2015,7,27,21,0
2015209N26072,2015,UNNAMED,2015-07-28 00:00:00+00:00,26.2,71.8,25.0,994.0,13.0,180.0,0,25.0,0.0,2015,7,28,0,1
2015209N26072,2015,UNNAMED,2015-07-28 03:00:00+00:00,24.8,71.8,30.0,994.0,14.0,0.0,0,25.0,5.0,2015,7,28,3,0
2015209N26072,2015,UNNAMED,2015-07-28 06:00:00+00:00,24.8,71.8,30.0,994.0,0.0,0.0,0,30.0,0.0,2015,7,28,6,0
2015209N26072,2015,UNNAMED,2015-07-28 09:00:00+00:00,24.8,71.8,30.0,994.0,7.0,15.0,0,30.0,0.0,2015,7,28,9,0
2015209N26072,2015,UNNAMED,2015-07-28 12:00:00+00:00,25.5,72.0,30.0,994.0,8.0,20.0,0,30.0,0.0,2015,7,28,12,0
2015209N26072,2015,UNNAMED,2015-07-28 15:00:00+00:00,25.6,72.1,30.0,996.0,3.0,15.0,0,30.0,0.0,2015,7,28,15,0
2015209N26072,2015,UNNAMED,2015-07-28 18:00:00+00:00,25.8,72.1,30.0,996.0,4.0,30.0,0,30.0,0.0,2015,7,28,18,0
2015209N26072,2015,UNNAMED,2015-07-28 21:00:00+00:00,25.9,72.3,25.0,996.0,8.0,25.0,0,30.0,-5.0,2015,7,28,21,0
2015209N26072,2015,UNNAMED,2015-07-29 00:00:00+00:00,26.5,72.5,25.0,996.0,14.0,25.0,0,25.0,0.0,2015,7,29,0,0
2015209N26072,2015,UNNAMED,2015-07-29 03:00:00+00:00,27.2,73.0,25.0,996.0,8.0,30.0,0,25.0,0.0,2015,7,29,3,0
2015209N26072,2015,UNNAMED,2015-07-29 06:00:00+00:00,27.2,73.0,25.0,996.0,0.0,0.0,0,25.0,0.0,2015,7,29,6,0
2015209N26072,2015,UNNAMED,2015-07-29 09:00:00+00:00,27.2,73.0,25.0,996.0,5.0,0.0,0,25.0,0.0,2015,7,29,9,0
2015209N26072,2015,UNNAMED,2015-07-29 12:00:00+00:00,27.7,73.0,25.0,998.0,7.0,0.0,0,25.0,0.0,2015,7,29,12,0
2015209N26072,2015,UNNAMED,2015-07-29 15:00:00+00:00,27.9,73.0,25.0,998.0,2.0,25.0,0,25.0,0.0,2015,7,29,15,0
2015209N26072,2015,UNNAMED,2015-07-29 18:00:00+00:00,27.9,73.1,25.0,998.0,1.0,40.0,0,25.0,0.0,2015,7,29,18,0
2015209N26072,2015,UNNAMED,2015-07-29 21:00:00+00:00,28.0,73.1,25.0,998.0,8.0,20.0,0,25.0,0.0,2015,7,29,21,0
2015216N23081,2015,UNNAMED,2015-08-04 03:00:00+00:00,22.7,80.5,25.0,998.0,9.0,270.0,0,35.0,0.0,2015,8,4,3,0
2015216N23081,2015,UNNAMED,2015-08-04 06:00:00+00:00,22.7,80.0,25.0,998.0,9.0,270.0,0,25.0,0.0,2015,8,4,6,0
2015216N23081,2015,UNNAMED,2015-08-04 09:00:00+00:00,22.7,79.5,25.0,998.0,20.0,270.0,0,25.0,0.0,2015,8,4,9,0
2015216N23081,2015,UNNAMED,2015-08-04 12:00:00+00:00,22.7,77.8,25.0,998.0,21.0,270.0,0,25.0,0.0,2015,8,4,12,0
2015259N20084,2015,UNNAMED,2015-09-16 03:00:00+00:00,19.6,83.5,25.0,998.0,17.0,325.0,0,35.0,0.0,2015,9,16,3,0
2015259N20084,2015,UNNAMED,2015-09-16 06:00:00+00:00,20.3,83.0,25.0,998.0,11.0,315.0,0,25.0,0.0,2015,9,16,6,0
2015259N20084,2015,UNNAMED,2015-09-16 09:00:00+00:00,20.4,82.7,25.0,998.0,5.0,295.0,0,25.0,0.0,2015,9,16,9,0
2015259N20084,2015,UNNAMED,2015-09-16 12:00:00+00:00,20.5,82.5,25.0,998.0,7.0,285.0,0,25.0,0.0,2015,9,16,12,0
2015259N20084,2015,UNNAMED,2015-09-16 15:00:00+00:00,20.6,82.0,25.0,998.0,6.0,300.0,0,25.0,0.0,2015,9,16,15,0
2015259N20084,2015,UNNAMED,2015-09-16 18:00:00+00:00,20.8,81.9,25.0,998.0,4.0,345.0,0,25.0,0.0,2015,9,16,18,0
2015259N20084,2015,UNNAMED,2015-09-16 21:00:00+00:00,21.0,81.9,25.0,998.0,5.0,310.0,0,25.0,0.0,2015,9,16,21,0
2015259N20084,2015,UNNAMED,2015-09-17 00:00:00+00:00,21.1,81.5,25.0,998.0,22.0,270.0,0,25.0,0.0,2015,9,17,0,1
2015259N20084,2015,UNNAMED,2015-09-17 03:00:00+00:00,21.0,79.5,30.0,998.0,20.0,250.0,0,25.0,5.0,2015,9,17,3,0
2015259N20084,2015,UNNAMED,2015-09-17 06:00:00+00:00,20.5,79.5,30.0,998.0,10.0,180.0,0,30.0,0.0,2015,9,17,6,0
2015259N20084,2015,UNNAMED,2015-09-17 09:00:00+00:00,20.0,79.5,30.0,998.0,5.0,270.0,0,30.0,0.0,2015,9,17,9,0
2015259N20084,2015,UNNAMED,2015-09-17 12:00:00+00:00,20.5,79.0,30.0,996.0,19.0,270.0,0,30.0,0.0,2015,9,17,12,0
2015259N20084,2015,UNNAMED,2015-09-17 15:00:00+00:00,20.0,77.5,30.0,996.0,19.0,255.0,0,30.0,0.0,2015,9,17,15,0
2015259N20084,2015,UNNAMED,2015-09-17 18:00:00+00:00,20.0,77.0,30.0,996.0,10.0,270.0,0,30.0,0.0,2015,9,17,18,0
2015259N20084,2015,UNNAMED,2015-09-17 21:00:00+00:00,20.0,76.4,30.0,996.0,9.0,25.0,0,30.0,0.0,2015,9,17,21,0
2015259N20084,2015,UNNAMED,2015-09-18 00:00:00+00:00,20.8,77.4,25.0,996.0,9.0,40.0,0,30.0,-5.0,2015,9,18,0,1
2015259N20084,2015,UNNAMED,2015-09-18 03:00:00+00:00,20.7,77.0,30.0,996.0,9.0,205.0,0,25.0,5.0,2015,9,18,3,0
2015259N20084,2015,UNNAMED,2015-09-18 06:00:00+00:00,20.0,77.0,30.0,998.0,5.0,270.0,0,30.0,0.0,2015,9,18,6,0
2015259N20084,2015,UNNAMED,2015-09-18 09:00:00+00:00,20.7,76.5,25.0,998.0,11.0,300.0,0,30.0,-5.0,2015,9,18,9,0
2015259N20084,2015,UNNAMED,2015-09-18 12:00:00+00:00,20.5,76.0,25.0,998.0,7.0,255.0,0,25.0,0.0,2015,9,18,12,0
2015259N20084,2015,UNNAMED,2015-09-18 15:00:00+00:00,20.5,75.8,25.0,998.0,5.0,270.0,0,25.0,0.0,2015,9,18,15,0
2015259N20084,2015,UNNAMED,2015-09-18 18:00:00+00:00,20.5,75.5,25.0,998.0,8.0,290.0,0,25.0,0.0,2015,9,18,18,0
2015259N20084,2015,UNNAMED,2015-09-18 21:00:00+00:00,20.8,75.0,25.0,998.0,11.0,300.0,0,25.0,0.0,2015,9,18,21,0
2015280N13071,2015,UNNAMED,2015-10-09 00:00:00+00:00,13.7,70.6,25.0,1004.0,4.0,320.0,388,35.0,0.0,2015,10,9,0,0
2015280N13071,2015,UNNAMED,2015-10-09 03:00:00+00:00,13.8,70.5,25.0,1004.0,4.0,325.0,394,25.0,0.0,2015,10,9,3,0
2015280N13071,2015,UNNAMED,2015-10-09 06:00:00+00:00,14.0,70.4,25.0,1004.0,4.0,330.0,396,25.0,0.0,2015,10,9,6,0
2015280N13071,2015,UNNAMED,2015-10-09 12:00:00+00:00,14.3,70.2,25.0,1002.0,4.0,325.0,403,25.0,0.0,2015,10,9,12,1
2015280N13071,2015,UNNAMED,2015-10-09 18:00:00+00:00,14.7,69.9,30.0,1001.0,5.0,320.0,416,25.0,5.0,2015,10,9,18,0
2015280N13071,2015,UNNAMED,2015-10-10 00:00:00+00:00,15.0,69.6,30.0,1001.0,3.0,310.0,430,30.0,0.0,2015,10,10,0,0
2015280N13071,2015,UNNAMED,2015-10-10 03:00:00+00:00,15.1,69.5,30.0,1001.0,2.0,310.0,435,30.0,0.0,2015,10,10,3,0
2015280N13071,2015,UNNAMED,2015-10-10 06:00:00+00:00,15.1,69.4,30.0,1000.0,2.0,320.0,445,30.0,0.0,2015,10,10,6,0
2015280N13071,2015,UNNAMED,2015-10-10 12:00:00+00:00,15.3,69.4,30.0,1000.0,2.0,10.0,438,30.0,0.0,2015,10,10,12,0
2015280N13071,2015,UNNAMED,2015-10-10 18:00:00+00:00,15.4,69.4,30.0,1000.0,2.0,350.0,434,30.0,0.0,2015,10,10,18,0
2015280N13071,2015,UNNAMED,2015-10-11 00:00:00+00:00,15.6,69.3,30.0,1001.0,2.0,325.0,439,30.0,0.0,2015,10,11,0,0
2015280N13071,2015,UNNAMED,2015-10-11 03:00:00+00:00,15.7,69.3,25.0,1003.0,2.0,325.0,436,30.0,-5.0,2015,10,11,3,0
2015280N13071,2015,UNNAMED,2015-10-11 06:00:00+00:00,15.7,69.2,25.0,1003.0,2.0,330.0,447,25.0,0.0,2015,10,11,6,0
2015280N13071,2015,UNNAMED,2015-10-11 12:00:00+00:00,15.9,69.2,25.0,1004.0,2.0,10.0,443,25.0,0.0,2015,10,11,12,0
2015280N13071,2015,UNNAMED,2015-10-11 18:00:00+00:00,16.0,69.2,25.0,1004.0,1.0,315.0,441,25.0,0.0,2015,10,11,18,0
2015301N11065,2015,CHAPALA,2015-10-28 03:00:00+00:00,11.8,64.7,25.0,1005.0,4.0,10.0,1061,35.0,0.0,2015,10,28,3,0
2015301N11065,2015,CHAPALA,2015-10-28 06:00:00+00:00,12.0,64.8,25.0,1004.0,6.0,5.0,1042,25.0,0.0,2015,10,28,6,1
2015301N11065,2015,CHAPALA,2015-10-28 12:00:00+00:00,12.7,64.8,30.0,1001.0,5.0,355.0,1008,25.0,5.0,2015,10,28,12,0
2015301N11065,2015,CHAPALA,2015-10-28 18:00:00+00:00,13.1,64.6,30.0,1001.0,5.0,320.0,989,30.0,0.0,2015,10,28,18,1
2015301N11065,2015,CHAPALA,2015-10-29 00:00:00+00:00,13.6,64.3,35.0,999.0,5.0,325.0,919,30.0,5.0,2015,10,29,0,1
2015301N11065,2015,CHAPALA,2015-10-29 03:00:00+00:00,13.7,64.1,40.0,997.0,6.0,300.0,896,35.0,5.0,2015,10,29,3,1
2015301N11065,2015,CHAPALA,2015-10-29 06:00:00+00:00,13.9,63.8,45.0,996.0,7.0,295.0,857,40.0,5.0,2015,10,29,6,1
2015301N11065,2015,CHAPALA,2015-10-29 09:00:00+00:00,14.0,63.5,50.0,994.0,6.0,300.0,826,45.0,5.0,2015,10,29,9,1
2015301N11065,2015,CHAPALA,2015-10-29 12:00:00+00:00,14.2,63.2,55.0,990.0,7.0,290.0,787,50.0,5.0,2015,10,29,12,1
2015301N11065,2015,CHAPALA,2015-10-29 15:00:00+00:00,14.3,62.8,60.0,988.0,7.0,280.0,748,55.0,5.0,2015,10,29,15,1
2015301N11065,2015,CHAPALA,2015-10-29 18:00:00+00:00,14.3,62.5,65.0,984.0,6.0,270.0,726,60.0,5.0,2015,10,29,18,1
2015301N11065,2015,CHAPALA,2015-10-29 21:00:00+00:00,14.3,62.2,75.0,976.0,6.0,270.0,704,65.0,10.0,2015,10,29,21,1
2015301N11065,2015,CHAPALA,2015-10-30 00:00:00+00:00,14.3,61.8,90.0,966.0,7.0,270.0,676,75.0,15.0,2015,10,30,0,1
2015301N11065,2015,CHAPALA,2015-10-30 03:00:00+00:00,14.2,61.5,105.0,954.0,7.0,265.0,666,90.0,15.0,2015,10,30,3,1
2015301N11065,2015,CHAPALA,2015-10-30 06:00:00+00:00,14.2,61.1,110.0,948.0,6.0,260.0,642,105.0,5.0,2015,10,30,6,1
2015301N11065,2015,CHAPALA,2015-10-30 09:00:00+00:00,14.1,60.8,115.0,940.0,5.0,255.0,633,110.0,5.0,2015,10,30,9,0
2015301N11065,2015,CHAPALA,2015-10-30 12:00:00+00:00,14.1,60.6,115.0,940.0,5.0,250.0,618,115.0,0.0,2015,10,30,12,0
2015301N11065,2015,CHAPALA,2015-10-30 15:00:00+00:00,14.0,60.4,115.0,940.0,5.0,250.0,611,115.0,0.0,2015,10,30,15,0
2015301N11065,2015,CHAPALA,2015-10-30 18:00:00+00:00,13.9,60.2,115.0,940.0,5.0,260.0,604,115.0,0.0,2015,10,30,18,0
2015301N11065,2015,CHAPALA,2015-10-30 21:00:00+00:00,13.9,59.9,115.0,942.0,6.0,265.0,583,115.0,0.0,2015,10,30,21,0
2015301N11065,2015,CHAPALA,2015-10-31 00:00:00+00:00,13.8,59.6,110.0,944.0,7.0,265.0,563,115.0,-5.0,2015,10,31,0,0
2015301N11065,2015,CHAPALA,2015-10-31 03:00:00+00:00,13.8,59.2,110.0,946.0,8.0,265.0,526,110.0,0.0,2015,10,31,3,0
2015301N11065,2015,CHAPALA,2015-10-31 06:00:00+00:00,13.8,58.7,105.0,950.0,8.0,270.0,474,110.0,-5.0,2015,10,31,6,0
2015301N11065,2015,CHAPALA,2015-10-31 09:00:00+00:00,13.8,58.3,105.0,950.0,8.0,270.0,432,105.0,0.0,2015,10,31,9,0
2015301N11065,2015,CHAPALA,2015-10-31 12:00:00+00:00,13.8,57.9,105.0,950.0,8.0,270.0,392,105.0,0.0,2015,10,31,12,0
2015301N11065,2015,CHAPALA,2015-10-31 15:00:00+00:00,13.8,57.5,105.0,950.0,7.0,265.0,351,105.0,0.0,2015,10,31,15,0
2015301N11065,2015,CHAPALA,2015-10-31 18:00:00+00:00,13.8,57.2,105.0,950.0,7.0,260.0,321,105.0,0.0,2015,10,31,18,0
2015301N11065,2015,CHAPALA,2015-10-31 21:00:00+00:00,13.7,56.8,105.0,950.0,8.0,265.0,277,105.0,0.0,2015,10,31,21,0
2015301N11065,2015,CHAPALA,2015-11-01 00:00:00+00:00,13.7,56.4,105.0,950.0,7.0,260.0,239,105.0,0.0,2015,11,1,0,0
2015301N11065,2015,CHAPALA,2015-11-01 03:00:00+00:00,13.6,56.1,105.0,952.0,7.0,260.0,206,105.0,0.0,2015,11,1,3,0
2015301N11065,2015,CHAPALA,2015-11-01 06:00:00+00:00,13.6,55.7,100.0,954.0,9.0,270.0,171,105.0,-5.0,2015,11,1,6,0
2015301N11065,2015,CHAPALA,2015-11-01 09:00:00+00:00,13.5,55.2,100.0,956.0,10.0,270.0,126,100.0,0.0,2015,11,1,9,0
2015301N11065,2015,CHAPALA,2015-11-01 12:00:00+00:00,13.6,54.7,100.0,956.0,10.0,270.0,114,100.0,0.0,2015,11,1,12,0
2015301N11065,2015,CHAPALA,2015-11-01 15:00:00+00:00,13.5,54.2,100.0,956.0,10.0,260.0,100,100.0,0.0,2015,11,1,15,0
2015301N11065,2015,CHAPALA,2015-11-01 18:00:00+00:00,13.4,53.7,100.0,956.0,11.0,255.0,89,100.0,0.0,2015,11,1,18,0
2015301N11065,2015,CHAPALA,2015-11-01 21:00:00+00:00,13.3,53.1,100.0,956.0,11.0,260.0,84,100.0,0.0,2015,11,1,21,0
2015301N11065,2015,CHAPALA,2015-11-02 00:00:00+00:00,13.2,52.6,100.0,958.0,9.0,265.0,109,100.0,0.0,2015,11,2,0,0
2015301N11065,2015,CHAPALA,2015-11-02 03:00:00+00:00,13.2,52.2,95.0,960.0,9.0,275.0,142,100.0,-5.0,2015,11,2,3,0
2015301N11065,2015,CHAPALA,2015-11-02 06:00:00+00:00,13.3,51.6,90.0,964.0,11.0,275.0,169,95.0,-5.0,2015,11,2,6,0
2015301N11065,2015,CHAPALA,2015-11-02 09:00:00+00:00,13.3,51.0,90.0,966.0,10.0,275.0,156,90.0,0.0,2015,11,2,9,0
2015301N11065,2015,CHAPALA,2015-11-02 12:00:00+00:00,13.4,50.6,85.0,968.0,10.0,280.0,162,90.0,-5.0,2015,11,2,12,0
2015301N11065,2015,CHAPALA,2015-11-02 15:00:00+00:00,13.5,50.0,85.0,970.0,10.0,290.0,140,85.0,0.0,2015,11,2,15,0
2015301N11065,2015,CHAPALA,2015-11-02 18:00:00+00:00,13.7,49.6,80.0,974.0,8.0,295.0,93,85.0,-5.0,2015,11,2,18,0
2015301N11065,2015,CHAPALA,2015-11-02 21:00:00+00:00,13.8,49.3,75.0,978.0,8.0,290.0,62,80.0,-5.0,2015,11,2,21,0
2015301N11065,2015,CHAPALA,2015-11-03 00:00:00+00:00,14.0,48.9,65.0,984.0,9.0,285.0,15,75.0,-10.0,2015,11,3,0,0
2015301N11065,2015,CHAPALA,2015-11-03 03:00:00+00:00,14.1,48.4,55.0,990.0,10.0,275.0,0,65.0,-10.0,2015,11,3,3,0
2015301N11065,2015,CHAPALA,2015-11-03 06:00:00+00:00,14.1,47.9,45.0,996.0,7.0,265.0,0,55.0,-10.0,2015,11,3,6,0
2015301N11065,2015,CHAPALA,2015-11-03 09:00:00+00:00,14.1,47.6,40.0,998.0,4.0,280.0,0,45.0,-5.0,2015,11,3,9,0
2015301N11065,2015,CHAPALA,2015-11-03 12:00:00+00:00,14.1,47.4,40.0,998.0,4.0,290.0,0,40.0,0.0,2015,11,3,12,0
2015301N11065,2015,CHAPALA,2015-11-03 15:00:00+00:00,14.2,47.2,40.0,998.0,4.0,300.0,0,40.0,0.0,2015,11,3,15,0
2015301N11065,2015,CHAPALA,2015-11-03 18:00:00+00:00,14.3,47.1,30.0,1001.0,5.0,310.0,0,40.0,-10.0,2015,11,3,18,0
2015309N14067,2015,MEGH,2015-11-05 00:00:00+00:00,14.1,65.8,25.0,1006.0,7.0,270.0,848,35.0,0.0,2015,11,5,0,0
2015309N14067,2015,MEGH,2015-11-05 03:00:00+00:00,14.1,65.4,25.0,1004.0,10.0,265.0,889,25.0,0.0,2015,11,5,3,1
2015309N14067,2015,MEGH,2015-11-05 06:00:00+00:00,14.0,64.8,30.0,1002.0,11.0,265.0,932,25.0,5.0,2015,11,5,6,1
2015309N14067,2015,MEGH,2015-11-05 12:00:00+00:00,14.0,64.0,35.0,998.0,7.0,255.0,865,30.0,5.0,2015,11,5,12,1
2015309N14067,2015,MEGH,2015-11-05 15:00:00+00:00,13.9,63.6,40.0,996.0,6.0,255.0,841,35.0,5.0,2015,11,5,15,1
2015309N14067,2015,MEGH,2015-11-05 18:00:00+00:00,13.8,63.3,45.0,994.0,7.0,255.0,826,40.0,5.0,2015,11,5,18,0
2015309N14067,2015,MEGH,2015-11-05 21:00:00+00:00,13.7,62.9,45.0,994.0,8.0,255.0,804,45.0,0.0,2015,11,5,21,0
2015309N14067,2015,MEGH,2015-11-06 00:00:00+00:00,13.6,62.5,45.0,994.0,7.0,250.0,785,45.0,0.0,2015,11,6,0,0
2015309N14067,2015,MEGH,2015-11-06 03:00:00+00:00,13.4,62.2,45.0,994.0,7.0,240.0,783,45.0,0.0,2015,11,6,3,0
2015309N14067,2015,MEGH,2015-11-06 06:00:00+00:00,13.3,61.9,45.0,994.0,7.0,245.0,773,45.0,0.0,2015,11,6,6,0
2015309N14067,2015,MEGH,2015-11-06 09:00:00+00:00,13.1,61.6,45.0,994.0,8.0,255.0,772,45.0,0.0,2015,11,6,9,0
2015309N14067,2015,MEGH,2015-11-06 12:00:00+00:00,13.1,61.2,45.0,994.0,7.0,250.0,728,45.0,0.0,2015,11,6,12,0
2015309N14067,2015,MEGH,2015-11-06 15:00:00+00:00,12.9,60.9,45.0,994.0,5.0,255.0,695,45.0,0.0,2015,11,6,15,0
2015309N14067,2015,MEGH,2015-11-06 18:00:00+00:00,12.9,60.7,45.0,994.0,5.0,255.0,673,45.0,0.0,2015,11,6,18,0
2015309N14067,2015,MEGH,2015-11-06 21:00:00+00:00,12.8,60.4,45.0,994.0,6.0,260.0,640,45.0,0.0,2015,11,6,21,0
2015309N14067,2015,MEGH,2015-11-07 00:00:00+00:00,12.8,60.1,45.0,994.0,7.0,265.0,608,45.0,0.0,2015,11,7,0,0
2015309N14067,2015,MEGH,2015-11-07 03:00:00+00:00,12.8,59.6,45.0,994.0,8.0,265.0,554,45.0,0.0,2015,11,7,3,1
2015309N14067,2015,MEGH,2015-11-07 06:00:00+00:00,12.7,59.3,50.0,992.0,8.0,265.0,521,45.0,5.0,2015,11,7,6,1
2015309N14067,2015,MEGH,2015-11-07 09:00:00+00:00,12.7,58.8,55.0,990.0,9.0,275.0,466,50.0,5.0,2015,11,7,9,1
2015309N14067,2015,MEGH,2015-11-07 12:00:00+00:00,12.8,58.4,60.0,988.0,9.0,270.0,423,55.0,5.0,2015,11,7,12,1
2015309N14067,2015,MEGH,2015-11-07 15:00:00+00:00,12.7,57.9,65.0,984.0,10.0,270.0,369,60.0,5.0,2015,11,7,15,1
2015309N14067,2015,MEGH,2015-11-07 18:00:00+00:00,12.8,57.3,70.0,980.0,11.0,270.0,304,65.0,5.0,2015,11,7,18,1
2015309N14067,2015,MEGH,2015-11-07 21:00:00+00:00,12.7,56.7,80.0,976.0,12.0,270.0,239,70.0,10.0,2015,11,7,21,1
2015309N14067,2015,MEGH,2015-11-08 00:00:00+00:00,12.7,56.1,85.0,974.0,12.0,265.0,174,80.0,5.0,2015,11,8,0,1
2015309N14067,2015,MEGH,2015-11-08 03:00:00+00:00,12.7,55.5,90.0,968.0,12.0,270.0,109,85.0,5.0,2015,11,8,3,1
2015309N14067,2015,MEGH,2015-11-08 06:00:00+00:00,12.7,54.9,95.0,964.0,13.0,270.0,44,90.0,5.0,2015,11,8,6,0
2015309N14067,2015,MEGH,2015-11-08 09:00:00+00:00,12.7,54.2,95.0,964.0,14.0,270.0,11,95.0,0.0,2015,11,8,9,0
2015309N14067,2015,MEGH,2015-11-08 12:00:00+00:00,12.7,53.5,90.0,970.0,13.0,270.0,11,95.0,-5.0,2015,11,8,12,0
2015309N14067,2015,MEGH,2015-11-08 15:00:00+00:00,12.6,52.8,90.0,970.0,12.0,260.0,55,90.0,0.0,2015,11,8,15,0
2015309N14067,2015,MEGH,2015-11-08 18:00:00+00:00,12.5,52.3,90.0,970.0,13.0,260.0,108,90.0,0.0,2015,11,8,18,0
2015309N14067,2015,MEGH,2015-11-08 21:00:00+00:00,12.4,51.6,90.0,970.0,13.0,260.0,74,90.0,0.0,2015,11,8,21,0
2015309N14067,2015,MEGH,2015-11-09 00:00:00+00:00,12.3,50.9,85.0,974.0,13.0,265.0,44,90.0,-5.0,2015,11,9,0,0
2015309N14067,2015,MEGH,2015-11-09 03:00:00+00:00,12.2,50.2,80.0,976.0,13.0,270.0,54,85.0,-5.0,2015,11,9,3,0
2015309N14067,2015,MEGH,2015-11-09 06:00:00+00:00,12.3,49.6,80.0,978.0,13.0,275.0,89,80.0,0.0,2015,11,9,6,0
2015309N14067,2015,MEGH,2015-11-09 09:00:00+00:00,12.3,48.9,75.0,980.0,12.0,280.0,117,80.0,-5.0,2015,11,9,9,0
2015309N14067,2015,MEGH,2015-11-09 12:00:00+00:00,12.5,48.3,70.0,982.0,9.0,280.0,145,75.0,-5.0,2015,11,9,12,0
2015309N14067,2015,MEGH,2015-11-09 15:00:00+00:00,12.5,48.0,65.0,986.0,7.0,285.0,139,70.0,-5.0,2015,11,9,15,0
2015309N14067,2015,MEGH,2015-11-09 18:00:00+00:00,12.6,47.6,65.0,988.0,7.0,285.0,116,65.0,0.0,2015,11,9,18,0
2015309N14067,2015,MEGH,2015-11-09 21:00:00+00:00,12.7,47.3,60.0,990.0,7.0,290.0,95,65.0,-5.0,2015,11,9,21,0
2015309N14067,2015,MEGH,2015-11-10 00:00:00+00:00,12.9,47.0,50.0,996.0,6.0,305.0,64,60.0,-10.0,2015,11,10,0,0
2015309N14067,2015,MEGH,2015-11-10 03:00:00+00:00,13.0,46.8,40.0,998.0,6.0,315.0,46,50.0,-10.0,2015,11,10,3,0
2015309N14067,2015,MEGH,2015-11-10 06:00:00+00:00,13.3,46.6,30.0,1003.0,5.0,335.0,11,40.0,-10.0,2015,11,10,6,0
2015312N11084,2015,UNNAMED,2015-11-08 03:00:00+00:00,10.7,83.7,25.0,1003.0,10.0,280.0,354,35.0,0.0,2015,11,8,3,0
2015312N11084,2015,UNNAMED,2015-11-08 06:00:00+00:00,10.8,83.2,25.0,1003.0,9.0,285.0,312,25.0,0.0,2015,11,8,6,0
2015312N11084,2015,UNNAMED,2015-11-08 12:00:00+00:00,11.0,82.5,25.0,1002.0,9.0,285.0,266,25.0,0.0,2015,11,8,12,1
2015312N11084,2015,UNNAMED,2015-11-08 18:00:00+00:00,11.2,81.4,30.0,1000.0,9.0,280.0,163,25.0,5.0,2015,11,8,18,0
2015312N11084,2015,UNNAMED,2015-11-09 00:00:00+00:00,11.4,80.7,30.0,999.0,8.0,295.0,90,30.0,0.0,2015,11,9,0,0
2015312N11084,2015,UNNAMED,2015-11-09 03:00:00+00:00,11.6,80.3,30.0,998.0,7.0,295.0,54,30.0,0.0,2015,11,9,3,0
2015312N11084,2015,UNNAMED,2015-11-09 06:00:00+00:00,11.7,80.1,30.0,996.0,4.0,315.0,32,30.0,0.0,2015,11,9,6,0
2015312N11084,2015,UNNAMED,2015-11-09 12:00:00+00:00,12.1,80.0,30.0,996.0,4.0,350.0,10,30.0,0.0,2015,11,9,12,0
2015312N11084,2015,UNNAMED,2015-11-09 18:00:00+00:00,12.4,79.9,30.0,998.0,2.0,310.0,0,30.0,0.0,2015,11,9,18,0
2015312N11084,2015,UNNAMED,2015-11-10 00:00:00+00:00,12.4,79.6,30.0,1000.0,5.0,270.0,0,30.0,0.0,2015,11,10,0,0
2016138N10081,2016,ROANU,2016-05-17 03:00:00+00:00,10.5,81.0,25.0,1000.0,9.0,20.0,117,35.0,0.0,2016,5,17,3,0
2016138N10081,2016,ROANU,2016-05-17 06:00:00+00:00,10.8,81.1,25.0,999.0,7.0,10.0,131,25.0,0.0,2016,5,17,6,0
2016138N10081,2016,ROANU,2016-05-17 12:00:00+00:00,11.7,81.1,25.0,998.0,9.0,0.0,132,25.0,0.0,2016,5,17,12,0
2016138N10081,2016,ROANU,2016-05-17 18:00:00+00:00,12.5,81.1,25.0,998.0,7.0,5.0,108,25.0,0.0,2016,5,17,18,0
2016138N10081,2016,ROANU,2016-05-18 00:00:00+00:00,13.1,81.2,25.0,998.0,7.0,10.0,100,25.0,0.0,2016,5,18,0,1
2016138N10081,2016,ROANU,2016-05-18 03:00:00+00:00,13.4,81.3,30.0,997.0,8.0,5.0,108,25.0,5.0,2016,5,18,3,0
2016138N10081,2016,ROANU,2016-05-18 06:00:00+00:00,13.9,81.3,30.0,996.0,7.0,0.0,108,30.0,0.0,2016,5,18,6,0
2016138N10081,2016,ROANU,2016-05-18 12:00:00+00:00,14.4,81.3,30.0,996.0,4.0,0.0,120,30.0,0.0,2016,5,18,12,0
2016138N10081,2016,ROANU,2016-05-18 18:00:00+00:00,14.7,81.3,30.0,994.0,3.0,25.0,118,30.0,0.0,2016,5,18,18,1
2016138N10081,2016,ROANU,2016-05-19 00:00:00+00:00,15.1,81.6,35.0,990.0,7.0,40.0,100,30.0,5.0,2016,5,19,0,0
2016138N10081,2016,ROANU,2016-05-19 03:00:00+00:00,15.4,81.8,35.0,990.0,5.0,50.0,92,35.0,0.0,2016,5,19,3,1
2016138N10081,2016,ROANU,2016-05-19 06:00:00+00:00,15.4,82.0,40.0,988.0,4.0,65.0,105,35.0,5.0,2016,5,19,6,0
2016138N10081,2016,ROANU,2016-05-19 12:00:00+00:00,15.8,82.5,40.0,988.0,8.0,45.0,89,40.0,0.0,2016,5,19,12,0
2016138N10081,2016,ROANU,2016-05-19 15:00:00+00:00,16.1,82.8,40.0,988.0,9.0,40.0,77,40.0,0.0,2016,5,19,15,0
2016138N10081,2016,ROANU,2016-05-19 18:00:00+00:00,16.5,83.1,40.0,988.0,10.0,40.0,91,40.0,0.0,2016,5,19,18,0
2016138N10081,2016,ROANU,2016-05-19 21:00:00+00:00,16.9,83.5,40.0,988.0,12.0,40.0,84,40.0,0.0,2016,5,19,21,0
2016138N10081,2016,ROANU,2016-05-20 00:00:00+00:00,17.4,84.0,40.0,988.0,16.0,45.0,77,40.0,0.0,2016,5,20,0,0
2016138N10081,2016,ROANU,2016-05-20 03:00:00+00:00,18.1,84.7,40.0,988.0,16.0,45.0,61,40.0,0.0,2016,5,20,3,0
2016138N10081,2016,ROANU,2016-05-20 06:00:00+00:00,18.6,85.1,40.0,988.0,12.0,50.0,67,40.0,0.0,2016,5,20,6,0
2016138N10081,2016,ROANU,2016-05-20 09:00:00+00:00,18.9,85.6,40.0,988.0,17.0,60.0,79,40.0,0.0,2016,5,20,9,0
2016138N10081,2016,ROANU,2016-05-20 12:00:00+00:00,19.4,86.7,40.0,988.0,18.0,60.0,74,40.0,0.0,2016,5,20,12,0
2016138N10081,2016,ROANU,2016-05-20 15:00:00+00:00,19.8,87.3,40.0,986.0,14.0,55.0,83,40.0,0.0,2016,5,20,15,1
2016138N10081,2016,ROANU,2016-05-20 18:00:00+00:00,20.2,88.0,45.0,984.0,15.0,60.0,118,40.0,5.0,2016,5,20,18,0
2016138N10081,2016,ROANU,2016-05-20 21:00:00+00:00,20.5,88.7,45.0,983.0,15.0,65.0,124,45.0,0.0,2016,5,20,21,0
2016138N10081,2016,ROANU,2016-05-21 00:00:00+00:00,20.9,89.4,45.0,983.0,18.0,60.0,84,45.0,0.0,2016,5,21,0,0
2016138N10081,2016,ROANU,2016-05-21 03:00:00+00:00,21.4,90.4,45.0,983.0,19.0,55.0,49,45.0,0.0,2016,5,21,3,0
2016138N10081,2016,ROANU,2016-05-21 06:00:00+00:00,21.9,91.0,45.0,983.0,16.0,40.0,38,45.0,0.0,2016,5,21,6,0
2016138N10081,2016,ROANU,2016-05-21 09:00:00+00:00,22.6,91.5,45.0,983.0,14.0,40.0,10,45.0,0.0,2016,5,21,9,0
2016138N10081,2016,ROANU,2016-05-21 12:00:00+00:00,23.0,92.0,35.0,990.0,16.0,55.0,0,45.0,-10.0,2016,5,21,12,0
2016138N10081,2016,ROANU,2016-05-21 15:00:00+00:00,23.5,93.0,30.0,992.0,21.0,60.0,0,35.0,-5.0,2016,5,21,15,0
2016138N10081,2016,ROANU,2016-05-21 18:00:00+00:00,24.0,94.0,30.0,994.0,16.0,60.0,0,30.0,0.0,2016,5,21,18,0
2016178N22068,2016,UNNAMED,2016-06-27 09:00:00+00:00,21.7,64.4,25.0,996.0,6.0,240.0,391,35.0,0.0,2016,6,27,9,0
2016178N22068,2016,UNNAMED,2016-06-27 12:00:00+00:00,21.6,64.1,25.0,996.0,5.0,245.0,403,25.0,0.0,2016,6,27,12,0
2016178N22068,2016,UNNAMED,2016-06-27 18:00:00+00:00,21.5,64.0,25.0,996.0,1.0,60.0,415,25.0,0.0,2016,6,27,18,0
2016178N22068,2016,UNNAMED,2016-06-28 00:00:00+00:00,21.5,63.9,25.0,996.0,12.0,255.0,415,25.0,0.0,2016,6,28,0,0
2016178N22068,2016,UNNAMED,2016-06-28 03:00:00+00:00,21.2,62.9,25.0,996.0,12.0,255.0,339,25.0,0.0,2016,6,28,3,0
2016178N22068,2016,UNNAMED,2016-06-28 06:00:00+00:00,21.2,62.7,25.0,996.0,4.0,255.0,319,25.0,0.0,2016,6,28,6,0
2016178N22068,2016,UNNAMED,2016-06-28 12:00:00+00:00,20.8,62.3,25.0,996.0,6.0,185.0,302,25.0,0.0,2016,6,28,12,0
2016178N22068,2016,UNNAMED,2016-06-28 18:00:00+00:00,20.3,62.4,25.0,996.0,3.0,170.0,341,25.0,0.0,2016,6,28,18,0
2016222N22089,2016,UNNAMED,2016-08-09 09:00:00+00:00,22.0,88.5,25.0,996.0,0.0,0.0,0,35.0,0.0,2016,8,9,9,0
2016222N22089,2016,UNNAMED,2016-08-09 12:00:00+00:00,22.0,88.5,25.0,996.0,3.0,40.0,0,25.0,0.0,2016,8,9,12,0
2016222N22089,2016,UNNAMED,2016-08-09 18:00:00+00:00,22.5,89.0,25.0,995.0,8.0,60.0,0,25.0,0.0,2016,8,9,18,0
2016222N22089,2016,UNNAMED,2016-08-10 00:00:00+00:00,22.8,89.7,25.0,995.0,4.0,350.0,0,25.0,0.0,2016,8,10,0,1
2016222N22089,2016,UNNAMED,2016-08-10 03:00:00+00:00,23.0,89.4,30.0,994.0,5.0,310.0,0,25.0,5.0,2016,8,10,3,0
2016222N22089,2016,UNNAMED,2016-08-10 06:00:00+00:00,23.1,89.3,30.0,994.0,3.0,325.0,0,30.0,0.0,2016,8,10,6,0
2016222N22089,2016,UNNAMED,2016-08-10 12:00:00+00:00,23.4,89.1,30.0,994.0,4.0,305.0,0,30.0,0.0,2016,8,10,12,0
2016222N22089,2016,UNNAMED,2016-08-10 18:00:00+00:00,23.6,88.5,30.0,994.0,6.0,285.0,0,30.0,0.0,2016,8,10,18,0
2016222N22089,2016,UNNAMED,2016-08-11 00:00:00+00:00,23.8,87.8,30.0,994.0,8.0,295.0,0,30.0,0.0,2016,8,11,0,0
2016222N22089,2016,UNNAMED,2016-08-11 03:00:00+00:00,24.0,87.4,30.0,994.0,8.0,285.0,0,30.0,0.0,2016,8,11,3,0
2016222N22089,2016,UNNAMED,2016-08-11 06:00:00+00:00,24.0,87.0,25.0,996.0,6.0,270.0,0,30.0,-5.0,2016,8,11,6,0
2016222N22089,2016,UNNAMED,2016-08-11 12:00:00+00:00,24.0,86.5,25.0,996.0,6.0,270.0,0,25.0,0.0,2016,8,11,12,0
2016222N22089,2016,UNNAMED,2016-08-11 18:00:00+00:00,24.0,85.7,25.0,996.0,7.0,270.0,0,25.0,0.0,2016,8,11,18,0
2016222N22089,2016,UNNAMED,2016-08-12 00:00:00+00:00,24.0,85.0,25.0,996.0,8.0,270.0,0,25.0,0.0,2016,8,12,0,0
2016222N22089,2016,UNNAMED,2016-08-12 03:00:00+00:00,24.0,84.5,25.0,996.0,5.0,270.0,0,25.0,0.0,2016,8,12,3,0
2016222N22089,2016,UNNAMED,2016-08-12 06:00:00+00:00,24.0,84.5,25.0,996.0,1.0,25.0,0,25.0,0.0,2016,8,12,6,0
2016222N22089,2016,UNNAMED,2016-08-12 12:00:00+00:00,24.2,84.5,25.0,996.0,3.0,315.0,0,25.0,0.0,2016,8,12,12,0
2016230N21089,2016,UNNAMED,2016-08-16 12:00:00+00:00,21.0,89.0,20.0,996.0,3.0,310.0,67,35.0,0.0,2016,8,16,12,0
2016230N21089,2016,UNNAMED,2016-08-16 18:00:00+00:00,21.2,88.7,20.0,996.0,4.0,300.0,49,20.0,0.0,2016,8,16,18,0
2016230N21089,2016,UNNAMED,2016-08-17 00:00:00+00:00,21.4,88.4,20.0,996.0,2.0,10.0,22,20.0,0.0,2016,8,17,0,0
2016230N21089,2016,UNNAMED,2016-08-17 03:00:00+00:00,21.5,88.5,20.0,996.0,1.0,45.0,11,20.0,0.0,2016,8,17,3,0
2016230N21089,2016,UNNAMED,2016-08-17 06:00:00+00:00,21.5,88.5,20.0,996.0,2.0,345.0,11,20.0,0.0,2016,8,17,6,1
2016230N21089,2016,UNNAMED,2016-08-17 12:00:00+00:00,22.0,88.2,25.0,994.0,11.0,315.0,0,20.0,5.0,2016,8,17,12,0
2016230N21089,2016,UNNAMED,2016-08-17 18:00:00+00:00,22.9,86.9,25.0,994.0,15.0,305.0,0,25.0,0.0,2016,8,17,18,0
2016230N21089,2016,UNNAMED,2016-08-18 00:00:00+00:00,23.7,85.7,25.0,994.0,14.0,300.0,0,25.0,0.0,2016,8,18,0,0
2016230N21089,2016,UNNAMED,2016-08-18 03:00:00+00:00,24.0,85.0,25.0,994.0,12.0,285.0,0,25.0,0.0,2016,8,18,3,0
2016230N21089,2016,UNNAMED,2016-08-18 06:00:00+00:00,24.0,84.4,25.0,994.0,10.0,270.0,0,25.0,0.0,2016,8,18,6,0
2016230N21089,2016,UNNAMED,2016-08-18 12:00:00+00:00,24.1,83.4,25.0,994.0,8.0,285.0,0,25.0,0.0,2016,8,18,12,0
2016230N21089,2016,UNNAMED,2016-08-18 18:00:00+00:00,24.4,82.7,25.0,994.0,7.0,295.0,0,25.0,0.0,2016,8,18,18,0
2016230N21089,2016,UNNAMED,2016-08-19 00:00:00+00:00,24.7,82.1,25.0,994.0,5.0,5.0,0,25.0,0.0,2016,8,19,0,0
2016230N21089,2016,UNNAMED,2016-08-19 03:00:00+00:00,25.0,82.3,25.0,994.0,14.0,275.0,0,25.0,0.0,2016,8,19,3,0
2016230N21089,2016,UNNAMED,2016-08-19 06:00:00+00:00,24.8,80.6,25.0,994.0,25.0,265.0,0,25.0,0.0,2016,8,19,6,0
2016230N21089,2016,UNNAMED,2016-08-19 12:00:00+00:00,24.7,79.0,25.0,994.0,8.0,270.0,0,25.0,0.0,2016,8,19,12,0
2016230N21089,2016,UNNAMED,2016-08-19 18:00:00+00:00,24.7,78.4,25.0,994.0,5.0,270.0,0,25.0,0.0,2016,8,19,18,0
2016230N21089,2016,UNNAMED,2016-08-20 00:00:00+00:00,24.7,77.8,25.0,994.0,6.0,280.0,0,25.0,0.0,2016,8,20,0,0
2016230N21089,2016,UNNAMED,2016-08-20 03:00:00+00:00,24.8,77.5,25.0,994.0,5.0,280.0,0,25.0,0.0,2016,8,20,3,0
2016230N21089,2016,UNNAMED,2016-08-20 06:00:00+00:00,24.8,77.3,25.0,994.0,2.0,265.0,0,25.0,0.0,2016,8,20,6,0
2016230N21089,2016,UNNAMED,2016-08-20 12:00:00+00:00,24.8,77.2,20.0,994.0,3.0,285.0,0,25.0,-5.0,2016,8,20,12,0
2016295N13089,2016,KYANT,2016-10-21 00:00:00+00:00,13.5,88.5,25.0,1003.0,6.0,70.0,673,35.0,0.0,2016,10,21,0,0
2016295N13089,2016,KYANT,2016-10-21 03:00:00+00:00,13.6,88.8,25.0,1003.0,8.0,75.0,639,25.0,0.0,2016,10,21,3,0
2016295N13089,2016,KYANT,2016-10-21 06:00:00+00:00,13.7,89.3,25.0,1003.0,8.0,75.0,586,25.0,0.0,2016,10,21,6,0
2016295N13089,2016,KYANT,2016-10-21 12:00:00+00:00,13.9,89.8,25.0,1003.0,3.0,70.0,528,25.0,0.0,2016,10,21,12,0
2016295N13089,2016,KYANT,2016-10-21 18:00:00+00:00,13.9,89.9,25.0,1003.0,0.0,205.0,518,25.0,0.0,2016,10,21,18,0
2016295N13089,2016,KYANT,2016-10-22 00:00:00+00:00,13.9,90.1,25.0,1002.0,8.0,75.0,499,25.0,0.0,2016,10,22,0,0
2016295N13089,2016,KYANT,2016-10-22 03:00:00+00:00,14.1,90.7,25.0,1002.0,14.0,65.0,431,25.0,0.0,2016,10,22,3,0
2016295N13089,2016,KYANT,2016-10-22 06:00:00+00:00,14.5,91.4,25.0,1002.0,13.0,60.0,344,25.0,0.0,2016,10,22,6,0
2016295N13089,2016,KYANT,2016-10-22 12:00:00+00:00,14.9,92.1,25.0,1002.0,6.0,55.0,256,25.0,0.0,2016,10,22,12,0
2016295N13089,2016,KYANT,2016-10-22 18:00:00+00:00,15.3,92.5,25.0,1002.0,5.0,50.0,198,25.0,0.0,2016,10,22,18,0
2016295N13089,2016,KYANT,2016-10-23 00:00:00+00:00,15.5,92.8,25.0,1002.0,2.0,40.0,159,25.0,0.0,2016,10,23,0,1
2016295N13089,2016,KYANT,2016-10-23 03:00:00+00:00,15.6,92.8,30.0,1000.0,1.0,15.0,156,25.0,5.0,2016,10,23,3,0
2016295N13089,2016,KYANT,2016-10-23 06:00:00+00:00,15.6,92.8,30.0,1000.0,1.0,40.0,156,30.0,0.0,2016,10,23,6,0
2016295N13089,2016,KYANT,2016-10-23 12:00:00+00:00,15.8,93.0,30.0,1000.0,3.0,40.0,130,30.0,0.0,2016,10,23,12,0
2016295N13089,2016,KYANT,2016-10-23 18:00:00+00:00,16.0,93.1,30.0,1000.0,3.0,15.0,117,30.0,0.0,2016,10,23,18,0
2016295N13089,2016,KYANT,2016-10-24 00:00:00+00:00,16.3,93.1,30.0,1000.0,2.0,355.0,122,30.0,0.0,2016,10,24,0,0
2016295N13089,2016,KYANT,2016-10-24 03:00:00+00:00,16.3,93.1,30.0,1000.0,3.0,350.0,125,30.0,0.0,2016,10,24,3,0
2016295N13089,2016,KYANT,2016-10-24 06:00:00+00:00,16.5,93.1,30.0,1000.0,4.0,315.0,127,30.0,0.0,2016,10,24,6,0
2016295N13089,2016,KYANT,2016-10-24 12:00:00+00:00,16.7,92.5,30.0,1000.0,4.0,275.0,193,30.0,0.0,2016,10,24,12,0
2016295N13089,2016,KYANT,2016-10-24 18:00:00+00:00,16.7,92.2,30.0,1000.0,3.0,270.0,224,30.0,0.0,2016,10,24,18,0
2016295N13089,2016,KYANT,2016-10-25 00:00:00+00:00,16.8,91.7,30.0,1000.0,6.0,280.0,279,30.0,0.0,2016,10,25,0,1
2016295N13089,2016,KYANT,2016-10-25 03:00:00+00:00,16.8,91.4,35.0,998.0,6.0,275.0,310,30.0,5.0,2016,10,25,3,0
2016295N13089,2016,KYANT,2016-10-25 06:00:00+00:00,16.8,91.1,35.0,998.0,6.0,260.0,342,35.0,0.0,2016,10,25,6,0
2016295N13089,2016,KYANT,2016-10-25 09:00:00+00:00,16.7,90.8,35.0,998.0,5.0,265.0,371,35.0,0.0,2016,10,25,9,0
2016295N13089,2016,KYANT,2016-10-25 12:00:00+00:00,16.8,90.6,35.0,998.0,6.0,265.0,394,35.0,0.0,2016,10,25,12,0
2016295N13089,2016,KYANT,2016-10-25 15:00:00+00:00,16.6,90.2,35.0,998.0,7.0,260.0,432,35.0,0.0,2016,10,25,15,0
2016295N13089,2016,KYANT,2016-10-25 18:00:00+00:00,16.6,89.8,35.0,998.0,7.0,250.0,474,35.0,0.0,2016,10,25,18,0
2016295N13089,2016,KYANT,2016-10-25 21:00:00+00:00,16.4,89.5,35.0,997.0,8.0,250.0,504,35.0,0.0,2016,10,25,21,1
2016295N13089,2016,KYANT,2016-10-26 00:00:00+00:00,16.4,89.0,40.0,996.0,10.0,265.0,487,35.0,5.0,2016,10,26,0,0
2016295N13089,2016,KYANT,2016-10-26 03:00:00+00:00,16.3,88.5,40.0,996.0,11.0,265.0,469,40.0,0.0,2016,10,26,3,0
2016295N13089,2016,KYANT,2016-10-26 06:00:00+00:00,16.3,87.9,40.0,996.0,10.0,265.0,443,40.0,0.0,2016,10,26,6,0
2016295N13089,2016,KYANT,2016-10-26 09:00:00+00:00,16.2,87.4,40.0,996.0,9.0,260.0,415,40.0,0.0,2016,10,26,9,0
2016295N13089,2016,KYANT,2016-10-26 12:00:00+00:00,16.2,87.0,40.0,996.0,8.0,260.0,385,40.0,0.0,2016,10,26,12,0
2016295N13089,2016,KYANT,2016-10-26 15:00:00+00:00,16.1,86.6,40.0,997.0,7.0,255.0,362,40.0,0.0,2016,10,26,15,0
2016295N13089,2016,KYANT,2016-10-26 18:00:00+00:00,16.0,86.3,35.0,998.0,8.0,255.0,347,40.0,-5.0,2016,10,26,18,0
2016295N13089,2016,KYANT,2016-10-26 21:00:00+00:00,15.9,85.8,30.0,1000.0,9.0,255.0,323,35.0,-5.0,2016,10,26,21,0
2016295N13089,2016,KYANT,2016-10-27 00:00:00+00:00,15.8,85.4,30.0,1002.0,9.0,260.0,308,30.0,0.0,2016,10,27,0,0
2016295N13089,2016,KYANT,2016-10-27 03:00:00+00:00,15.7,84.8,30.0,1002.0,10.0,265.0,272,30.0,0.0,2016,10,27,3,0
2016295N13089,2016,KYANT,2016-10-27 06:00:00+00:00,15.7,84.4,30.0,1003.0,9.0,265.0,245,30.0,0.0,2016,10,27,6,0
2016295N13089,2016,KYANT,2016-10-27 12:00:00+00:00,15.6,83.6,30.0,1004.0,7.0,255.0,178,30.0,0.0,2016,10,27,12,0
2016308N13088,2016,UNNAMED,2016-11-02 18:00:00+00:00,12.7,88.0,25.0,1004.0,10.0,280.0,752,35.0,0.0,2016,11,2,18,0
2016308N13088,2016,UNNAMED,2016-11-03 00:00:00+00:00,13.0,87.0,25.0,1004.0,12.0,305.0,646,25.0,0.0,2016,11,3,0,0
2016308N13088,2016,UNNAMED,2016-11-03 03:00:00+00:00,13.4,86.5,25.0,1004.0,12.0,305.0,576,25.0,0.0,2016,11,3,3,0
2016308N13088,2016,UNNAMED,2016-11-03 06:00:00+00:00,13.7,86.0,25.0,1004.0,10.0,305.0,513,25.0,0.0,2016,11,3,6,0
2016308N13088,2016,UNNAMED,2016-11-03 12:00:00+00:00,14.2,85.5,25.0,1004.0,6.0,310.0,435,25.0,0.0,2016,11,3,12,0
2016308N13088,2016,UNNAMED,2016-11-03 18:00:00+00:00,14.6,85.0,25.0,1004.0,7.0,330.0,365,25.0,0.0,2016,11,3,18,0
2016308N13088,2016,UNNAMED,2016-11-04 00:00:00+00:00,15.5,84.8,25.0,1002.0,10.0,350.0,290,25.0,0.0,2016,11,4,0,0
2016308N13088,2016,UNNAMED,2016-11-04 03:00:00+00:00,16.0,84.7,25.0,1002.0,5.0,350.0,239,25.0,0.0,2016,11,4,3,0
2016308N13088,2016,UNNAMED,2016-11-04 06:00:00+00:00,16.0,84.7,25.0,1000.0,1.0,0.0,239,25.0,0.0,2016,11,4,6,0
2016308N13088,2016,UNNAMED,2016-11-04 12:00:00+00:00,16.3,84.7,25.0,1000.0,5.0,10.0,215,25.0,0.0,2016,11,4,12,0
2016308N13088,2016,UNNAMED,2016-11-04 18:00:00+00:00,16.9,85.0,25.0,1000.0,9.0,40.0,183,25.0,0.0,2016,11,4,18,0
2016308N13088,2016,UNNAMED,2016-11-05 00:00:00+00:00,17.7,86.0,25.0,1000.0,19.0,55.0,192,25.0,0.0,2016,11,5,0,0
2016308N13088,2016,UNNAMED,2016-11-05 03:00:00+00:00,18.3,87.0,25.0,1000.0,12.0,50.0,200,25.0,0.0,2016,11,5,3,0
2016308N13088,2016,UNNAMED,2016-11-05 06:00:00+00:00,18.5,87.0,25.0,1000.0,8.0,60.0,179,25.0,0.0,2016,11,5,6,0
2016308N13088,2016,UNNAMED,2016-11-05 12:00:00+00:00,19.0,88.7,25.0,1000.0,14.0,70.0,254,25.0,0.0,2016,11,5,12,0
2016308N13088,2016,UNNAMED,2016-11-05 18:00:00+00:00,19.5,89.5,25.0,1000.0,13.0,55.0,238,25.0,0.0,2016,11,5,18,0
2016308N13088,2016,UNNAMED,2016-11-06 00:00:00+00:00,20.5,91.0,25.0,1000.0,16.0,50.0,138,25.0,0.0,2016,11,6,0,0
2016308N13088,2016,UNNAMED,2016-11-06 03:00:00+00:00,21.0,91.5,25.0,1000.0,13.0,35.0,66,25.0,0.0,2016,11,6,3,0
2016308N13088,2016,UNNAMED,2016-11-06 06:00:00+00:00,21.5,91.8,25.0,1002.0,7.0,30.0,10,25.0,0.0,2016,11,6,6,0
2016335N07088,2016,NADA,2016-11-29 12:00:00+00:00,6.8,87.7,25.0,1004.0,11.0,305.0,640,35.0,0.0,2016,11,29,12,0
2016335N07088,2016,NADA,2016-11-29 18:00:00+00:00,7.5,86.8,25.0,1003.0,11.0,305.0,543,25.0,0.0,2016,11,29,18,1
2016335N07088,2016,NADA,2016-11-30 00:00:00+00:00,8.2,85.9,30.0,1002.0,13.0,310.0,456,25.0,5.0,2016,11,30,0,1
2016335N07088,2016,NADA,2016-11-30 03:00:00+00:00,8.6,85.3,35.0,1002.0,13.0,310.0,401,30.0,5.0,2016,11,30,3,0
2016335N07088,2016,NADA,2016-11-30 06:00:00+00:00,9.0,84.9,35.0,1002.0,14.0,315.0,380,35.0,0.0,2016,11,30,6,0
2016335N07088,2016,NADA,2016-11-30 09:00:00+00:00,9.6,84.3,35.0,1002.0,12.0,310.0,345,35.0,0.0,2016,11,30,9,1
2016335N07088,2016,NADA,2016-11-30 12:00:00+00:00,9.8,83.9,40.0,1000.0,9.0,300.0,316,35.0,5.0,2016,11,30,12,0
2016335N07088,2016,NADA,2016-11-30 15:00:00+00:00,10.0,83.4,40.0,1000.0,10.0,295.0,282,40.0,0.0,2016,11,30,15,0
2016335N07088,2016,NADA,2016-11-30 18:00:00+00:00,10.3,83.0,40.0,1000.0,12.0,285.0,265,40.0,0.0,2016,11,30,18,0
2016335N07088,2016,NADA,2016-11-30 21:00:00+00:00,10.3,82.2,40.0,1000.0,10.0,275.0,190,40.0,0.0,2016,11,30,21,0
2016335N07088,2016,NADA,2016-12-01 00:00:00+00:00,10.4,82.0,35.0,1000.0,5.0,275.0,180,40.0,-5.0,2016,12,1,0,0
2016335N07088,2016,NADA,2016-12-01 03:00:00+00:00,10.4,81.7,30.0,1001.0,7.0,280.0,157,35.0,-5.0,2016,12,1,3,0
2016335N07088,2016,NADA,2016-12-01 06:00:00+00:00,10.5,81.3,30.0,1003.0,9.0,290.0,141,30.0,0.0,2016,12,1,6,0
2016335N07088,2016,NADA,2016-12-01 12:00:00+00:00,10.8,80.6,30.0,1004.0,5.0,285.0,76,30.0,0.0,2016,12,1,12,0
2016335N07088,2016,NADA,2016-12-01 18:00:00+00:00,10.8,80.1,25.0,1006.0,5.0,275.0,21,30.0,-5.0,2016,12,1,18,0
2016341N08092,2016,VARDAH,2016-12-06 09:00:00+00:00,8.2,91.3,25.0,1002.0,9.0,310.0,520,35.0,0.0,2016,12,6,9,0
2016341N08092,2016,VARDAH,2016-12-06 12:00:00+00:00,8.4,91.0,25.0,1002.0,6.0,325.0,560,25.0,0.0,2016,12,6,12,0
2016341N08092,2016,VARDAH,2016-12-06 18:00:00+00:00,9.1,91.0,25.0,1002.0,7.0,0.0,607,25.0,0.0,2016,12,6,18,0
2016341N08092,2016,VARDAH,2016-12-07 00:00:00+00:00,9.6,91.0,25.0,1002.0,4.0,10.0,644,25.0,0.0,2016,12,7,0,0
2016341N08092,2016,VARDAH,2016-12-07 03:00:00+00:00,9.8,91.1,25.0,1002.0,3.0,25.0,652,25.0,0.0,2016,12,7,3,0
2016341N08092,2016,VARDAH,2016-12-07 06:00:00+00:00,9.9,91.2,25.0,1002.0,3.0,25.0,653,25.0,0.0,2016,12,7,6,0
2016341N08092,2016,VARDAH,2016-12-07 12:00:00+00:00,10.3,91.3,25.0,1002.0,5.0,5.0,679,25.0,0.0,2016,12,7,12,1
2016341N08092,2016,VARDAH,2016-12-07 18:00:00+00:00,10.8,91.3,30.0,1000.0,4.0,0.0,652,25.0,5.0,2016,12,7,18,1
2016341N08092,2016,VARDAH,2016-12-08 00:00:00+00:00,11.1,91.3,35.0,998.0,4.0,0.0,623,30.0,5.0,2016,12,8,0,0
2016341N08092,2016,VARDAH,2016-12-08 03:00:00+00:00,11.3,91.3,35.0,998.0,3.0,0.0,605,35.0,0.0,2016,12,8,3,0
2016341N08092,2016,VARDAH,2016-12-08 06:00:00+00:00,11.4,91.3,35.0,998.0,1.0,325.0,595,35.0,0.0,2016,12,8,6,0
2016341N08092,2016,VARDAH,2016-12-08 09:00:00+00:00,11.4,91.2,35.0,998.0,1.0,315.0,601,35.0,0.0,2016,12,8,9,1
2016341N08092,2016,VARDAH,2016-12-08 12:00:00+00:00,11.4,91.2,40.0,997.0,2.0,315.0,592,35.0,5.0,2016,12,8,12,0
2016341N08092,2016,VARDAH,2016-12-08 15:00:00+00:00,11.5,91.1,40.0,997.0,2.0,305.0,599,40.0,0.0,2016,12,8,15,0
2016341N08092,2016,VARDAH,2016-12-08 18:00:00+00:00,11.6,91.0,40.0,997.0,3.0,320.0,596,40.0,0.0,2016,12,8,18,0
2016341N08092,2016,VARDAH,2016-12-08 21:00:00+00:00,11.7,90.9,40.0,997.0,4.0,305.0,594,40.0,0.0,2016,12,8,21,1
2016341N08092,2016,VARDAH,2016-12-09 00:00:00+00:00,11.8,90.7,45.0,996.0,3.0,305.0,600,40.0,5.0,2016,12,9,0,0
2016341N08092,2016,VARDAH,2016-12-09 03:00:00+00:00,11.9,90.6,45.0,996.0,3.0,310.0,599,45.0,0.0,2016,12,9,3,0
2016341N08092,2016,VARDAH,2016-12-09 06:00:00+00:00,12.0,90.5,45.0,996.0,3.0,305.0,598,45.0,0.0,2016,12,9,6,0
2016341N08092,2016,VARDAH,2016-12-09 09:00:00+00:00,12.1,90.3,45.0,996.0,5.0,295.0,606,45.0,0.0,2016,12,9,9,0
2016341N08092,2016,VARDAH,2016-12-09 12:00:00+00:00,12.2,90.0,45.0,996.0,6.0,285.0,621,45.0,0.0,2016,12,9,12,0
2016341N08092,2016,VARDAH,2016-12-09 15:00:00+00:00,12.2,89.7,45.0,994.0,7.0,285.0,645,45.0,0.0,2016,12,9,15,1
2016341N08092,2016,VARDAH,2016-12-09 18:00:00+00:00,12.3,89.4,50.0,992.0,10.0,285.0,655,45.0,5.0,2016,12,9,18,1
2016341N08092,2016,VARDAH,2016-12-09 21:00:00+00:00,12.5,88.8,55.0,990.0,11.0,285.0,701,50.0,5.0,2016,12,9,21,0
2016341N08092,2016,VARDAH,2016-12-10 00:00:00+00:00,12.6,88.3,55.0,990.0,10.0,280.0,741,55.0,0.0,2016,12,10,0,0
2016341N08092,2016,VARDAH,2016-12-10 03:00:00+00:00,12.7,87.8,55.0,990.0,10.0,285.0,735,55.0,0.0,2016,12,10,3,0
2016341N08092,2016,VARDAH,2016-12-10 06:00:00+00:00,12.9,87.3,55.0,990.0,11.0,285.0,678,55.0,0.0,2016,12,10,6,1
2016341N08092,2016,VARDAH,2016-12-10 09:00:00+00:00,13.0,86.7,60.0,988.0,9.0,275.0,621,55.0,5.0,2016,12,10,9,1
2016341N08092,2016,VARDAH,2016-12-10 12:00:00+00:00,13.0,86.4,65.0,984.0,9.0,275.0,597,60.0,5.0,2016,12,10,12,0
2016341N08092,2016,VARDAH,2016-12-10 15:00:00+00:00,13.1,85.9,65.0,984.0,10.0,275.0,550,65.0,0.0,2016,12,10,15,0
2016341N08092,2016,VARDAH,2016-12-10 18:00:00+00:00,13.1,85.4,65.0,984.0,8.0,270.0,514,65.0,0.0,2016,12,10,18,0
2016341N08092,2016,VARDAH,2016-12-10 21:00:00+00:00,13.0,85.1,65.0,982.0,5.0,270.0,503,65.0,0.0,2016,12,10,21,1
2016341N08092,2016,VARDAH,2016-12-11 00:00:00+00:00,13.1,84.8,70.0,980.0,7.0,265.0,475,65.0,5.0,2016,12,11,0,0
2016341N08092,2016,VARDAH,2016-12-11 03:00:00+00:00,13.0,84.4,70.0,980.0,10.0,270.0,445,70.0,0.0,2016,12,11,3,0
2016341N08092,2016,VARDAH,2016-12-11 06:00:00+00:00,13.1,83.8,70.0,980.0,9.0,275.0,379,70.0,0.0,2016,12,11,6,0
2016341N08092,2016,VARDAH,2016-12-11 09:00:00+00:00,13.1,83.4,70.0,980.0,7.0,285.0,336,70.0,0.0,2016,12,11,9,0
2016341N08092,2016,VARDAH,2016-12-11 12:00:00+00:00,13.2,83.2,70.0,980.0,8.0,280.0,314,70.0,0.0,2016,12,11,12,0
2016341N08092,2016,VARDAH,2016-12-11 15:00:00+00:00,13.2,82.7,70.0,980.0,8.0,265.0,260,70.0,0.0,2016,12,11,15,0
2016341N08092,2016,VARDAH,2016-12-11 18:00:00+00:00,13.1,82.4,70.0,980.0,7.0,265.0,228,70.0,0.0,2016,12,11,18,0
2016341N08092,2016,VARDAH,2016-12-11 21:00:00+00:00,13.2,82.0,70.0,978.0,6.0,280.0,184,70.0,0.0,2016,12,11,21,0
2016341N08092,2016,VARDAH,2016-12-12 00:00:00+00:00,13.2,81.7,70.0,975.0,7.0,275.0,152,70.0,0.0,2016,12,12,0,0
2016341N08092,2016,VARDAH,2016-12-12 03:00:00+00:00,13.2,81.3,70.0,975.0,9.0,270.0,108,70.0,0.0,2016,12,12,3,0
2016341N08092,2016,VARDAH,2016-12-12 06:00:00+00:00,13.2,80.8,70.0,975.0,9.0,265.0,55,70.0,0.0,2016,12,12,6,0
2016341N08092,2016,VARDAH,2016-12-12 09:00:00+00:00,13.2,80.3,60.0,975.0,9.0,265.0,10,70.0,-10.0,2016,12,12,9,0
2016341N08092,2016,VARDAH,2016-12-12 12:00:00+00:00,13.1,79.9,50.0,984.0,9.0,265.0,0,60.0,-10.0,2016,12,12,12,0
2016341N08092,2016,VARDAH,2016-12-12 15:00:00+00:00,13.1,79.4,40.0,994.0,9.0,265.0,0,50.0,-10.0,2016,12,12,15,0
2016341N08092,2016,VARDAH,2016-12-12 18:00:00+00:00,13.0,78.9,30.0,1002.0,10.0,265.0,0,40.0,-10.0,2016,12,12,18,0
2016341N08092,2016,VARDAH,2016-12-13 00:00:00+00:00,13.0,77.8,20.0,1003.0,10.0,275.0,0,30.0,-10.0,2016,12,13,0,1
2016341N08092,2016,VARDAH,2016-12-16 21:00:00+00:00,11.0,63.1,25.0,998.0,21.0,270.0,953,20.0,5.0,2016,12,16,21,0
2016341N08092,2016,VARDAH,2016-12-17 00:00:00+00:00,11.1,62.1,25.0,998.0,17.0,275.0,844,25.0,0.0,2016,12,17,0,0
2016341N08092,2016,VARDAH,2016-12-17 06:00:00+00:00,11.0,60.8,25.0,998.0,11.0,250.0,709,25.0,0.0,2016,12,17,6,0
2016341N08092,2016,VARDAH,2016-12-17 12:00:00+00:00,10.6,59.8,25.0,998.0,13.0,245.0,619,25.0,0.0,2016,12,17,12,0
2016341N08092,2016,VARDAH,2016-12-17 18:00:00+00:00,9.8,58.3,25.0,996.0,18.0,250.0,519,25.0,0.0,2016,12,17,18,0
2017104N08085,2017,MAARUTHA,2017-04-15 00:00:00+00:00,12.2,88.3,25.0,1001.0,12.0,35.0,765,35.0,0.0,2017,4,15,0,0
2017104N08085,2017,MAARUTHA,2017-04-15 03:00:00+00:00,12.7,88.7,25.0,1001.0,14.0,40.0,698,25.0,0.0,2017,4,15,3,0
2017104N08085,2017,MAARUTHA,2017-04-15 06:00:00+00:00,13.3,89.2,25.0,1000.0,14.0,45.0,617,25.0,0.0,2017,4,15,6,1
2017104N08085,2017,MAARUTHA,2017-04-15 09:00:00+00:00,13.8,89.7,30.0,999.0,13.0,45.0,542,25.0,5.0,2017,4,15,9,0
2017104N08085,2017,MAARUTHA,2017-04-15 12:00:00+00:00,14.3,90.2,30.0,999.0,13.0,45.0,469,30.0,0.0,2017,4,15,12,1
2017104N08085,2017,MAARUTHA,2017-04-15 18:00:00+00:00,15.1,91.1,35.0,998.0,9.0,45.0,347,30.0,5.0,2017,4,15,18,1
2017104N08085,2017,MAARUTHA,2017-04-15 21:00:00+00:00,15.4,91.3,40.0,996.0,13.0,45.0,317,35.0,5.0,2017,4,15,21,0
2017104N08085,2017,MAARUTHA,2017-04-16 00:00:00+00:00,16.0,92.0,40.0,996.0,17.0,40.0,235,40.0,0.0,2017,4,16,0,0
2017104N08085,2017,MAARUTHA,2017-04-16 03:00:00+00:00,16.6,92.5,40.0,996.0,15.0,35.0,192,40.0,0.0,2017,4,16,3,0
2017104N08085,2017,MAARUTHA,2017-04-16 06:00:00+00:00,17.2,92.9,40.0,996.0,13.0,35.0,162,40.0,0.0,2017,4,16,6,0
2017104N08085,2017,MAARUTHA,2017-04-16 09:00:00+00:00,17.7,93.2,40.0,996.0,11.0,35.0,129,40.0,0.0,2017,4,16,9,0
2017104N08085,2017,MAARUTHA,2017-04-16 12:00:00+00:00,18.1,93.6,40.0,996.0,10.0,40.0,74,40.0,0.0,2017,4,16,12,0
2017104N08085,2017,MAARUTHA,2017-04-16 15:00:00+00:00,18.5,93.9,40.0,996.0,9.0,40.0,33,40.0,0.0,2017,4,16,15,0
2017104N08085,2017,MAARUTHA,2017-04-16 18:00:00+00:00,18.8,94.3,40.0,996.0,13.0,45.0,0,40.0,0.0,2017,4,16,18,0
2017104N08085,2017,MAARUTHA,2017-04-16 21:00:00+00:00,19.3,94.8,30.0,1000.0,15.0,45.0,0,40.0,-10.0,2017,4,16,21,0
2017147N14087,2017,MORA,2017-05-28 00:00:00+00:00,14.2,89.7,25.0,998.0,8.0,40.0,523,35.0,0.0,2017,5,28,0,0
2017147N14087,2017,MORA,2017-05-28 03:00:00+00:00,14.7,90.1,25.0,998.0,11.0,40.0,463,25.0,0.0,2017,5,28,3,0
2017147N14087,2017,MORA,2017-05-28 06:00:00+00:00,15.1,90.5,25.0,997.0,10.0,35.0,409,25.0,0.0,2017,5,28,6,1
2017147N14087,2017,MORA,2017-05-28 09:00:00+00:00,15.5,90.7,30.0,996.0,7.0,30.0,378,25.0,5.0,2017,5,28,9,0
2017147N14087,2017,MORA,2017-05-28 12:00:00+00:00,15.8,90.9,30.0,995.0,6.0,25.0,353,30.0,0.0,2017,5,28,12,1
2017147N14087,2017,MORA,2017-05-28 15:00:00+00:00,16.0,91.0,35.0,994.0,6.0,25.0,342,30.0,5.0,2017,5,28,15,0
2017147N14087,2017,MORA,2017-05-28 18:00:00+00:00,16.3,91.1,35.0,994.0,6.0,15.0,332,35.0,0.0,2017,5,28,18,1
2017147N14087,2017,MORA,2017-05-28 21:00:00+00:00,16.6,91.2,40.0,992.0,7.0,10.0,327,35.0,5.0,2017,5,28,21,1
2017147N14087,2017,MORA,2017-05-29 00:00:00+00:00,17.0,91.3,45.0,990.0,7.0,10.0,324,40.0,5.0,2017,5,29,0,0
2017147N14087,2017,MORA,2017-05-29 03:00:00+00:00,17.3,91.3,45.0,990.0,8.0,15.0,317,45.0,0.0,2017,5,29,3,0
2017147N14087,2017,MORA,2017-05-29 06:00:00+00:00,17.8,91.5,45.0,988.0,10.0,15.0,268,45.0,0.0,2017,5,29,6,0
2017147N14087,2017,MORA,2017-05-29 09:00:00+00:00,18.2,91.6,45.0,986.0,9.0,10.0,238,45.0,0.0,2017,5,29,9,1
2017147N14087,2017,MORA,2017-05-29 12:00:00+00:00,18.7,91.6,50.0,984.0,8.0,5.0,207,45.0,5.0,2017,5,29,12,1
2017147N14087,2017,MORA,2017-05-29 15:00:00+00:00,19.0,91.6,55.0,980.0,12.0,0.0,183,50.0,5.0,2017,5,29,15,0
2017147N14087,2017,MORA,2017-05-29 18:00:00+00:00,19.8,91.7,55.0,980.0,13.0,5.0,113,55.0,0.0,2017,5,29,18,1
2017147N14087,2017,MORA,2017-05-29 21:00:00+00:00,20.3,91.7,60.0,978.0,12.0,10.0,85,55.0,5.0,2017,5,29,21,0
2017147N14087,2017,MORA,2017-05-30 00:00:00+00:00,21.0,91.9,60.0,978.0,17.0,10.0,30,60.0,0.0,2017,5,30,0,0
2017147N14087,2017,MORA,2017-05-30 03:00:00+00:00,21.9,92.0,60.0,978.0,20.0,0.0,0,60.0,0.0,2017,5,30,3,0
2017147N14087,2017,MORA,2017-05-30 06:00:00+00:00,23.0,92.0,55.0,982.0,20.0,5.0,0,60.0,-5.0,2017,5,30,6,0
2017147N14087,2017,MORA,2017-05-30 09:00:00+00:00,23.9,92.2,40.0,988.0,17.0,10.0,0,55.0,-15.0,2017,5,30,9,0
2017147N14087,2017,MORA,2017-05-30 12:00:00+00:00,24.7,92.4,30.0,990.0,13.0,15.0,0,40.0,-10.0,2017,5,30,12,0
2017163N20090,2017,UNNAMED,2017-06-11 12:00:00+00:00,20.5,89.5,25.0,990.0,11.0,25.0,129,35.0,0.0,2017,6,11,12,0
2017163N20090,2017,UNNAMED,2017-06-11 18:00:00+00:00,21.5,90.0,25.0,988.0,11.0,30.0,35,25.0,0.0,2017,6,11,18,1
2017163N20090,2017,UNNAMED,2017-06-12 00:00:00+00:00,22.5,90.5,30.0,988.0,10.0,10.0,0,25.0,5.0,2017,6,12,0,0
2017163N20090,2017,UNNAMED,2017-06-12 03:00:00+00:00,23.0,90.5,30.0,990.0,10.0,10.0,0,30.0,0.0,2017,6,12,3,0
2017163N20090,2017,UNNAMED,2017-06-12 06:00:00+00:00,23.5,90.7,30.0,990.0,9.0,20.0,0,30.0,0.0,2017,6,12,6,0
2017163N20090,2017,UNNAMED,2017-06-12 12:00:00+00:00,24.0,91.0,30.0,990.0,6.0,40.0,0,30.0,0.0,2017,6,12,12,0
2017199N19086,2017,UNNAMED,2017-07-18 00:00:00+00:00,19.0,86.0,25.0,992.0,0.0,0.0,91,35.0,0.0,2017,7,18,0,0
2017199N19086,2017,UNNAMED,2017-07-18 03:00:00+00:00,19.0,86.0,25.0,992.0,7.0,315.0,91,25.0,0.0,2017,7,18,3,0
2017199N19086,2017,UNNAMED,2017-07-18 06:00:00+00:00,19.5,85.5,25.0,992.0,10.0,320.0,15,25.0,0.0,2017,7,18,6,0
2017199N19086,2017,UNNAMED,2017-07-18 12:00:00+00:00,19.9,85.3,25.0,992.0,1.0,0.0,0,25.0,0.0,2017,7,18,12,0
2017199N19086,2017,UNNAMED,2017-07-18 18:00:00+00:00,19.9,85.3,25.0,994.0,1.0,350.0,0,25.0,0.0,2017,7,18,18,0
2017207N24085,2017,UNNAMED,2017-07-26 00:00:00+00:00,24.0,85.0,25.0,993.0,0.0,0.0,0,35.0,0.0,2017,7,26,0,0
2017207N24085,2017,UNNAMED,2017-07-26 03:00:00+00:00,24.0,85.0,25.0,994.0,0.0,0.0,0,25.0,0.0,2017,7,26,3,0
2017207N24085,2017,UNNAMED,2017-07-26 06:00:00+00:00,24.0,85.0,25.0,994.0,0.0,0.0,0,25.0,0.0,2017,7,26,6,0
2017207N24085,2017,UNNAMED,2017-07-26 12:00:00+00:00,24.0,85.0,20.0,994.0,0.0,0.0,0,25.0,-5.0,2017,7,26,12,0
2017207N24085,2017,UNNAMED,2017-07-26 18:00:00+00:00,24.0,85.0,20.0,995.0,0.0,0.0,0,20.0,0.0,2017,7,26,18,0
2017232N19130,2017,HATO,2017-08-20 12:00:00+00:00,19.6,126.7,35.0,998.0,8.0,275.0,481,35.0,0.0,2017,8,20,12,0
2017232N19130,2017,HATO,2017-08-20 18:00:00+00:00,19.8,125.9,35.0,996.0,7.0,290.0,409,35.0,0.0,2017,8,20,18,0
2017232N19130,2017,HATO,2017-08-21 00:00:00+00:00,20.1,125.1,35.0,994.0,9.0,290.0,350,35.0,0.0,2017,8,21,0,0
2017232N19130,2017,HATO,2017-08-21 06:00:00+00:00,20.3,124.1,35.0,994.0,10.0,275.0,284,35.0,0.0,2017,8,21,6,1
2017232N19130,2017,HATO,2017-08-21 12:00:00+00:00,20.3,122.9,40.0,990.0,14.0,265.0,221,35.0,5.0,2017,8,21,12,0
2017232N19130,2017,HATO,2017-08-21 18:00:00+00:00,20.1,121.3,40.0,990.0,14.0,270.0,172,40.0,0.0,2017,8,21,18,1
2017232N19130,2017,HATO,2017-08-22 00:00:00+00:00,20.3,120.0,45.0,985.0,12.0,280.0,193,40.0,5.0,2017,8,22,0,1
2017232N19130,2017,HATO,2017-08-22 06:00:00+00:00,20.4,118.7,60.0,975.0,13.0,275.0,266,45.0,15.0,2017,8,22,6,0
2017232N19130,2017,HATO,2017-08-22 12:00:00+00:00,20.6,117.3,60.0,975.0,13.0,285.0,270,60.0,0.0,2017,8,22,12,1
2017232N19130,2017,HATO,2017-08-22 18:00:00+00:00,21.0,116.0,65.0,970.0,14.0,290.0,191,60.0,5.0,2017,8,22,18,1
2017232N19130,2017,HATO,2017-08-23 00:00:00+00:00,21.5,114.5,75.0,965.0,16.0,295.0,91,65.0,10.0,2017,8,23,0,0
2017232N19130,2017,HATO,2017-08-23 06:00:00+00:00,22.2,112.9,75.0,965.0,17.0,290.0,0,75.0,0.0,2017,8,23,6,0
2017232N19130,2017,HATO,2017-08-23 12:00:00+00:00,22.7,110.9,50.0,985.0,18.0,285.0,0,75.0,-25.0,2017,8,23,12,0
2017232N19130,2017,HATO,2017-08-23 18:00:00+00:00,23.1,109.1,40.0,994.0,16.0,285.0,0,50.0,-10.0,2017,8,23,18,0
2017232N19130,2017,HATO,2017-08-24 00:00:00+00:00,23.4,107.6,35.0,996.0,14.0,280.0,0,40.0,-5.0,2017,8,24,0,0
2017282N22088,2017,UNNAMED,2017-10-09 00:00:00+00:00,22.4,88.4,25.0,996.0,2.0,0.0,0,35.0,0.0,2017,10,9,0,1
2017282N22088,2017,UNNAMED,2017-10-09 03:00:00+00:00,22.5,88.4,30.0,996.0,2.0,335.0,0,25.0,5.0,2017,10,9,3,0
2017282N22088,2017,UNNAMED,2017-10-09 06:00:00+00:00,22.6,88.3,30.0,996.0,3.0,325.0,0,30.0,0.0,2017,10,9,6,0
2017282N22088,2017,UNNAMED,2017-10-09 12:00:00+00:00,22.9,88.1,30.0,997.0,3.0,325.0,0,30.0,0.0,2017,10,9,12,0
2017282N22088,2017,UNNAMED,2017-10-09 18:00:00+00:00,23.1,87.8,30.0,997.0,5.0,280.0,0,30.0,0.0,2017,10,9,18,0
2017282N22088,2017,UNNAMED,2017-10-10 00:00:00+00:00,23.2,87.1,30.0,998.0,8.0,300.0,0,30.0,0.0,2017,10,10,0,0
2017282N22088,2017,UNNAMED,2017-10-10 03:00:00+00:00,23.5,86.7,30.0,1000.0,8.0,325.0,0,30.0,0.0,2017,10,10,3,0
2017292N17087,2017,UNNAMED,2017-10-19 00:00:00+00:00,16.5,86.5,25.0,999.0,6.0,0.0,323,35.0,0.0,2017,10,19,0,0
2017292N17087,2017,UNNAMED,2017-10-19 03:00:00+00:00,16.8,86.5,25.0,998.0,8.0,345.0,300,25.0,0.0,2017,10,19,3,0
2017292N17087,2017,UNNAMED,2017-10-19 06:00:00+00:00,17.3,86.3,25.0,998.0,17.0,355.0,245,25.0,0.0,2017,10,19,6,0
2017319N15083,2017,UNNAMED,2017-11-15 03:00:00+00:00,15.0,83.0,25.0,1004.0,10.0,0.0,193,35.0,0.0,2017,11,15,3,0
2017319N15083,2017,UNNAMED,2017-11-15 06:00:00+00:00,15.5,83.0,25.0,1004.0,9.0,5.0,144,25.0,0.0,2017,11,15,6,0
2017319N15083,2017,UNNAMED,2017-11-15 12:00:00+00:00,16.2,83.3,25.0,1001.0,9.0,30.0,115,25.0,0.0,2017,11,15,12,0
2017319N15083,2017,UNNAMED,2017-11-15 18:00:00+00:00,17.0,83.8,25.0,1002.0,8.0,30.0,92,25.0,0.0,2017,11,15,18,0
2017319N15083,2017,UNNAMED,2017-11-16 00:00:00+00:00,17.5,84.1,25.0,1004.0,5.0,40.0,77,25.0,0.0,2017,11,16,0,0
2017319N15083,2017,UNNAMED,2017-11-16 03:00:00+00:00,17.7,84.3,25.0,1004.0,3.0,45.0,70,25.0,0.0,2017,11,16,3,0
2017319N15083,2017,UNNAMED,2017-11-16 06:00:00+00:00,17.7,84.3,25.0,1004.0,3.0,60.0,70,25.0,0.0,2017,11,16,6,0
2017319N15083,2017,UNNAMED,2017-11-16 12:00:00+00:00,18.1,85.0,25.0,1004.0,8.0,55.0,84,25.0,0.0,2017,11,16,12,0
2017319N15083,2017,UNNAMED,2017-11-16 18:00:00+00:00,18.5,85.5,25.0,1004.0,4.0,50.0,100,25.0,0.0,2017,11,16,18,0
2017319N15083,2017,UNNAMED,2017-11-17 00:00:00+00:00,18.8,85.8,25.0,1004.0,12.0,35.0,98,25.0,0.0,2017,11,17,0,0
2017333N06082,2017,OCKHI,2017-11-29 03:00:00+00:00,6.0,81.4,25.0,1004.0,10.0,280.0,24,35.0,0.0,2017,11,29,3,0
2017333N06082,2017,OCKHI,2017-11-29 06:00:00+00:00,6.1,80.7,25.0,1004.0,13.0,275.0,0,25.0,0.0,2017,11,29,6,0
2017333N06082,2017,OCKHI,2017-11-29 12:00:00+00:00,6.2,79.9,25.0,1002.0,7.0,285.0,22,25.0,0.0,2017,11,29,12,0
2017333N06082,2017,OCKHI,2017-11-29 18:00:00+00:00,6.5,79.0,25.0,1002.0,10.0,295.0,105,25.0,0.0,2017,11,29,18,1
2017333N06082,2017,OCKHI,2017-11-29 21:00:00+00:00,6.7,78.5,30.0,1001.0,10.0,295.0,155,25.0,5.0,2017,11,29,21,0
2017333N06082,2017,OCKHI,2017-11-30 00:00:00+00:00,7.0,78.1,30.0,1000.0,14.0,305.0,139,30.0,0.0,2017,11,30,0,1
2017333N06082,2017,OCKHI,2017-11-30 03:00:00+00:00,7.5,77.4,35.0,999.0,16.0,300.0,67,30.0,5.0,2017,11,30,3,1
2017333N06082,2017,OCKHI,2017-11-30 06:00:00+00:00,7.8,76.8,40.0,998.0,12.0,290.0,62,35.0,5.0,2017,11,30,6,1
2017333N06082,2017,OCKHI,2017-11-30 09:00:00+00:00,7.9,76.3,45.0,996.0,10.0,290.0,94,40.0,5.0,2017,11,30,9,0
2017333N06082,2017,OCKHI,2017-11-30 12:00:00+00:00,8.2,75.8,45.0,996.0,10.0,290.0,109,45.0,0.0,2017,11,30,12,0
2017333N06082,2017,OCKHI,2017-11-30 15:00:00+00:00,8.3,75.4,45.0,996.0,10.0,290.0,138,45.0,0.0,2017,11,30,15,0
2017333N06082,2017,OCKHI,2017-11-30 18:00:00+00:00,8.5,74.9,45.0,994.0,9.0,290.0,181,45.0,0.0,2017,11,30,18,0
2017333N06082,2017,OCKHI,2017-11-30 21:00:00+00:00,8.6,74.5,45.0,994.0,8.0,290.0,217,45.0,0.0,2017,11,30,21,1
2017333N06082,2017,OCKHI,2017-12-01 00:00:00+00:00,8.8,74.1,50.0,992.0,8.0,285.0,250,45.0,5.0,2017,12,1,0,1
2017333N06082,2017,OCKHI,2017-12-01 03:00:00+00:00,8.8,73.8,55.0,990.0,8.0,280.0,282,50.0,5.0,2017,12,1,3,1
2017333N06082,2017,OCKHI,2017-12-01 06:00:00+00:00,8.9,73.4,60.0,989.0,8.0,280.0,323,55.0,5.0,2017,12,1,6,1
2017333N06082,2017,OCKHI,2017-12-01 09:00:00+00:00,8.9,73.0,65.0,988.0,6.0,280.0,366,60.0,5.0,2017,12,1,9,0
2017333N06082,2017,OCKHI,2017-12-01 12:00:00+00:00,9.0,72.8,65.0,986.0,5.0,280.0,387,65.0,0.0,2017,12,1,12,0
2017333N06082,2017,OCKHI,2017-12-01 15:00:00+00:00,9.1,72.5,65.0,984.0,7.0,280.0,418,65.0,0.0,2017,12,1,15,1
2017333N06082,2017,OCKHI,2017-12-01 18:00:00+00:00,9.2,72.1,70.0,982.0,7.0,290.0,453,65.0,5.0,2017,12,1,18,1
2017333N06082,2017,OCKHI,2017-12-01 21:00:00+00:00,9.3,71.8,75.0,980.0,7.0,295.0,479,70.0,5.0,2017,12,1,21,1
2017333N06082,2017,OCKHI,2017-12-02 00:00:00+00:00,9.5,71.5,80.0,978.0,7.0,300.0,491,75.0,5.0,2017,12,2,0,0
2017333N06082,2017,OCKHI,2017-12-02 03:00:00+00:00,9.6,71.2,80.0,978.0,6.0,305.0,513,80.0,0.0,2017,12,2,3,1
2017333N06082,2017,OCKHI,2017-12-02 06:00:00+00:00,9.8,71.0,85.0,976.0,8.0,310.0,520,80.0,5.0,2017,12,2,6,0
2017333N06082,2017,OCKHI,2017-12-02 09:00:00+00:00,10.2,70.6,85.0,976.0,10.0,315.0,539,85.0,0.0,2017,12,2,9,0
2017333N06082,2017,OCKHI,2017-12-02 12:00:00+00:00,10.5,70.3,85.0,976.0,9.0,315.0,553,85.0,0.0,2017,12,2,12,0
2017333N06082,2017,OCKHI,2017-12-02 15:00:00+00:00,10.7,70.0,85.0,976.0,8.0,315.0,573,85.0,0.0,2017,12,2,15,0
2017333N06082,2017,OCKHI,2017-12-02 18:00:00+00:00,11.0,69.7,85.0,976.0,7.0,315.0,590,85.0,0.0,2017,12,2,18,0
2017333N06082,2017,OCKHI,2017-12-02 21:00:00+00:00,11.2,69.5,85.0,976.0,7.0,320.0,604,85.0,0.0,2017,12,2,21,0
2017333N06082,2017,OCKHI,2017-12-03 00:00:00+00:00,11.5,69.3,85.0,976.0,8.0,330.0,615,85.0,0.0,2017,12,3,0,0
2017333N06082,2017,OCKHI,2017-12-03 03:00:00+00:00,11.9,69.0,80.0,977.0,8.0,335.0,638,85.0,-5.0,2017,12,3,3,0
2017333N06082,2017,OCKHI,2017-12-03 06:00:00+00:00,12.2,68.9,75.0,978.0,6.0,335.0,630,80.0,-5.0,2017,12,3,6,0
2017333N06082,2017,OCKHI,2017-12-03 09:00:00+00:00,12.4,68.8,75.0,980.0,7.0,345.0,628,75.0,0.0,2017,12,3,9,0
2017333N06082,2017,OCKHI,2017-12-03 12:00:00+00:00,12.9,68.7,75.0,982.0,7.0,345.0,612,75.0,0.0,2017,12,3,12,0
2017333N06082,2017,OCKHI,2017-12-03 15:00:00+00:00,13.1,68.6,75.0,982.0,7.0,345.0,614,75.0,0.0,2017,12,3,15,0
2017333N06082,2017,OCKHI,2017-12-03 18:00:00+00:00,13.5,68.5,75.0,982.0,8.0,350.0,607,75.0,0.0,2017,12,3,18,0
2017333N06082,2017,OCKHI,2017-12-03 21:00:00+00:00,13.9,68.5,75.0,982.0,8.0,0.0,590,75.0,0.0,2017,12,3,21,0
2017333N06082,2017,OCKHI,2017-12-04 00:00:00+00:00,14.3,68.5,70.0,984.0,6.0,5.0,570,75.0,-5.0,2017,12,4,0,0
2017333N06082,2017,OCKHI,2017-12-04 03:00:00+00:00,14.5,68.5,65.0,986.0,5.0,20.0,561,70.0,-5.0,2017,12,4,3,0
2017333N06082,2017,OCKHI,2017-12-04 06:00:00+00:00,14.8,68.7,65.0,986.0,7.0,35.0,528,65.0,0.0,2017,12,4,6,0
2017333N06082,2017,OCKHI,2017-12-04 09:00:00+00:00,15.1,69.0,65.0,986.0,9.0,30.0,486,65.0,0.0,2017,12,4,9,0
2017333N06082,2017,OCKHI,2017-12-04 12:00:00+00:00,15.6,69.2,60.0,988.0,11.0,30.0,449,65.0,-5.0,2017,12,4,12,0
2017333N06082,2017,OCKHI,2017-12-04 15:00:00+00:00,16.1,69.5,60.0,988.0,12.0,35.0,408,60.0,0.0,2017,12,4,15,0
2017333N06082,2017,OCKHI,2017-12-04 18:00:00+00:00,16.6,69.9,55.0,990.0,12.0,35.0,358,60.0,-5.0,2017,12,4,18,0
2017333N06082,2017,OCKHI,2017-12-04 21:00:00+00:00,17.0,70.3,55.0,992.0,12.0,35.0,304,55.0,0.0,2017,12,4,21,0
2017333N06082,2017,OCKHI,2017-12-05 00:00:00+00:00,17.5,70.7,50.0,994.0,11.0,40.0,245,55.0,-5.0,2017,12,5,0,0
2017333N06082,2017,OCKHI,2017-12-05 03:00:00+00:00,17.9,71.0,45.0,996.0,9.0,40.0,203,50.0,-5.0,2017,12,5,3,0
2017333N06082,2017,OCKHI,2017-12-05 06:00:00+00:00,18.2,71.2,40.0,998.0,6.0,40.0,179,45.0,-5.0,2017,12,5,6,0
2017333N06082,2017,OCKHI,2017-12-05 09:00:00+00:00,18.3,71.4,30.0,1000.0,4.0,40.0,158,40.0,-10.0,2017,12,5,9,0
2017333N06082,2017,OCKHI,2017-12-05 12:00:00+00:00,18.5,71.5,30.0,1002.0,5.0,25.0,144,30.0,0.0,2017,12,5,12,0
2017333N06082,2017,OCKHI,2017-12-05 15:00:00+00:00,18.8,71.6,25.0,1003.0,8.0,30.0,126,30.0,-5.0,2017,12,5,15,0
2017340N09089,2017,UNNAMED,2017-12-06 03:00:00+00:00,8.5,88.5,25.0,1004.0,7.0,325.0,745,35.0,0.0,2017,12,6,3,0
2017340N09089,2017,UNNAMED,2017-12-06 06:00:00+00:00,8.8,88.3,25.0,1004.0,9.0,335.0,728,25.0,0.0,2017,12,6,6,0
2017340N09089,2017,UNNAMED,2017-12-06 12:00:00+00:00,9.8,88.0,25.0,1004.0,6.0,345.0,725,25.0,0.0,2017,12,6,12,0
2017340N09089,2017,UNNAMED,2017-12-06 18:00:00+00:00,10.0,88.0,25.0,1004.0,5.0,0.0,732,25.0,0.0,2017,12,6,18,0
2017340N09089,2017,UNNAMED,2017-12-07 00:00:00+00:00,11.1,88.0,25.0,1004.0,16.0,0.0,783,25.0,0.0,2017,12,7,0,0
2017340N09089,2017,UNNAMED,2017-12-07 03:00:00+00:00,12.0,88.0,25.0,1004.0,11.0,355.0,801,25.0,0.0,2017,12,7,3,0
2017340N09089,2017,UNNAMED,2017-12-07 06:00:00+00:00,12.2,87.9,25.0,1004.0,5.0,335.0,778,25.0,0.0,2017,12,7,6,0
2017340N09089,2017,UNNAMED,2017-12-07 12:00:00+00:00,12.8,87.7,25.0,1004.0,6.0,350.0,720,25.0,0.0,2017,12,7,12,0
2017340N09089,2017,UNNAMED,2017-12-07 18:00:00+00:00,13.4,87.6,25.0,1004.0,8.0,335.0,664,25.0,0.0,2017,12,7,18,1
2017340N09089,2017,UNNAMED,2017-12-08 00:00:00+00:00,14.3,87.0,30.0,1002.0,13.0,340.0,544,25.0,5.0,2017,12,8,0,0
2017340N09089,2017,UNNAMED,2017-12-08 03:00:00+00:00,15.0,86.8,30.0,1002.0,16.0,345.0,468,30.0,0.0,2017,12,8,3,0
2017340N09089,2017,UNNAMED,2017-12-08 06:00:00+00:00,15.8,86.6,30.0,1002.0,15.0,345.0,385,30.0,0.0,2017,12,8,6,0
2017340N09089,2017,UNNAMED,2017-12-08 12:00:00+00:00,17.0,86.3,30.0,1002.0,11.0,355.0,269,30.0,0.0,2017,12,8,12,0
2017340N09089,2017,UNNAMED,2017-12-08 18:00:00+00:00,18.1,86.4,25.0,1004.0,8.0,5.0,198,30.0,-5.0,2017,12,8,18,0
2017340N09089,2017,UNNAMED,2017-12-09 00:00:00+00:00,18.7,86.5,25.0,1004.0,5.0,35.0,140,25.0,0.0,2017,12,9,0,0
2017340N09089,2017,UNNAMED,2017-12-09 03:00:00+00:00,18.8,86.7,25.0,1004.0,5.0,45.0,137,25.0,0.0,2017,12,9,3,0
2018072N05076,2018,UNNAMED,2018-03-13 03:00:00+00:00,5.0,76.0,25.0,1006.0,11.0,340.0,375,35.0,0.0,2018,3,13,3,0
2018072N05076,2018,UNNAMED,2018-03-13 06:00:00+00:00,5.5,75.8,25.0,1006.0,12.0,330.0,335,25.0,0.0,2018,3,13,6,0
2018072N05076,2018,UNNAMED,2018-03-13 12:00:00+00:00,6.5,75.0,25.0,1006.0,8.0,320.0,306,25.0,0.0,2018,3,13,12,0
2018072N05076,2018,UNNAMED,2018-03-13 18:00:00+00:00,6.7,74.8,25.0,1006.0,2.0,310.0,306,25.0,0.0,2018,3,13,18,0
2018072N05076,2018,UNNAMED,2018-03-14 00:00:00+00:00,7.0,74.5,25.0,1006.0,10.0,315.0,306,25.0,0.0,2018,3,14,0,0
2018072N05076,2018,UNNAMED,2018-03-14 03:00:00+00:00,7.5,74.0,25.0,1006.0,14.0,315.0,316,25.0,0.0,2018,3,14,3,0
2018072N05076,2018,UNNAMED,2018-03-14 06:00:00+00:00,8.0,73.5,25.0,1006.0,13.0,315.0,345,25.0,0.0,2018,3,14,6,0
2018072N05076,2018,UNNAMED,2018-03-14 12:00:00+00:00,8.7,72.8,25.0,1006.0,7.0,320.0,392,25.0,0.0,2018,3,14,12,0
2018136N11054,2018,SAGAR,2018-05-16 12:00:00+00:00,13.1,50.5,25.0,1001.0,11.0,280.0,134,35.0,0.0,2018,5,16,12,1
2018136N11054,2018,SAGAR,2018-05-16 18:00:00+00:00,13.2,49.7,30.0,1001.0,6.0,275.0,140,25.0,5.0,2018,5,16,18,0
2018136N11054,2018,SAGAR,2018-05-17 00:00:00+00:00,13.2,49.2,30.0,999.0,5.0,270.0,104,30.0,0.0,2018,5,17,0,1
2018136N11054,2018,SAGAR,2018-05-17 03:00:00+00:00,13.2,48.9,35.0,997.0,5.0,260.0,92,30.0,5.0,2018,5,17,3,0
2018136N11054,2018,SAGAR,2018-05-17 06:00:00+00:00,13.1,48.7,35.0,997.0,5.0,255.0,100,35.0,0.0,2018,5,17,6,0
2018136N11054,2018,SAGAR,2018-05-17 09:00:00+00:00,13.1,48.4,35.0,997.0,5.0,260.0,100,35.0,0.0,2018,5,17,9,1
2018136N11054,2018,SAGAR,2018-05-17 12:00:00+00:00,13.0,48.1,40.0,996.0,8.0,255.0,99,35.0,5.0,2018,5,17,12,0
2018136N11054,2018,SAGAR,2018-05-17 15:00:00+00:00,12.9,47.7,40.0,996.0,9.0,245.0,84,40.0,0.0,2018,5,17,15,0
2018136N11054,2018,SAGAR,2018-05-17 18:00:00+00:00,12.6,47.3,40.0,996.0,9.0,240.0,105,40.0,0.0,2018,5,17,18,0
2018136N11054,2018,SAGAR,2018-05-17 21:00:00+00:00,12.4,46.9,40.0,996.0,9.0,240.0,114,40.0,0.0,2018,5,17,21,1
2018136N11054,2018,SAGAR,2018-05-18 00:00:00+00:00,12.2,46.5,45.0,996.0,8.0,240.0,134,40.0,5.0,2018,5,18,0,0
2018136N11054,2018,SAGAR,2018-05-18 03:00:00+00:00,12.0,46.2,45.0,994.0,6.0,240.0,134,45.0,0.0,2018,5,18,3,0
2018136N11054,2018,SAGAR,2018-05-18 06:00:00+00:00,11.9,46.0,45.0,994.0,6.0,245.0,123,45.0,0.0,2018,5,18,6,0
2018136N11054,2018,SAGAR,2018-05-18 09:00:00+00:00,11.7,45.6,45.0,994.0,5.0,235.0,101,45.0,0.0,2018,5,18,9,0
2018136N11054,2018,SAGAR,2018-05-18 12:00:00+00:00,11.5,45.5,45.0,994.0,5.0,225.0,92,45.0,0.0,2018,5,18,12,0
2018136N11054,2018,SAGAR,2018-05-18 15:00:00+00:00,11.4,45.3,45.0,994.0,5.0,230.0,80,45.0,0.0,2018,5,18,15,0
2018136N11054,2018,SAGAR,2018-05-18 18:00:00+00:00,11.3,45.1,45.0,994.0,4.0,235.0,80,45.0,0.0,2018,5,18,18,0
2018136N11054,2018,SAGAR,2018-05-18 21:00:00+00:00,11.1,45.0,45.0,994.0,4.0,235.0,70,45.0,0.0,2018,5,18,21,0
2018136N11054,2018,SAGAR,2018-05-19 00:00:00+00:00,11.0,44.8,45.0,994.0,6.0,240.0,70,45.0,0.0,2018,5,19,0,0
2018136N11054,2018,SAGAR,2018-05-19 03:00:00+00:00,10.8,44.5,45.0,994.0,6.0,240.0,49,45.0,0.0,2018,5,19,3,0
2018136N11054,2018,SAGAR,2018-05-19 06:00:00+00:00,10.7,44.2,40.0,996.0,5.0,235.0,24,45.0,-5.0,2018,5,19,6,0
2018136N11054,2018,SAGAR,2018-05-19 09:00:00+00:00,10.5,44.0,40.0,998.0,6.0,230.0,0,40.0,0.0,2018,5,19,9,0
2018136N11054,2018,SAGAR,2018-05-19 12:00:00+00:00,10.4,43.8,35.0,1000.0,5.0,235.0,0,40.0,-5.0,2018,5,19,12,0
2018136N11054,2018,SAGAR,2018-05-19 18:00:00+00:00,10.1,43.4,30.0,1001.0,5.0,240.0,0,35.0,-5.0,2018,5,19,18,0
2018141N08059,2018,MEKUNU,2018-05-21 12:00:00+00:00,8.4,58.3,25.0,1004.0,5.0,325.0,627,35.0,0.0,2018,5,21,12,0
2018141N08059,2018,MEKUNU,2018-05-21 18:00:00+00:00,8.7,57.9,25.0,1003.0,5.0,310.0,573,25.0,0.0,2018,5,21,18,0
2018141N08059,2018,MEKUNU,2018-05-22 00:00:00+00:00,9.1,57.5,25.0,1002.0,6.0,315.0,511,25.0,0.0,2018,5,22,0,1
2018141N08059,2018,MEKUNU,2018-05-22 03:00:00+00:00,9.3,57.3,30.0,1001.0,6.0,320.0,479,25.0,5.0,2018,5,22,3,0
2018141N08059,2018,MEKUNU,2018-05-22 06:00:00+00:00,9.6,57.1,30.0,1000.0,7.0,330.0,439,30.0,0.0,2018,5,22,6,1
2018141N08059,2018,MEKUNU,2018-05-22 12:00:00+00:00,10.2,56.8,35.0,998.0,7.0,335.0,367,30.0,5.0,2018,5,22,12,0
2018141N08059,2018,MEKUNU,2018-05-22 15:00:00+00:00,10.5,56.6,35.0,998.0,6.0,320.0,328,35.0,0.0,2018,5,22,15,1
2018141N08059,2018,MEKUNU,2018-05-22 18:00:00+00:00,10.7,56.4,40.0,996.0,5.0,305.0,296,35.0,5.0,2018,5,22,18,0
2018141N08059,2018,MEKUNU,2018-05-22 21:00:00+00:00,10.8,56.2,40.0,996.0,5.0,310.0,273,40.0,0.0,2018,5,22,21,1
2018141N08059,2018,MEKUNU,2018-05-23 00:00:00+00:00,11.0,56.1,45.0,994.0,4.0,335.0,249,40.0,5.0,2018,5,23,0,1
2018141N08059,2018,MEKUNU,2018-05-23 03:00:00+00:00,11.2,56.0,55.0,984.0,5.0,0.0,226,45.0,10.0,2018,5,23,3,1
2018141N08059,2018,MEKUNU,2018-05-23 06:00:00+00:00,11.4,56.1,60.0,980.0,6.0,0.0,219,55.0,5.0,2018,5,23,6,1
2018141N08059,2018,MEKUNU,2018-05-23 09:00:00+00:00,11.7,56.0,65.0,978.0,6.0,355.0,191,60.0,5.0,2018,5,23,9,0
2018141N08059,2018,MEKUNU,2018-05-23 12:00:00+00:00,12.0,56.0,65.0,978.0,5.0,350.0,176,65.0,0.0,2018,5,23,12,1
2018141N08059,2018,MEKUNU,2018-05-23 15:00:00+00:00,12.3,55.9,70.0,976.0,6.0,340.0,155,65.0,5.0,2018,5,23,15,0
2018141N08059,2018,MEKUNU,2018-05-23 18:00:00+00:00,12.5,55.8,70.0,976.0,6.0,340.0,141,70.0,0.0,2018,5,23,18,0
2018141N08059,2018,MEKUNU,2018-05-23 21:00:00+00:00,12.8,55.7,70.0,976.0,5.0,345.0,132,70.0,0.0,2018,5,23,21,0
2018141N08059,2018,MEKUNU,2018-05-24 00:00:00+00:00,13.0,55.7,70.0,974.0,6.0,340.0,137,70.0,0.0,2018,5,24,0,1
2018141N08059,2018,MEKUNU,2018-05-24 03:00:00+00:00,13.3,55.5,75.0,972.0,7.0,345.0,133,70.0,5.0,2018,5,24,3,1
2018141N08059,2018,MEKUNU,2018-05-24 06:00:00+00:00,13.7,55.5,80.0,970.0,7.0,345.0,164,75.0,5.0,2018,5,24,6,0
2018141N08059,2018,MEKUNU,2018-05-24 09:00:00+00:00,14.0,55.4,80.0,970.0,6.0,345.0,184,80.0,0.0,2018,5,24,9,0
2018141N08059,2018,MEKUNU,2018-05-24 12:00:00+00:00,14.3,55.3,80.0,970.0,6.0,340.0,209,80.0,0.0,2018,5,24,12,0
2018141N08059,2018,MEKUNU,2018-05-24 15:00:00+00:00,14.6,55.2,80.0,970.0,7.0,325.0,236,80.0,0.0,2018,5,24,15,0
2018141N08059,2018,MEKUNU,2018-05-24 18:00:00+00:00,14.9,54.9,80.0,970.0,6.0,320.0,224,80.0,0.0,2018,5,24,18,0
2018141N08059,2018,MEKUNU,2018-05-24 21:00:00+00:00,15.1,54.7,80.0,970.0,4.0,315.0,201,80.0,0.0,2018,5,24,21,1
2018141N08059,2018,MEKUNU,2018-05-25 00:00:00+00:00,15.2,54.6,85.0,968.0,4.0,335.0,191,80.0,5.0,2018,5,25,0,1
2018141N08059,2018,MEKUNU,2018-05-25 03:00:00+00:00,15.4,54.6,90.0,964.0,6.0,350.0,169,85.0,5.0,2018,5,25,3,0
2018141N08059,2018,MEKUNU,2018-05-25 06:00:00+00:00,15.8,54.5,90.0,964.0,7.0,345.0,127,90.0,0.0,2018,5,25,6,0
2018141N08059,2018,MEKUNU,2018-05-25 09:00:00+00:00,16.1,54.4,90.0,962.0,7.0,340.0,99,90.0,0.0,2018,5,25,9,1
2018141N08059,2018,MEKUNU,2018-05-25 12:00:00+00:00,16.3,54.3,95.0,960.0,5.0,325.0,67,90.0,5.0,2018,5,25,12,0
2018141N08059,2018,MEKUNU,2018-05-25 15:00:00+00:00,16.5,54.1,95.0,960.0,5.0,315.0,49,95.0,0.0,2018,5,25,15,0
2018141N08059,2018,MEKUNU,2018-05-25 18:00:00+00:00,16.7,53.9,95.0,960.0,7.0,320.0,22,95.0,0.0,2018,5,25,18,0
2018141N08059,2018,MEKUNU,2018-05-25 21:00:00+00:00,17.0,53.6,90.0,964.0,6.0,325.0,0,95.0,-5.0,2018,5,25,21,0
2018141N08059,2018,MEKUNU,2018-05-26 00:00:00+00:00,17.2,53.5,75.0,976.0,5.0,335.0,0,90.0,-15.0,2018,5,26,0,0
2018141N08059,2018,MEKUNU,2018-05-26 03:00:00+00:00,17.5,53.4,60.0,986.0,7.0,340.0,0,75.0,-15.0,2018,5,26,3,0
2018141N08059,2018,MEKUNU,2018-05-26 06:00:00+00:00,17.8,53.3,50.0,988.0,8.0,345.0,0,60.0,-10.0,2018,5,26,6,0
2018141N08059,2018,MEKUNU,2018-05-26 09:00:00+00:00,18.2,53.2,45.0,990.0,6.0,340.0,0,50.0,-5.0,2018,5,26,9,0
2018141N08059,2018,MEKUNU,2018-05-26 12:00:00+00:00,18.5,53.1,40.0,992.0,5.0,330.0,0,45.0,-5.0,2018,5,26,12,0
2018141N08059,2018,MEKUNU,2018-05-26 15:00:00+00:00,18.6,52.9,35.0,994.0,4.0,320.0,0,40.0,-5.0,2018,5,26,15,0
2018141N08059,2018,MEKUNU,2018-05-26 18:00:00+00:00,18.8,52.7,30.0,996.0,4.0,310.0,0,35.0,-5.0,2018,5,26,18,0
2018148N17090,2018,UNNAMED,2018-05-29 06:00:00+00:00,18.7,92.5,25.0,998.0,8.0,50.0,130,35.0,0.0,2018,5,29,6,1
2018148N17090,2018,UNNAMED,2018-05-29 12:00:00+00:00,19.4,93.3,30.0,992.0,9.0,50.0,33,25.0,5.0,2018,5,29,12,0
2018148N17090,2018,UNNAMED,2018-05-29 18:00:00+00:00,20.0,94.0,30.0,994.0,14.0,45.0,0,30.0,0.0,2018,5,29,18,0
2018148N17090,2018,UNNAMED,2018-05-30 00:00:00+00:00,21.3,95.4,25.0,996.0,16.0,40.0,0,30.0,-5.0,2018,5,30,0,0
2018161N22092,2018,UNNAMED,2018-06-10 06:00:00+00:00,22.3,91.5,25.0,990.0,4.0,345.0,30,35.0,0.0,2018,6,10,6,0
2018161N22092,2018,UNNAMED,2018-06-10 12:00:00+00:00,22.7,91.4,25.0,988.0,4.0,345.0,10,25.0,0.0,2018,6,10,12,0
2018202N21088,2018,UNNAMED,2018-07-21 03:00:00+00:00,21.0,88.0,25.0,989.0,10.0,325.0,70,35.0,0.0,2018,7,21,3,0
2018202N21088,2018,UNNAMED,2018-07-21 06:00:00+00:00,21.4,87.7,25.0,989.0,6.0,325.0,33,25.0,0.0,2018,7,21,6,1
2018202N21088,2018,UNNAMED,2018-07-21 09:00:00+00:00,21.5,87.6,30.0,988.0,4.0,315.0,22,25.0,5.0,2018,7,21,9,0
2018202N21088,2018,UNNAMED,2018-07-21 12:00:00+00:00,21.7,87.4,30.0,988.0,5.0,315.0,0,30.0,0.0,2018,7,21,12,0
2018202N21088,2018,UNNAMED,2018-07-21 18:00:00+00:00,22.0,87.0,25.0,990.0,3.0,315.0,0,30.0,-5.0,2018,7,21,18,0
2018202N21088,2018,UNNAMED,2018-07-22 00:00:00+00:00,22.2,86.8,25.0,992.0,9.0,305.0,0,25.0,0.0,2018,7,22,0,0
2018202N21088,2018,UNNAMED,2018-07-22 03:00:00+00:00,22.6,86.2,25.0,992.0,8.0,310.0,0,25.0,0.0,2018,7,22,3,0
2018202N21088,2018,UNNAMED,2018-07-22 06:00:00+00:00,22.7,86.1,25.0,992.0,6.0,295.0,0,25.0,0.0,2018,7,22,6,0
2018202N21088,2018,UNNAMED,2018-07-22 12:00:00+00:00,23.0,85.1,25.0,992.0,9.0,295.0,0,25.0,0.0,2018,7,22,12,0
2018202N21088,2018,UNNAMED,2018-07-22 18:00:00+00:00,23.5,84.5,20.0,993.0,7.0,315.0,0,25.0,-5.0,2018,7,22,18,0
2018219N21088,2018,UNNAMED,2018-08-07 09:00:00+00:00,21.5,87.5,25.0,992.0,9.0,270.0,15,35.0,0.0,2018,8,7,9,0
2018219N21088,2018,UNNAMED,2018-08-07 12:00:00+00:00,21.5,87.0,25.0,994.0,9.0,275.0,0,25.0,0.0,2018,8,7,12,0
2018219N21088,2018,UNNAMED,2018-08-07 18:00:00+00:00,21.6,86.0,25.0,995.0,12.0,275.0,0,25.0,0.0,2018,8,7,18,0
2018227N20086,2018,UNNAMED,2018-08-15 03:00:00+00:00,20.0,86.0,25.0,993.0,8.0,285.0,0,35.0,0.0,2018,8,15,3,0
2018227N20086,2018,UNNAMED,2018-08-15 06:00:00+00:00,20.1,85.6,25.0,993.0,7.0,285.0,0,25.0,0.0,2018,8,15,6,0
2018227N20086,2018,UNNAMED,2018-08-15 12:00:00+00:00,20.2,85.0,25.0,993.0,7.0,275.0,0,25.0,0.0,2018,8,15,12,0
2018227N20086,2018,UNNAMED,2018-08-15 18:00:00+00:00,20.3,84.0,25.0,993.0,14.0,275.0,0,25.0,0.0,2018,8,15,18,0
2018227N20086,2018,UNNAMED,2018-08-16 00:00:00+00:00,20.5,82.0,25.0,994.0,19.0,275.0,0,25.0,0.0,2018,8,16,0,0
2018227N20086,2018,UNNAMED,2018-08-16 03:00:00+00:00,20.6,81.0,20.0,994.0,14.0,280.0,0,25.0,-5.0,2018,8,16,3,0
2018227N20086,2018,UNNAMED,2018-08-16 06:00:00+00:00,20.7,80.5,20.0,994.0,15.0,280.0,0,20.0,0.0,2018,8,16,6,0
2018227N20086,2018,UNNAMED,2018-08-16 12:00:00+00:00,21.1,78.3,20.0,994.0,15.0,280.0,0,20.0,0.0,2018,8,16,12,0
2018227N20086,2018,UNNAMED,2018-08-16 18:00:00+00:00,21.2,77.5,20.0,994.0,11.0,285.0,0,20.0,0.0,2018,8,16,18,0
2018249N22088,2018,UNNAMED,2018-09-06 00:00:00+00:00,21.8,88.0,25.0,992.0,2.0,270.0,10,35.0,0.0,2018,9,6,0,1
2018249N22088,2018,UNNAMED,2018-09-06 03:00:00+00:00,21.8,87.9,30.0,990.0,4.0,270.0,0,25.0,5.0,2018,9,6,3,0
2018249N22088,2018,UNNAMED,2018-09-06 06:00:00+00:00,21.8,87.6,30.0,990.0,6.0,265.0,0,30.0,0.0,2018,9,6,6,0
2018249N22088,2018,UNNAMED,2018-09-06 12:00:00+00:00,21.7,86.8,30.0,990.0,7.0,270.0,0,30.0,0.0,2018,9,6,12,0
2018249N22088,2018,UNNAMED,2018-09-06 18:00:00+00:00,21.9,86.0,30.0,990.0,14.0,275.0,0,30.0,0.0,2018,9,6,18,0
2018249N22088,2018,UNNAMED,2018-09-07 00:00:00+00:00,22.2,84.0,25.0,991.0,19.0,300.0,0,30.0,-5.0,2018,9,7,0,0
2018263N17089,2018,DAYE,2018-09-19 15:00:00+00:00,17.2,89.0,25.0,997.0,13.0,275.0,416,35.0,0.0,2018,9,19,15,0
2018263N17089,2018,DAYE,2018-09-19 18:00:00+00:00,17.2,88.3,25.0,996.0,11.0,270.0,371,25.0,0.0,2018,9,19,18,0
2018263N17089,2018,DAYE,2018-09-20 00:00:00+00:00,17.2,87.4,25.0,996.0,7.0,280.0,330,25.0,0.0,2018,9,20,0,1
2018263N17089,2018,DAYE,2018-09-20 03:00:00+00:00,17.3,87.1,30.0,995.0,5.0,315.0,309,25.0,5.0,2018,9,20,3,0
2018263N17089,2018,DAYE,2018-09-20 06:00:00+00:00,17.6,87.0,30.0,995.0,8.0,320.0,274,30.0,0.0,2018,9,20,6,0
2018263N17089,2018,DAYE,2018-09-20 12:00:00+00:00,18.3,86.1,30.0,994.0,11.0,315.0,163,30.0,0.0,2018,9,20,12,1
2018263N17089,2018,DAYE,2018-09-20 15:00:00+00:00,18.6,85.8,35.0,992.0,12.0,310.0,118,30.0,5.0,2018,9,20,15,0
2018263N17089,2018,DAYE,2018-09-20 18:00:00+00:00,19.1,85.2,35.0,992.0,15.0,300.0,38,35.0,0.0,2018,9,20,18,0
2018263N17089,2018,DAYE,2018-09-20 21:00:00+00:00,19.4,84.4,35.0,993.0,17.0,295.0,0,35.0,0.0,2018,9,20,21,0
2018263N17089,2018,DAYE,2018-09-21 00:00:00+00:00,19.8,83.6,30.0,994.0,19.0,290.0,0,35.0,-5.0,2018,9,21,0,0
2018263N17089,2018,DAYE,2018-09-21 03:00:00+00:00,20.1,82.5,30.0,994.0,20.0,290.0,0,30.0,0.0,2018,9,21,3,0
2018263N17089,2018,DAYE,2018-09-21 06:00:00+00:00,20.5,81.5,30.0,995.0,19.0,295.0,0,30.0,0.0,2018,9,21,6,0
2018263N17089,2018,DAYE,2018-09-21 12:00:00+00:00,21.2,80.1,25.0,996.0,12.0,290.0,0,30.0,-5.0,2018,9,21,12,0
2018263N17089,2018,DAYE,2018-09-21 18:00:00+00:00,21.4,78.7,25.0,996.0,17.0,285.0,0,25.0,0.0,2018,9,21,18,0
2018263N17089,2018,DAYE,2018-09-22 00:00:00+00:00,22.3,76.9,25.0,997.0,18.0,310.0,0,25.0,0.0,2018,9,22,0,0
2018263N17089,2018,DAYE,2018-09-22 03:00:00+00:00,22.9,76.3,20.0,998.0,8.0,315.0,0,25.0,-5.0,2018,9,22,3,0
2018279N11069,2018,LUBAN,2018-10-06 09:00:00+00:00,11.0,66.9,25.0,1003.0,3.0,285.0,883,35.0,0.0,2018,10,6,9,0
2018279N11069,2018,LUBAN,2018-10-06 12:00:00+00:00,11.1,66.8,25.0,1002.0,3.0,300.0,890,25.0,0.0,2018,10,6,12,0
2018279N11069,2018,LUBAN,2018-10-06 18:00:00+00:00,11.4,66.4,25.0,1002.0,5.0,300.0,911,25.0,0.0,2018,10,6,18,0
2018279N11069,2018,LUBAN,2018-10-07 00:00:00+00:00,11.5,66.0,25.0,1002.0,6.0,295.0,940,25.0,0.0,2018,10,7,0,0
2018279N11069,2018,LUBAN,2018-10-07 03:00:00+00:00,11.7,65.7,25.0,1002.0,7.0,285.0,965,25.0,0.0,2018,10,7,3,0
2018279N11069,2018,LUBAN,2018-10-07 06:00:00+00:00,11.8,65.3,25.0,1002.0,9.0,280.0,1001,25.0,0.0,2018,10,7,6,1
2018279N11069,2018,LUBAN,2018-10-07 09:00:00+00:00,11.8,64.8,30.0,1001.0,10.0,280.0,1051,25.0,5.0,2018,10,7,9,0
2018279N11069,2018,LUBAN,2018-10-07 12:00:00+00:00,12.0,64.3,30.0,1001.0,9.0,280.0,1048,30.0,0.0,2018,10,7,12,0
2018279N11069,2018,LUBAN,2018-10-07 18:00:00+00:00,12.0,63.5,30.0,1000.0,9.0,270.0,980,30.0,0.0,2018,10,7,18,1
2018279N11069,2018,LUBAN,2018-10-08 00:00:00+00:00,12.1,62.5,35.0,999.0,8.0,275.0,871,30.0,5.0,2018,10,8,0,1
2018279N11069,2018,LUBAN,2018-10-08 03:00:00+00:00,12.1,62.1,40.0,998.0,6.0,280.0,827,35.0,5.0,2018,10,8,3,0
2018279N11069,2018,LUBAN,2018-10-08 06:00:00+00:00,12.2,61.9,40.0,997.0,5.0,290.0,805,40.0,0.0,2018,10,8,6,1
2018279N11069,2018,LUBAN,2018-10-08 09:00:00+00:00,12.3,61.6,45.0,996.0,6.0,290.0,772,40.0,5.0,2018,10,8,9,0
2018279N11069,2018,LUBAN,2018-10-08 12:00:00+00:00,12.4,61.3,45.0,996.0,5.0,290.0,738,45.0,0.0,2018,10,8,12,0
2018279N11069,2018,LUBAN,2018-10-08 15:00:00+00:00,12.5,61.1,45.0,996.0,5.0,295.0,716,45.0,0.0,2018,10,8,15,0
2018279N11069,2018,LUBAN,2018-10-08 18:00:00+00:00,12.6,60.9,45.0,994.0,5.0,295.0,694,45.0,0.0,2018,10,8,18,0
2018279N11069,2018,LUBAN,2018-10-08 21:00:00+00:00,12.7,60.6,45.0,994.0,4.0,305.0,662,45.0,0.0,2018,10,8,21,0
2018279N11069,2018,LUBAN,2018-10-09 00:00:00+00:00,12.8,60.5,45.0,994.0,3.0,320.0,651,45.0,0.0,2018,10,9,0,0
2018279N11069,2018,LUBAN,2018-10-09 03:00:00+00:00,12.9,60.4,45.0,994.0,2.0,325.0,641,45.0,0.0,2018,10,9,3,0
2018279N11069,2018,LUBAN,2018-10-09 06:00:00+00:00,13.0,60.4,45.0,994.0,2.0,325.0,641,45.0,0.0,2018,10,9,6,1
2018279N11069,2018,LUBAN,2018-10-09 09:00:00+00:00,13.1,60.3,50.0,992.0,4.0,305.0,631,45.0,5.0,2018,10,9,9,1
2018279N11069,2018,LUBAN,2018-10-09 12:00:00+00:00,13.2,60.1,55.0,990.0,5.0,305.0,611,50.0,5.0,2018,10,9,12,0
2018279N11069,2018,LUBAN,2018-10-09 15:00:00+00:00,13.4,59.8,55.0,990.0,6.0,310.0,581,55.0,0.0,2018,10,9,15,0
2018279N11069,2018,LUBAN,2018-10-09 18:00:00+00:00,13.6,59.6,55.0,990.0,6.0,305.0,563,55.0,0.0,2018,10,9,18,1
2018279N11069,2018,LUBAN,2018-10-09 21:00:00+00:00,13.7,59.3,60.0,988.0,6.0,315.0,534,55.0,5.0,2018,10,9,21,1
2018279N11069,2018,LUBAN,2018-10-10 00:00:00+00:00,14.0,59.2,65.0,985.0,4.0,325.0,529,60.0,5.0,2018,10,10,0,0
2018279N11069,2018,LUBAN,2018-10-10 03:00:00+00:00,14.1,59.1,65.0,984.0,3.0,315.0,514,65.0,0.0,2018,10,10,3,1
2018279N11069,2018,LUBAN,2018-10-10 06:00:00+00:00,14.2,59.0,75.0,978.0,4.0,310.0,498,65.0,10.0,2018,10,10,6,0
2018279N11069,2018,LUBAN,2018-10-10 09:00:00+00:00,14.4,58.7,75.0,978.0,4.0,300.0,462,75.0,0.0,2018,10,10,9,0
2018279N11069,2018,LUBAN,2018-10-10 12:00:00+00:00,14.4,58.6,75.0,978.0,3.0,290.0,456,75.0,0.0,2018,10,10,12,0
2018279N11069,2018,LUBAN,2018-10-10 15:00:00+00:00,14.5,58.5,75.0,978.0,2.0,295.0,441,75.0,0.0,2018,10,10,15,0
2018279N11069,2018,LUBAN,2018-10-10 18:00:00+00:00,14.5,58.4,75.0,978.0,1.0,285.0,436,75.0,0.0,2018,10,10,18,0
2018279N11069,2018,LUBAN,2018-10-10 21:00:00+00:00,14.5,58.4,75.0,978.0,2.0,280.0,436,75.0,0.0,2018,10,10,21,0
2018279N11069,2018,LUBAN,2018-10-11 00:00:00+00:00,14.6,58.2,75.0,978.0,3.0,260.0,416,75.0,0.0,2018,10,11,0,0
2018279N11069,2018,LUBAN,2018-10-11 03:00:00+00:00,14.4,58.0,70.0,980.0,3.0,245.0,426,75.0,-5.0,2018,10,11,3,0
2018279N11069,2018,LUBAN,2018-10-11 06:00:00+00:00,14.5,57.9,70.0,980.0,2.0,280.0,410,70.0,0.0,2018,10,11,6,0
2018279N11069,2018,LUBAN,2018-10-11 09:00:00+00:00,14.5,57.9,70.0,980.0,1.0,295.0,410,70.0,0.0,2018,10,11,9,0
2018279N11069,2018,LUBAN,2018-10-11 12:00:00+00:00,14.5,57.8,70.0,980.0,1.0,305.0,403,70.0,0.0,2018,10,11,12,0
2018279N11069,2018,LUBAN,2018-10-11 15:00:00+00:00,14.5,57.8,70.0,980.0,1.0,315.0,403,70.0,0.0,2018,10,11,15,0
2018279N11069,2018,LUBAN,2018-10-11 18:00:00+00:00,14.6,57.7,70.0,980.0,2.0,315.0,388,70.0,0.0,2018,10,11,18,0
2018279N11069,2018,LUBAN,2018-10-11 21:00:00+00:00,14.7,57.7,65.0,980.0,1.0,295.0,379,70.0,-5.0,2018,10,11,21,0
2018279N11069,2018,LUBAN,2018-10-12 00:00:00+00:00,14.7,57.6,60.0,984.0,2.0,270.0,372,65.0,-5.0,2018,10,12,0,0
2018279N11069,2018,LUBAN,2018-10-12 03:00:00+00:00,14.6,57.5,55.0,987.0,2.0,270.0,374,60.0,-5.0,2018,10,12,3,0
2018279N11069,2018,LUBAN,2018-10-12 06:00:00+00:00,14.7,57.4,50.0,990.0,3.0,270.0,358,55.0,-5.0,2018,10,12,6,0
2018279N11069,2018,LUBAN,2018-10-12 09:00:00+00:00,14.6,57.2,50.0,990.0,3.0,270.0,354,50.0,0.0,2018,10,12,9,0
2018279N11069,2018,LUBAN,2018-10-12 12:00:00+00:00,14.7,57.0,50.0,991.0,4.0,275.0,333,50.0,0.0,2018,10,12,12,0
2018279N11069,2018,LUBAN,2018-10-12 15:00:00+00:00,14.7,56.8,50.0,992.0,5.0,280.0,321,50.0,0.0,2018,10,12,15,0
2018279N11069,2018,LUBAN,2018-10-12 18:00:00+00:00,14.8,56.5,45.0,994.0,6.0,280.0,293,50.0,-5.0,2018,10,12,18,0
2018279N11069,2018,LUBAN,2018-10-12 21:00:00+00:00,14.8,56.2,45.0,994.0,6.0,270.0,277,45.0,0.0,2018,10,12,21,0
2018279N11069,2018,LUBAN,2018-10-13 00:00:00+00:00,14.8,55.9,45.0,994.0,6.0,270.0,262,45.0,0.0,2018,10,13,0,0
2018279N11069,2018,LUBAN,2018-10-13 03:00:00+00:00,14.8,55.6,40.0,994.0,6.0,280.0,250,45.0,-5.0,2018,10,13,3,0
2018279N11069,2018,LUBAN,2018-10-13 06:00:00+00:00,14.9,55.3,40.0,994.0,7.0,280.0,230,40.0,0.0,2018,10,13,6,0
2018279N11069,2018,LUBAN,2018-10-13 09:00:00+00:00,14.9,54.9,40.0,994.0,7.0,275.0,224,40.0,0.0,2018,10,13,9,0
2018279N11069,2018,LUBAN,2018-10-13 12:00:00+00:00,14.9,54.5,40.0,994.0,8.0,275.0,223,40.0,0.0,2018,10,13,12,0
2018279N11069,2018,LUBAN,2018-10-13 15:00:00+00:00,14.9,54.1,40.0,994.0,8.0,280.0,208,40.0,0.0,2018,10,13,15,0
2018279N11069,2018,LUBAN,2018-10-13 18:00:00+00:00,15.1,53.7,40.0,996.0,8.0,290.0,170,40.0,0.0,2018,10,13,18,0
2018279N11069,2018,LUBAN,2018-10-13 21:00:00+00:00,15.2,53.3,40.0,996.0,9.0,290.0,126,40.0,0.0,2018,10,13,21,0
2018279N11069,2018,LUBAN,2018-10-14 00:00:00+00:00,15.4,52.8,40.0,998.0,9.0,300.0,68,40.0,0.0,2018,10,14,0,0
2018279N11069,2018,LUBAN,2018-10-14 03:00:00+00:00,15.6,52.5,40.0,998.0,8.0,305.0,32,40.0,0.0,2018,10,14,3,0
2018279N11069,2018,LUBAN,2018-10-14 06:00:00+00:00,15.9,52.2,35.0,999.0,7.0,295.0,0,40.0,-5.0,2018,10,14,6,0
2018279N11069,2018,LUBAN,2018-10-14 09:00:00+00:00,15.9,51.8,30.0,1000.0,8.0,285.0,0,35.0,-5.0,2018,10,14,9,0
2018279N11069,2018,LUBAN,2018-10-14 12:00:00+00:00,16.0,51.4,30.0,1001.0,7.0,285.0,0,30.0,0.0,2018,10,14,12,0
2018279N11069,2018,LUBAN,2018-10-14 18:00:00+00:00,16.3,50.8,25.0,1002.0,11.0,275.0,0,30.0,-5.0,2018,10,14,18,0
2018281N14088,2018,TITLI,2018-10-08 03:00:00+00:00,14.1,88.4,25.0,1002.0,1.0,225.0,657,35.0,0.0,2018,10,8,3,0
2018281N14088,2018,TITLI,2018-10-08 06:00:00+00:00,14.1,88.3,25.0,1002.0,3.0,285.0,649,25.0,0.0,2018,10,8,6,0
2018281N14088,2018,TITLI,2018-10-08 12:00:00+00:00,14.3,87.9,25.0,1002.0,5.0,290.0,604,25.0,0.0,2018,10,8,12,1
2018281N14088,2018,TITLI,2018-10-08 18:00:00+00:00,14.5,87.5,30.0,1000.0,4.0,295.0,558,25.0,5.0,2018,10,8,18,0
2018281N14088,2018,TITLI,2018-10-09 00:00:00+00:00,14.7,87.1,30.0,1000.0,3.0,295.0,514,30.0,0.0,2018,10,9,0,0
2018281N14088,2018,TITLI,2018-10-09 03:00:00+00:00,14.7,86.9,30.0,999.0,3.0,295.0,501,30.0,0.0,2018,10,9,3,1
2018281N14088,2018,TITLI,2018-10-09 06:00:00+00:00,14.8,86.8,35.0,998.0,3.0,315.0,486,30.0,5.0,2018,10,9,6,0
2018281N14088,2018,TITLI,2018-10-09 09:00:00+00:00,14.9,86.7,35.0,997.0,4.0,325.0,470,35.0,0.0,2018,10,9,9,1
2018281N14088,2018,TITLI,2018-10-09 12:00:00+00:00,15.1,86.6,40.0,996.0,5.0,330.0,446,35.0,5.0,2018,10,9,12,0
2018281N14088,2018,TITLI,2018-10-09 15:00:00+00:00,15.3,86.5,40.0,995.0,5.0,325.0,421,40.0,0.0,2018,10,9,15,1
2018281N14088,2018,TITLI,2018-10-09 18:00:00+00:00,15.6,86.3,45.0,996.0,6.0,325.0,382,40.0,5.0,2018,10,9,18,1
2018281N14088,2018,TITLI,2018-10-09 21:00:00+00:00,15.8,86.1,50.0,994.0,6.0,330.0,351,45.0,5.0,2018,10,9,21,1
2018281N14088,2018,TITLI,2018-10-10 00:00:00+00:00,16.1,86.0,55.0,990.0,8.0,345.0,318,50.0,5.0,2018,10,10,0,1
2018281N14088,2018,TITLI,2018-10-10 03:00:00+00:00,16.5,85.9,60.0,988.0,10.0,340.0,277,55.0,5.0,2018,10,10,3,1
2018281N14088,2018,TITLI,2018-10-10 06:00:00+00:00,17.0,85.6,70.0,982.0,9.0,335.0,223,60.0,10.0,2018,10,10,6,1
2018281N14088,2018,TITLI,2018-10-10 09:00:00+00:00,17.3,85.4,75.0,976.0,7.0,330.0,177,70.0,5.0,2018,10,10,9,1
2018281N14088,2018,TITLI,2018-10-10 12:00:00+00:00,17.6,85.3,80.0,972.0,6.0,330.0,146,75.0,5.0,2018,10,10,12,0
2018281N14088,2018,TITLI,2018-10-10 15:00:00+00:00,17.8,85.1,80.0,972.0,8.0,335.0,115,80.0,0.0,2018,10,10,15,0
2018281N14088,2018,TITLI,2018-10-10 18:00:00+00:00,18.3,85.0,80.0,972.0,9.0,325.0,69,80.0,0.0,2018,10,10,18,0
2018281N14088,2018,TITLI,2018-10-10 21:00:00+00:00,18.6,84.6,80.0,972.0,8.0,310.0,15,80.0,0.0,2018,10,10,21,0
2018281N14088,2018,TITLI,2018-10-11 00:00:00+00:00,18.8,84.4,80.0,972.0,6.0,305.0,0,80.0,0.0,2018,10,11,0,0
2018281N14088,2018,TITLI,2018-10-11 03:00:00+00:00,18.9,84.1,65.0,985.0,6.0,310.0,0,80.0,-15.0,2018,10,11,3,0
2018281N14088,2018,TITLI,2018-10-11 06:00:00+00:00,19.2,83.9,60.0,988.0,6.0,330.0,0,65.0,-5.0,2018,10,11,6,0
2018281N14088,2018,TITLI,2018-10-11 09:00:00+00:00,19.4,83.8,50.0,994.0,6.0,350.0,0,60.0,-10.0,2018,10,11,9,0
2018281N14088,2018,TITLI,2018-10-11 12:00:00+00:00,19.7,83.8,45.0,996.0,5.0,15.0,0,50.0,-5.0,2018,10,11,12,0
2018281N14088,2018,TITLI,2018-10-11 15:00:00+00:00,19.9,83.9,40.0,998.0,6.0,45.0,0,45.0,-5.0,2018,10,11,15,0
2018281N14088,2018,TITLI,2018-10-11 18:00:00+00:00,20.1,84.2,30.0,999.0,6.0,45.0,0,40.0,-10.0,2018,10,11,18,0
2018281N14088,2018,TITLI,2018-10-12 00:00:00+00:00,20.5,84.7,30.0,1000.0,6.0,50.0,0,30.0,0.0,2018,10,12,0,0
2018281N14088,2018,TITLI,2018-10-12 03:00:00+00:00,20.7,85.0,30.0,1001.0,6.0,55.0,0,30.0,0.0,2018,10,12,3,0
2018281N14088,2018,TITLI,2018-10-12 06:00:00+00:00,20.9,85.3,30.0,1001.0,5.0,70.0,0,30.0,0.0,2018,10,12,6,0
2018281N14088,2018,TITLI,2018-10-12 09:00:00+00:00,20.9,85.5,25.0,1002.0,8.0,70.0,0,30.0,-5.0,2018,10,12,9,0
2018281N14088,2018,TITLI,2018-10-12 12:00:00+00:00,21.2,86.1,25.0,1002.0,13.0,60.0,0,25.0,0.0,2018,10,12,12,0
2018281N14088,2018,TITLI,2018-10-12 18:00:00+00:00,21.9,87.2,25.0,1003.0,9.0,55.0,0,25.0,0.0,2018,10,12,18,0
2018314N12093,2018,GAJA,2018-11-10 03:00:00+00:00,11.7,92.5,25.0,1003.0,12.0,300.0,502,35.0,0.0,2018,11,10,3,0
2018314N12093,2018,GAJA,2018-11-10 06:00:00+00:00,12.0,92.0,25.0,1002.0,12.0,300.0,498,25.0,0.0,2018,11,10,6,1
2018314N12093,2018,GAJA,2018-11-10 12:00:00+00:00,12.7,90.7,30.0,1001.0,13.0,295.0,527,25.0,5.0,2018,11,10,12,0
2018314N12093,2018,GAJA,2018-11-10 18:00:00+00:00,13.1,89.8,30.0,1000.0,7.0,295.0,574,30.0,0.0,2018,11,10,18,1
2018314N12093,2018,GAJA,2018-11-11 00:00:00+00:00,13.4,89.2,35.0,999.0,7.0,285.0,611,30.0,5.0,2018,11,11,0,0
2018314N12093,2018,GAJA,2018-11-11 03:00:00+00:00,13.4,88.8,35.0,999.0,7.0,280.0,649,35.0,0.0,2018,11,11,3,1
2018314N12093,2018,GAJA,2018-11-11 06:00:00+00:00,13.4,88.5,40.0,998.0,8.0,265.0,673,35.0,5.0,2018,11,11,6,0
2018314N12093,2018,GAJA,2018-11-11 09:00:00+00:00,13.4,88.0,40.0,998.0,7.0,260.0,689,40.0,0.0,2018,11,11,9,0
2018314N12093,2018,GAJA,2018-11-11 12:00:00+00:00,13.3,87.7,40.0,998.0,6.0,255.0,679,40.0,0.0,2018,11,11,12,0
2018314N12093,2018,GAJA,2018-11-11 15:00:00+00:00,13.2,87.5,40.0,998.0,4.0,245.0,674,40.0,0.0,2018,11,11,15,0
2018314N12093,2018,GAJA,2018-11-11 18:00:00+00:00,13.1,87.3,40.0,998.0,3.0,240.0,665,40.0,0.0,2018,11,11,18,0
2018314N12093,2018,GAJA,2018-11-11 21:00:00+00:00,13.1,87.2,40.0,998.0,2.0,205.0,656,40.0,0.0,2018,11,11,21,0
2018314N12093,2018,GAJA,2018-11-12 00:00:00+00:00,12.9,87.2,40.0,998.0,4.0,0.0,670,40.0,0.0,2018,11,12,0,0
2018314N12093,2018,GAJA,2018-11-12 03:00:00+00:00,12.7,87.2,40.0,998.0,3.0,170.0,684,40.0,0.0,2018,11,12,3,0
2018314N12093,2018,GAJA,2018-11-12 06:00:00+00:00,12.6,87.3,40.0,998.0,1.0,85.0,700,40.0,0.0,2018,11,12,6,0
2018314N12093,2018,GAJA,2018-11-12 09:00:00+00:00,12.7,87.3,40.0,998.0,3.0,65.0,692,40.0,0.0,2018,11,12,9,0
2018314N12093,2018,GAJA,2018-11-12 12:00:00+00:00,12.8,87.6,40.0,998.0,4.0,45.0,711,40.0,0.0,2018,11,12,12,0
2018314N12093,2018,GAJA,2018-11-12 15:00:00+00:00,13.0,87.6,40.0,998.0,6.0,0.0,698,40.0,0.0,2018,11,12,15,1
2018314N12093,2018,GAJA,2018-11-12 18:00:00+00:00,13.3,87.6,45.0,996.0,5.0,330.0,673,40.0,5.0,2018,11,12,18,0
2018314N12093,2018,GAJA,2018-11-12 21:00:00+00:00,13.4,87.4,45.0,996.0,4.0,305.0,650,45.0,0.0,2018,11,12,21,0
2018314N12093,2018,GAJA,2018-11-13 00:00:00+00:00,13.6,87.2,40.0,998.0,4.0,290.0,619,45.0,-5.0,2018,11,13,0,0
2018314N12093,2018,GAJA,2018-11-13 03:00:00+00:00,13.6,87.0,40.0,998.0,6.0,280.0,605,40.0,0.0,2018,11,13,3,0
2018314N12093,2018,GAJA,2018-11-13 06:00:00+00:00,13.7,86.6,40.0,998.0,6.0,265.0,564,40.0,0.0,2018,11,13,6,0
2018314N12093,2018,GAJA,2018-11-13 09:00:00+00:00,13.6,86.3,40.0,998.0,5.0,255.0,545,40.0,0.0,2018,11,13,9,0
2018314N12093,2018,GAJA,2018-11-13 12:00:00+00:00,13.5,86.1,40.0,998.0,5.0,245.0,535,40.0,0.0,2018,11,13,12,0
2018314N12093,2018,GAJA,2018-11-13 15:00:00+00:00,13.4,85.9,40.0,998.0,4.0,240.0,527,40.0,0.0,2018,11,13,15,0
2018314N12093,2018,GAJA,2018-11-13 18:00:00+00:00,13.3,85.7,40.0,998.0,4.0,240.0,519,40.0,0.0,2018,11,13,18,0
2018314N12093,2018,GAJA,2018-11-13 21:00:00+00:00,13.2,85.5,40.0,998.0,4.0,240.0,520,40.0,0.0,2018,11,13,21,0
2018314N12093,2018,GAJA,2018-11-14 00:00:00+00:00,13.1,85.4,40.0,998.0,4.0,240.0,514,40.0,0.0,2018,11,14,0,0
2018314N12093,2018,GAJA,2018-11-14 03:00:00+00:00,13.0,85.2,40.0,998.0,5.0,230.0,509,40.0,0.0,2018,11,14,3,1
2018314N12093,2018,GAJA,2018-11-14 06:00:00+00:00,12.8,85.0,45.0,996.0,6.0,230.0,512,40.0,5.0,2018,11,14,6,0
2018314N12093,2018,GAJA,2018-11-14 09:00:00+00:00,12.6,84.7,45.0,996.0,7.0,230.0,483,45.0,0.0,2018,11,14,9,0
2018314N12093,2018,GAJA,2018-11-14 12:00:00+00:00,12.4,84.4,45.0,996.0,6.0,230.0,456,45.0,0.0,2018,11,14,12,0
2018314N12093,2018,GAJA,2018-11-14 15:00:00+00:00,12.2,84.2,45.0,996.0,6.0,235.0,436,45.0,0.0,2018,11,14,15,0
2018314N12093,2018,GAJA,2018-11-14 18:00:00+00:00,12.0,83.9,45.0,996.0,8.0,245.0,406,45.0,0.0,2018,11,14,18,0
2018314N12093,2018,GAJA,2018-11-14 21:00:00+00:00,11.8,83.5,45.0,996.0,8.0,235.0,367,45.0,0.0,2018,11,14,21,0
2018314N12093,2018,GAJA,2018-11-15 00:00:00+00:00,11.5,83.1,45.0,996.0,9.0,240.0,341,45.0,0.0,2018,11,15,0,1
2018314N12093,2018,GAJA,2018-11-15 03:00:00+00:00,11.4,82.7,50.0,994.0,10.0,255.0,298,45.0,5.0,2018,11,15,3,1
2018314N12093,2018,GAJA,2018-11-15 06:00:00+00:00,11.3,82.2,55.0,990.0,11.0,250.0,251,50.0,5.0,2018,11,15,6,0
2018314N12093,2018,GAJA,2018-11-15 09:00:00+00:00,11.1,81.6,55.0,989.0,10.0,245.0,185,55.0,0.0,2018,11,15,9,1
2018314N12093,2018,GAJA,2018-11-15 12:00:00+00:00,10.9,81.2,60.0,988.0,10.0,245.0,142,55.0,5.0,2018,11,15,12,1
2018314N12093,2018,GAJA,2018-11-15 15:00:00+00:00,10.7,80.7,65.0,984.0,10.0,250.0,87,60.0,5.0,2018,11,15,15,1
2018314N12093,2018,GAJA,2018-11-15 18:00:00+00:00,10.6,80.3,70.0,976.0,10.0,260.0,43,65.0,5.0,2018,11,15,18,0
2018314N12093,2018,GAJA,2018-11-15 21:00:00+00:00,10.5,79.7,70.0,976.0,11.0,265.0,0,70.0,0.0,2018,11,15,21,0
2018314N12093,2018,GAJA,2018-11-16 00:00:00+00:00,10.5,79.1,55.0,990.0,12.0,270.0,0,70.0,-15.0,2018,11,16,0,0
2018314N12093,2018,GAJA,2018-11-16 03:00:00+00:00,10.4,78.5,45.0,996.0,15.0,270.0,0,55.0,-10.0,2018,11,16,3,0
2018314N12093,2018,GAJA,2018-11-16 06:00:00+00:00,10.5,77.6,30.0,1000.0,15.0,265.0,0,45.0,-15.0,2018,11,16,6,0
2018314N12093,2018,GAJA,2018-11-16 12:00:00+00:00,10.0,76.3,25.0,1002.0,12.0,250.0,0,30.0,-5.0,2018,11,16,12,0
2018314N12093,2018,GAJA,2018-11-16 18:00:00+00:00,9.8,75.3,25.0,1002.0,10.0,260.0,101,25.0,0.0,2018,11,16,18,1
2018314N12093,2018,GAJA,2018-11-17 00:00:00+00:00,9.7,74.2,30.0,1003.0,12.0,270.0,221,25.0,5.0,2018,11,17,0,0
2018314N12093,2018,GAJA,2018-11-17 03:00:00+00:00,9.7,73.5,30.0,1003.0,11.0,275.0,290,30.0,0.0,2018,11,17,3,0
2018314N12093,2018,GAJA,2018-11-17 06:00:00+00:00,9.8,73.0,30.0,1003.0,11.0,275.0,336,30.0,0.0,2018,11,17,6,0
2018314N12093,2018,GAJA,2018-11-17 12:00:00+00:00,10.0,71.8,30.0,1003.0,12.0,280.0,433,30.0,0.0,2018,11,17,12,0
2018314N12093,2018,GAJA,2018-11-17 18:00:00+00:00,10.2,70.7,30.0,1003.0,10.0,285.0,529,30.0,0.0,2018,11,17,18,0
2018314N12093,2018,GAJA,2018-11-18 00:00:00+00:00,10.4,69.8,30.0,1003.0,7.0,280.0,607,30.0,0.0,2018,11,18,0,0
2018314N12093,2018,GAJA,2018-11-18 03:00:00+00:00,10.5,69.5,30.0,1003.0,7.0,280.0,632,30.0,0.0,2018,11,18,3,0
2018314N12093,2018,GAJA,2018-11-18 06:00:00+00:00,10.5,69.1,30.0,1003.0,7.0,280.0,672,30.0,0.0,2018,11,18,6,0
2018314N12093,2018,GAJA,2018-11-18 12:00:00+00:00,10.6,68.5,30.0,1003.0,7.0,275.0,729,30.0,0.0,2018,11,18,12,0
2018314N12093,2018,GAJA,2018-11-18 18:00:00+00:00,10.7,67.5,30.0,1003.0,9.0,275.0,829,30.0,0.0,2018,11,18,18,0
2018314N12093,2018,GAJA,2018-11-19 00:00:00+00:00,10.8,66.6,30.0,1003.0,8.0,285.0,920,30.0,0.0,2018,11,19,0,0
2018314N12093,2018,GAJA,2018-11-19 03:00:00+00:00,10.9,66.3,30.0,1003.0,8.0,285.0,948,30.0,0.0,2018,11,19,3,0
2018314N12093,2018,GAJA,2018-11-19 06:00:00+00:00,11.0,65.8,25.0,1004.0,10.0,290.0,990,30.0,-5.0,2018,11,19,6,0
2018347N07089,2018,PHETHAI,2018-12-13 00:00:00+00:00,6.5,88.7,25.0,1004.0,4.0,335.0,726,35.0,0.0,2018,12,13,0,0
2018347N07089,2018,PHETHAI,2018-12-13 03:00:00+00:00,6.7,88.6,25.0,1004.0,4.0,325.0,740,25.0,0.0,2018,12,13,3,0
2018347N07089,2018,PHETHAI,2018-12-13 06:00:00+00:00,6.8,88.5,25.0,1003.0,4.0,325.0,729,25.0,0.0,2018,12,13,6,0
2018347N07089,2018,PHETHAI,2018-12-13 12:00:00+00:00,7.2,88.3,25.0,1003.0,3.0,340.0,707,25.0,0.0,2018,12,13,12,1
2018347N07089,2018,PHETHAI,2018-12-13 18:00:00+00:00,7.5,88.0,30.0,1002.0,5.0,310.0,675,25.0,5.0,2018,12,13,18,0
2018347N07089,2018,PHETHAI,2018-12-14 00:00:00+00:00,7.9,87.6,30.0,1002.0,6.0,315.0,647,30.0,0.0,2018,12,14,0,0
2018347N07089,2018,PHETHAI,2018-12-14 03:00:00+00:00,8.1,87.5,30.0,1002.0,4.0,310.0,630,30.0,0.0,2018,12,14,3,0
2018347N07089,2018,PHETHAI,2018-12-14 06:00:00+00:00,8.2,87.4,30.0,1002.0,4.0,285.0,620,30.0,0.0,2018,12,14,6,0
2018347N07089,2018,PHETHAI,2018-12-14 12:00:00+00:00,8.3,86.8,30.0,1002.0,6.0,295.0,556,30.0,0.0,2018,12,14,12,0
2018347N07089,2018,PHETHAI,2018-12-14 18:00:00+00:00,8.7,86.3,30.0,1002.0,6.0,300.0,510,30.0,0.0,2018,12,14,18,0
2018347N07089,2018,PHETHAI,2018-12-15 00:00:00+00:00,9.0,85.7,30.0,1002.0,7.0,310.0,457,30.0,0.0,2018,12,15,0,0
2018347N07089,2018,PHETHAI,2018-12-15 03:00:00+00:00,9.3,85.4,30.0,1001.0,7.0,320.0,439,30.0,0.0,2018,12,15,3,0
2018347N07089,2018,PHETHAI,2018-12-15 06:00:00+00:00,9.5,85.3,30.0,1001.0,7.0,330.0,444,30.0,0.0,2018,12,15,6,1
2018347N07089,2018,PHETHAI,2018-12-15 12:00:00+00:00,10.2,84.9,35.0,1000.0,8.0,330.0,434,30.0,5.0,2018,12,15,12,0
2018347N07089,2018,PHETHAI,2018-12-15 15:00:00+00:00,10.5,84.7,35.0,1000.0,7.0,330.0,431,35.0,0.0,2018,12,15,15,0
2018347N07089,2018,PHETHAI,2018-12-15 18:00:00+00:00,10.8,84.6,35.0,1000.0,6.0,335.0,440,35.0,0.0,2018,12,15,18,0
2018347N07089,2018,PHETHAI,2018-12-15 21:00:00+00:00,11.0,84.4,35.0,1000.0,6.0,335.0,435,35.0,0.0,2018,12,15,21,1
2018347N07089,2018,PHETHAI,2018-12-16 00:00:00+00:00,11.3,84.3,40.0,998.0,8.0,340.0,449,35.0,5.0,2018,12,16,0,1
2018347N07089,2018,PHETHAI,2018-12-16 03:00:00+00:00,11.8,84.1,45.0,996.0,10.0,335.0,431,40.0,5.0,2018,12,16,3,0
2018347N07089,2018,PHETHAI,2018-12-16 06:00:00+00:00,12.3,83.9,45.0,996.0,8.0,320.0,402,45.0,0.0,2018,12,16,6,1
2018347N07089,2018,PHETHAI,2018-12-16 09:00:00+00:00,12.4,83.5,50.0,994.0,14.0,325.0,358,45.0,5.0,2018,12,16,9,1
2018347N07089,2018,PHETHAI,2018-12-16 12:00:00+00:00,13.4,83.1,55.0,992.0,15.0,330.0,303,50.0,5.0,2018,12,16,12,0
2018347N07089,2018,PHETHAI,2018-12-16 15:00:00+00:00,13.8,82.8,55.0,992.0,8.0,330.0,270,55.0,0.0,2018,12,16,15,0
2018347N07089,2018,PHETHAI,2018-12-16 18:00:00+00:00,14.1,82.7,55.0,992.0,8.0,335.0,261,55.0,0.0,2018,12,16,18,0
2018347N07089,2018,PHETHAI,2018-12-16 21:00:00+00:00,14.5,82.4,55.0,992.0,10.0,345.0,209,55.0,0.0,2018,12,16,21,0
2018347N07089,2018,PHETHAI,2018-12-17 00:00:00+00:00,15.0,82.4,50.0,994.0,11.0,355.0,163,55.0,-5.0,2018,12,17,0,0
2018347N07089,2018,PHETHAI,2018-12-17 03:00:00+00:00,15.5,82.3,45.0,997.0,10.0,355.0,109,50.0,-5.0,2018,12,17,3,0
2018347N07089,2018,PHETHAI,2018-12-17 06:00:00+00:00,16.0,82.3,45.0,997.0,10.0,0.0,59,45.0,0.0,2018,12,17,6,0
2018347N07089,2018,PHETHAI,2018-12-17 09:00:00+00:00,16.5,82.3,40.0,998.0,9.0,10.0,11,45.0,-5.0,2018,12,17,9,0
2018347N07089,2018,PHETHAI,2018-12-17 12:00:00+00:00,16.8,82.5,30.0,1001.0,9.0,15.0,10,40.0,-10.0,2018,12,17,12,0
2018347N07089,2018,PHETHAI,2018-12-17 15:00:00+00:00,17.4,82.6,30.0,1004.0,10.0,15.0,0,30.0,0.0,2018,12,17,15,0
2018365N08115,2018,PABUK,2019-01-01 06:00:00+00:00,6.2,110.2,35.0,1000.0,6.0,235.0,315,35.0,0.0,2019,1,1,6,0
2018365N08115,2018,PABUK,2019-01-01 12:00:00+00:00,5.9,109.8,35.0,1000.0,5.0,250.0,261,35.0,0.0,2019,1,1,12,0
2018365N08115,2018,PABUK,2019-01-01 18:00:00+00:00,5.8,109.3,35.0,1000.0,6.0,270.0,220,35.0,0.0,2019,1,1,18,0
2018365N08115,2018,PABUK,2019-01-02 00:00:00+00:00,5.9,108.6,35.0,1000.0,7.0,285.0,204,35.0,0.0,2019,1,2,0,0
2018365N08115,2018,PABUK,2019-01-02 06:00:00+00:00,6.1,107.9,35.0,1000.0,8.0,280.0,225,35.0,0.0,2019,1,2,6,0
2018365N08115,2018,PABUK,2019-01-02 12:00:00+00:00,6.2,107.0,35.0,1000.0,10.0,270.0,265,35.0,0.0,2019,1,2,12,0
2018365N08115,2018,PABUK,2019-01-02 18:00:00+00:00,6.1,105.9,35.0,1000.0,10.0,265.0,309,35.0,0.0,2019,1,2,18,0
2018365N08115,2018,PABUK,2019-01-03 00:00:00+00:00,6.1,105.0,35.0,1000.0,8.0,275.0,223,35.0,0.0,2019,1,3,0,0
2018365N08115,2018,PABUK,2019-01-03 06:00:00+00:00,6.2,104.3,35.0,1000.0,7.0,290.0,160,35.0,0.0,2019,1,3,6,1
2018365N08115,2018,PABUK,2019-01-03 12:00:00+00:00,6.5,103.6,40.0,998.0,9.0,305.0,130,35.0,5.0,2019,1,3,12,1
2018365N08115,2018,PABUK,2019-01-03 18:00:00+00:00,7.2,102.7,45.0,996.0,12.0,305.0,127,40.0,5.0,2019,1,3,18,0
2018365N08115,2018,PABUK,2019-01-04 00:00:00+00:00,7.9,101.6,45.0,996.0,12.0,295.0,123,45.0,0.0,2019,1,4,0,0
2018365N08115,2018,PABUK,2019-01-04 06:00:00+00:00,8.2,100.6,45.0,996.0,9.0,280.0,34,45.0,0.0,2019,1,4,6,0
2018365N08115,2018,PABUK,2019-01-04 12:00:00+00:00,8.3,99.8,40.0,1000.0,9.0,280.0,0,45.0,-5.0,2019,1,4,12,1
2018365N08115,2018,PABUK,2019-01-04 15:00:00+00:00,8.4,99.3,45.0,998.0,9.0,285.0,0,40.0,5.0,2019,1,4,15,0
2018365N08115,2018,PABUK,2019-01-04 18:00:00+00:00,8.5,98.9,45.0,998.0,7.0,295.0,0,45.0,0.0,2019,1,4,18,0
2018365N08115,2018,PABUK,2019-01-04 21:00:00+00:00,8.7,98.7,45.0,998.0,5.0,305.0,0,45.0,0.0,2019,1,4,21,0
2018365N08115,2018,PABUK,2019-01-05 00:00:00+00:00,8.8,98.5,40.0,1000.0,6.0,310.0,0,45.0,-5.0,2019,1,5,0,0
2018365N08115,2018,PABUK,2019-01-05 03:00:00+00:00,9.1,98.2,40.0,1000.0,7.0,310.0,21,40.0,0.0,2019,1,5,3,0
2018365N08115,2018,PABUK,2019-01-05 06:00:00+00:00,9.3,98.0,40.0,1000.0,7.0,310.0,45,40.0,0.0,2019,1,5,6,0
2018365N08115,2018,PABUK,2019-01-05 09:00:00+00:00,9.5,97.7,40.0,1000.0,8.0,310.0,83,40.0,0.0,2019,1,5,9,0
2018365N08115,2018,PABUK,2019-01-05 12:00:00+00:00,9.8,97.4,40.0,1000.0,10.0,305.0,120,40.0,0.0,2019,1,5,12,0
2018365N08115,2018,PABUK,2019-01-05 15:00:00+00:00,10.1,96.9,40.0,1000.0,11.0,300.0,175,40.0,0.0,2019,1,5,15,0
2018365N08115,2018,PABUK,2019-01-05 18:00:00+00:00,10.4,96.4,35.0,1001.0,11.0,295.0,229,40.0,-5.0,2019,1,5,18,0
2018365N08115,2018,PABUK,2019-01-05 21:00:00+00:00,10.5,95.9,35.0,1001.0,11.0,285.0,284,35.0,0.0,2019,1,5,21,0
2018365N08115,2018,PABUK,2019-01-06 00:00:00+00:00,10.7,95.3,35.0,1001.0,15.0,280.0,350,35.0,0.0,2019,1,6,0,0
2018365N08115,2018,PABUK,2019-01-06 03:00:00+00:00,10.8,94.4,35.0,1001.0,17.0,280.0,448,35.0,0.0,2019,1,6,3,0
2018365N08115,2018,PABUK,2019-01-06 06:00:00+00:00,11.0,93.6,30.0,1002.0,15.0,280.0,537,35.0,-5.0,2019,1,6,6,0
2018365N08115,2018,PABUK,2019-01-06 12:00:00+00:00,11.3,92.4,30.0,1003.0,10.0,290.0,548,30.0,0.0,2019,1,6,12,0
2018365N08115,2018,PABUK,2019-01-06 18:00:00+00:00,11.7,91.7,30.0,1003.0,10.0,305.0,543,30.0,0.0,2019,1,6,18,0
2018365N08115,2018,PABUK,2019-01-07 00:00:00+00:00,12.3,91.0,25.0,1004.0,5.0,345.0,536,30.0,-5.0,2019,1,7,0,0
2018365N08115,2018,PABUK,2019-01-07 03:00:00+00:00,12.5,91.1,25.0,1004.0,5.0,50.0,513,25.0,0.0,2019,1,7,3,0
2018365N08115,2018,PABUK,2019-01-07 06:00:00+00:00,12.6,91.4,25.0,1004.0,10.0,65.0,482,25.0,0.0,2019,1,7,6,0
2018365N08115,2018,PABUK,2019-01-07 12:00:00+00:00,13.1,92.0,25.0,1004.0,2.0,5.0,397,25.0,0.0,2019,1,7,12,0
2019116N02090,2019,FANI,2019-04-26 12:00:00+00:00,3.2,89.8,25.0,998.0,7.0,350.0,643,35.0,0.0,2019,4,26,12,0
2019116N02090,2019,FANI,2019-04-26 18:00:00+00:00,3.8,89.5,25.0,998.0,7.0,340.0,654,25.0,0.0,2019,4,26,18,1
2019116N02090,2019,FANI,2019-04-27 00:00:00+00:00,4.6,89.4,30.0,997.0,7.0,0.0,647,25.0,5.0,2019,4,27,0,0
2019116N02090,2019,FANI,2019-04-27 03:00:00+00:00,4.9,89.4,30.0,996.0,6.0,0.0,644,30.0,0.0,2019,4,27,3,1
2019116N02090,2019,FANI,2019-04-27 06:00:00+00:00,5.1,89.4,35.0,995.0,6.0,355.0,642,30.0,5.0,2019,4,27,6,1
2019116N02090,2019,FANI,2019-04-27 09:00:00+00:00,5.5,89.3,40.0,994.0,9.0,345.0,653,35.0,5.0,2019,4,27,9,1
2019116N02090,2019,FANI,2019-04-27 12:00:00+00:00,6.0,89.2,45.0,992.0,10.0,335.0,665,40.0,5.0,2019,4,27,12,0
2019116N02090,2019,FANI,2019-04-27 15:00:00+00:00,6.4,88.9,45.0,992.0,10.0,310.0,703,45.0,0.0,2019,4,27,15,0
2019116N02090,2019,FANI,2019-04-27 18:00:00+00:00,6.6,88.5,45.0,992.0,9.0,305.0,730,45.0,0.0,2019,4,27,18,0
2019116N02090,2019,FANI,2019-04-27 21:00:00+00:00,6.8,88.2,45.0,992.0,6.0,325.0,696,45.0,0.0,2019,4,27,21,0
2019116N02090,2019,FANI,2019-04-28 00:00:00+00:00,7.1,88.1,45.0,992.0,4.0,350.0,684,45.0,0.0,2019,4,28,0,0
2019116N02090,2019,FANI,2019-04-28 03:00:00+00:00,7.2,88.1,45.0,992.0,3.0,345.0,685,45.0,0.0,2019,4,28,3,0
2019116N02090,2019,FANI,2019-04-28 06:00:00+00:00,7.4,88.1,45.0,992.0,5.0,335.0,686,45.0,0.0,2019,4,28,6,0
2019116N02090,2019,FANI,2019-04-28 09:00:00+00:00,7.6,87.9,45.0,992.0,8.0,325.0,665,45.0,0.0,2019,4,28,9,0
2019116N02090,2019,FANI,2019-04-28 12:00:00+00:00,8.0,87.6,45.0,992.0,6.0,320.0,638,45.0,0.0,2019,4,28,12,0
2019116N02090,2019,FANI,2019-04-28 15:00:00+00:00,8.1,87.5,45.0,992.0,3.0,330.0,630,45.0,0.0,2019,4,28,15,0
2019116N02090,2019,FANI,2019-04-28 18:00:00+00:00,8.2,87.5,45.0,992.0,3.0,345.0,631,45.0,0.0,2019,4,28,18,0
2019116N02090,2019,FANI,2019-04-28 21:00:00+00:00,8.4,87.4,45.0,992.0,4.0,345.0,623,45.0,0.0,2019,4,28,21,0
2019116N02090,2019,FANI,2019-04-29 00:00:00+00:00,8.6,87.4,45.0,992.0,5.0,340.0,627,45.0,0.0,2019,4,29,0,0
2019116N02090,2019,FANI,2019-04-29 03:00:00+00:00,8.8,87.2,45.0,992.0,7.0,345.0,609,45.0,0.0,2019,4,29,3,0
2019116N02090,2019,FANI,2019-04-29 06:00:00+00:00,9.3,87.2,45.0,992.0,10.0,350.0,624,45.0,0.0,2019,4,29,6,0
2019116N02090,2019,FANI,2019-04-29 09:00:00+00:00,9.8,87.1,45.0,992.0,9.0,355.0,632,45.0,0.0,2019,4,29,9,1
2019116N02090,2019,FANI,2019-04-29 12:00:00+00:00,10.2,87.1,55.0,986.0,8.0,350.0,651,45.0,10.0,2019,4,29,12,0
2019116N02090,2019,FANI,2019-04-29 15:00:00+00:00,10.5,86.9,55.0,986.0,8.0,335.0,645,55.0,0.0,2019,4,29,15,0
2019116N02090,2019,FANI,2019-04-29 18:00:00+00:00,10.9,86.8,55.0,986.0,8.0,335.0,655,55.0,0.0,2019,4,29,18,1
2019116N02090,2019,FANI,2019-04-29 21:00:00+00:00,11.3,86.6,65.0,982.0,9.0,345.0,656,55.0,10.0,2019,4,29,21,1
2019116N02090,2019,FANI,2019-04-30 00:00:00+00:00,11.8,86.5,70.0,980.0,12.0,340.0,676,65.0,5.0,2019,4,30,0,1
2019116N02090,2019,FANI,2019-04-30 03:00:00+00:00,12.3,86.2,75.0,974.0,12.0,320.0,638,70.0,5.0,2019,4,30,3,1
2019116N02090,2019,FANI,2019-04-30 06:00:00+00:00,12.7,85.8,80.0,970.0,11.0,310.0,576,75.0,5.0,2019,4,30,6,1
2019116N02090,2019,FANI,2019-04-30 09:00:00+00:00,13.0,85.3,85.0,966.0,11.0,300.0,516,80.0,5.0,2019,4,30,9,1
2019116N02090,2019,FANI,2019-04-30 12:00:00+00:00,13.3,84.8,90.0,962.0,8.0,295.0,456,85.0,5.0,2019,4,30,12,1
2019116N02090,2019,FANI,2019-04-30 15:00:00+00:00,13.4,84.6,95.0,957.0,5.0,305.0,435,90.0,5.0,2019,4,30,15,0
2019116N02090,2019,FANI,2019-04-30 18:00:00+00:00,13.5,84.4,95.0,957.0,4.0,310.0,413,95.0,0.0,2019,4,30,18,0
2019116N02090,2019,FANI,2019-04-30 21:00:00+00:00,13.6,84.2,95.0,957.0,5.0,320.0,383,95.0,0.0,2019,4,30,21,0
2019116N02090,2019,FANI,2019-05-01 00:00:00+00:00,13.9,84.1,95.0,957.0,5.0,335.0,358,95.0,0.0,2019,5,1,0,0
2019116N02090,2019,FANI,2019-05-01 03:00:00+00:00,14.1,84.0,95.0,957.0,3.0,350.0,334,95.0,0.0,2019,5,1,3,0
2019116N02090,2019,FANI,2019-05-01 06:00:00+00:00,14.2,84.0,95.0,957.0,5.0,15.0,324,95.0,0.0,2019,5,1,6,0
2019116N02090,2019,FANI,2019-05-01 09:00:00+00:00,14.5,84.1,95.0,955.0,7.0,10.0,304,95.0,0.0,2019,5,1,9,1
2019116N02090,2019,FANI,2019-05-01 12:00:00+00:00,14.9,84.1,100.0,950.0,6.0,5.0,278,95.0,5.0,2019,5,1,12,0
2019116N02090,2019,FANI,2019-05-01 15:00:00+00:00,15.0,84.2,100.0,950.0,4.0,5.0,270,100.0,0.0,2019,5,1,15,0
2019116N02090,2019,FANI,2019-05-01 18:00:00+00:00,15.2,84.2,100.0,950.0,5.0,20.0,256,100.0,0.0,2019,5,1,18,0
2019116N02090,2019,FANI,2019-05-01 21:00:00+00:00,15.5,84.3,100.0,950.0,7.0,25.0,246,100.0,0.0,2019,5,1,21,1
2019116N02090,2019,FANI,2019-05-02 00:00:00+00:00,15.9,84.6,105.0,945.0,8.0,25.0,241,100.0,5.0,2019,5,2,0,0
2019116N02090,2019,FANI,2019-05-02 03:00:00+00:00,16.2,84.7,105.0,945.0,9.0,15.0,223,105.0,0.0,2019,5,2,3,1
2019116N02090,2019,FANI,2019-05-02 06:00:00+00:00,16.8,84.8,110.0,940.0,9.0,10.0,183,105.0,5.0,2019,5,2,6,1
2019116N02090,2019,FANI,2019-05-02 09:00:00+00:00,17.2,84.8,115.0,932.0,8.0,0.0,143,110.0,5.0,2019,5,2,9,0
2019116N02090,2019,FANI,2019-05-02 12:00:00+00:00,17.6,84.8,115.0,932.0,7.0,5.0,107,115.0,0.0,2019,5,2,12,0
2019116N02090,2019,FANI,2019-05-02 15:00:00+00:00,17.9,84.9,115.0,934.0,7.0,15.0,92,115.0,0.0,2019,5,2,15,0
2019116N02090,2019,FANI,2019-05-02 18:00:00+00:00,18.3,85.0,115.0,934.0,8.0,25.0,69,115.0,0.0,2019,5,2,18,0
2019116N02090,2019,FANI,2019-05-02 21:00:00+00:00,18.6,85.2,115.0,934.0,10.0,30.0,67,115.0,0.0,2019,5,2,21,0
2019116N02090,2019,FANI,2019-05-03 00:00:00+00:00,19.1,85.5,105.0,945.0,11.0,25.0,54,115.0,-10.0,2019,5,3,0,0
2019116N02090,2019,FANI,2019-05-03 03:00:00+00:00,19.6,85.7,100.0,952.0,12.0,20.0,22,105.0,-5.0,2019,5,3,3,0
2019116N02090,2019,FANI,2019-05-03 06:00:00+00:00,20.2,85.9,85.0,966.0,11.0,20.0,0,100.0,-15.0,2019,5,3,6,0
2019116N02090,2019,FANI,2019-05-03 09:00:00+00:00,20.7,86.1,75.0,970.0,12.0,30.0,0,85.0,-10.0,2019,5,3,9,0
2019116N02090,2019,FANI,2019-05-03 12:00:00+00:00,21.2,86.5,70.0,976.0,12.0,40.0,0,75.0,-5.0,2019,5,3,12,0
2019116N02090,2019,FANI,2019-05-03 15:00:00+00:00,21.6,86.9,60.0,980.0,12.0,45.0,0,70.0,-10.0,2019,5,3,15,0
2019116N02090,2019,FANI,2019-05-03 18:00:00+00:00,22.1,87.4,55.0,984.0,15.0,45.0,0,60.0,-5.0,2019,5,3,18,0
2019116N02090,2019,FANI,2019-05-03 21:00:00+00:00,22.6,88.1,50.0,986.0,15.0,40.0,0,55.0,-5.0,2019,5,3,21,0
2019116N02090,2019,FANI,2019-05-04 00:00:00+00:00,23.2,88.5,40.0,994.0,14.0,40.0,0,50.0,-10.0,2019,5,4,0,0
2019116N02090,2019,FANI,2019-05-04 03:00:00+00:00,23.7,89.0,30.0,996.0,15.0,40.0,0,40.0,-10.0,2019,5,4,3,0
2019116N02090,2019,FANI,2019-05-04 06:00:00+00:00,24.4,89.5,25.0,998.0,14.0,40.0,0,30.0,-5.0,2019,5,4,6,0
2019160N11073,2019,VAYU,2019-06-10 00:00:00+00:00,12.0,71.0,25.0,998.0,7.0,345.0,422,35.0,0.0,2019,6,10,0,0
2019160N11073,2019,VAYU,2019-06-10 03:00:00+00:00,12.4,70.9,25.0,998.0,6.0,345.0,424,25.0,0.0,2019,6,10,3,1
2019160N11073,2019,VAYU,2019-06-10 06:00:00+00:00,12.6,70.8,30.0,997.0,5.0,340.0,430,25.0,5.0,2019,6,10,6,0
2019160N11073,2019,VAYU,2019-06-10 12:00:00+00:00,13.3,70.7,30.0,996.0,7.0,345.0,399,30.0,0.0,2019,6,10,12,1
2019160N11073,2019,VAYU,2019-06-10 18:00:00+00:00,13.9,70.6,35.0,995.0,6.0,0.0,379,30.0,5.0,2019,6,10,18,0
2019160N11073,2019,VAYU,2019-06-10 21:00:00+00:00,14.2,70.6,35.0,994.0,7.0,10.0,368,35.0,0.0,2019,6,10,21,1
2019160N11073,2019,VAYU,2019-06-11 00:00:00+00:00,14.6,70.7,40.0,993.0,7.0,10.0,341,35.0,5.0,2019,6,11,0,0
2019160N11073,2019,VAYU,2019-06-11 03:00:00+00:00,14.9,70.7,40.0,992.0,6.0,5.0,328,40.0,0.0,2019,6,11,3,1
2019160N11073,2019,VAYU,2019-06-11 06:00:00+00:00,15.2,70.8,45.0,990.0,7.0,0.0,304,40.0,5.0,2019,6,11,6,0
2019160N11073,2019,VAYU,2019-06-11 09:00:00+00:00,15.6,70.8,45.0,988.0,9.0,0.0,285,45.0,0.0,2019,6,11,9,1
2019160N11073,2019,VAYU,2019-06-11 12:00:00+00:00,16.1,70.8,55.0,986.0,9.0,355.0,270,45.0,10.0,2019,6,11,12,1
2019160N11073,2019,VAYU,2019-06-11 15:00:00+00:00,16.6,70.7,60.0,983.0,10.0,350.0,277,55.0,5.0,2019,6,11,15,1
2019160N11073,2019,VAYU,2019-06-11 18:00:00+00:00,17.0,70.6,65.0,980.0,8.0,345.0,273,60.0,5.0,2019,6,11,18,1
2019160N11073,2019,VAYU,2019-06-11 21:00:00+00:00,17.4,70.5,70.0,977.0,8.0,340.0,269,65.0,5.0,2019,6,11,21,1
2019160N11073,2019,VAYU,2019-06-12 00:00:00+00:00,17.7,70.3,75.0,975.0,7.0,335.0,280,70.0,5.0,2019,6,12,0,0
2019160N11073,2019,VAYU,2019-06-12 03:00:00+00:00,18.0,70.2,75.0,973.0,8.0,340.0,286,75.0,0.0,2019,6,12,3,0
2019160N11073,2019,VAYU,2019-06-12 06:00:00+00:00,18.4,70.0,75.0,971.0,8.0,340.0,270,75.0,0.0,2019,6,12,6,1
2019160N11073,2019,VAYU,2019-06-12 09:00:00+00:00,18.8,69.9,80.0,970.0,7.0,350.0,232,75.0,5.0,2019,6,12,9,0
2019160N11073,2019,VAYU,2019-06-12 12:00:00+00:00,19.1,69.9,80.0,970.0,7.0,350.0,202,80.0,0.0,2019,6,12,12,0
2019160N11073,2019,VAYU,2019-06-12 15:00:00+00:00,19.4,69.8,80.0,970.0,6.0,345.0,179,80.0,0.0,2019,6,12,15,0
2019160N11073,2019,VAYU,2019-06-12 18:00:00+00:00,19.7,69.7,80.0,970.0,5.0,345.0,158,80.0,0.0,2019,6,12,18,0
2019160N11073,2019,VAYU,2019-06-12 21:00:00+00:00,19.9,69.6,80.0,970.0,5.0,345.0,145,80.0,0.0,2019,6,12,21,0
2019160N11073,2019,VAYU,2019-06-13 00:00:00+00:00,20.1,69.6,80.0,970.0,5.0,340.0,118,80.0,0.0,2019,6,13,0,0
2019160N11073,2019,VAYU,2019-06-13 03:00:00+00:00,20.3,69.5,80.0,970.0,4.0,330.0,115,80.0,0.0,2019,6,13,3,0
2019160N11073,2019,VAYU,2019-06-13 06:00:00+00:00,20.5,69.4,80.0,970.0,4.0,325.0,106,80.0,0.0,2019,6,13,6,0
2019160N11073,2019,VAYU,2019-06-13 09:00:00+00:00,20.7,69.2,80.0,970.0,5.0,320.0,106,80.0,0.0,2019,6,13,9,0
2019160N11073,2019,VAYU,2019-06-13 12:00:00+00:00,20.8,69.1,80.0,970.0,3.0,305.0,98,80.0,0.0,2019,6,13,12,0
2019160N11073,2019,VAYU,2019-06-13 15:00:00+00:00,20.9,68.9,80.0,970.0,2.0,285.0,114,80.0,0.0,2019,6,13,15,0
2019160N11073,2019,VAYU,2019-06-13 18:00:00+00:00,20.9,68.9,80.0,970.0,2.0,285.0,114,80.0,0.0,2019,6,13,18,0
2019160N11073,2019,VAYU,2019-06-13 21:00:00+00:00,20.9,68.7,80.0,970.0,3.0,290.0,129,80.0,0.0,2019,6,13,21,0
2019160N11073,2019,VAYU,2019-06-14 00:00:00+00:00,21.0,68.6,80.0,970.0,2.0,280.0,129,80.0,0.0,2019,6,14,0,0
2019160N11073,2019,VAYU,2019-06-14 03:00:00+00:00,21.0,68.4,75.0,973.0,2.0,255.0,144,80.0,-5.0,2019,6,14,3,0
2019160N11073,2019,VAYU,2019-06-14 06:00:00+00:00,21.0,68.4,75.0,973.0,2.0,230.0,144,75.0,0.0,2019,6,14,6,0
2019160N11073,2019,VAYU,2019-06-14 09:00:00+00:00,20.9,68.3,75.0,973.0,2.0,225.0,159,75.0,0.0,2019,6,14,9,0
2019160N11073,2019,VAYU,2019-06-14 12:00:00+00:00,20.8,68.2,70.0,976.0,2.0,245.0,174,75.0,-5.0,2019,6,14,12,0
2019160N11073,2019,VAYU,2019-06-14 15:00:00+00:00,20.8,68.1,70.0,976.0,3.0,260.0,182,70.0,0.0,2019,6,14,15,0
2019160N11073,2019,VAYU,2019-06-14 18:00:00+00:00,20.8,67.9,65.0,978.0,4.0,260.0,197,70.0,-5.0,2019,6,14,18,0
2019160N11073,2019,VAYU,2019-06-14 21:00:00+00:00,20.7,67.7,65.0,978.0,4.0,255.0,217,65.0,0.0,2019,6,14,21,0
2019160N11073,2019,VAYU,2019-06-15 00:00:00+00:00,20.7,67.5,65.0,978.0,3.0,250.0,230,65.0,0.0,2019,6,15,0,0
2019160N11073,2019,VAYU,2019-06-15 03:00:00+00:00,20.6,67.3,65.0,979.0,6.0,265.0,252,65.0,0.0,2019,6,15,3,0
2019160N11073,2019,VAYU,2019-06-15 06:00:00+00:00,20.6,66.9,65.0,979.0,6.0,270.0,280,65.0,0.0,2019,6,15,6,0
2019160N11073,2019,VAYU,2019-06-15 09:00:00+00:00,20.6,66.7,65.0,980.0,5.0,275.0,296,65.0,0.0,2019,6,15,9,0
2019160N11073,2019,VAYU,2019-06-15 12:00:00+00:00,20.7,66.4,65.0,980.0,4.0,280.0,314,65.0,0.0,2019,6,15,12,0
2019160N11073,2019,VAYU,2019-06-15 15:00:00+00:00,20.7,66.2,65.0,980.0,4.0,275.0,331,65.0,0.0,2019,6,15,15,0
2019160N11073,2019,VAYU,2019-06-15 18:00:00+00:00,20.7,66.0,65.0,981.0,4.0,280.0,349,65.0,0.0,2019,6,15,18,0
2019160N11073,2019,VAYU,2019-06-15 21:00:00+00:00,20.7,65.8,65.0,981.0,5.0,275.0,367,65.0,0.0,2019,6,15,21,0
2019160N11073,2019,VAYU,2019-06-16 00:00:00+00:00,20.8,65.5,60.0,983.0,5.0,275.0,389,65.0,-5.0,2019,6,16,0,0
2019160N11073,2019,VAYU,2019-06-16 03:00:00+00:00,20.8,65.2,55.0,985.0,3.0,280.0,416,60.0,-5.0,2019,6,16,3,0
2019160N11073,2019,VAYU,2019-06-16 06:00:00+00:00,20.8,65.1,55.0,985.0,1.0,250.0,416,55.0,0.0,2019,6,16,6,0
2019160N11073,2019,VAYU,2019-06-16 09:00:00+00:00,20.7,65.1,55.0,986.0,1.0,135.0,431,55.0,0.0,2019,6,16,9,0
2019160N11073,2019,VAYU,2019-06-16 12:00:00+00:00,20.8,65.2,50.0,988.0,5.0,80.0,416,55.0,-5.0,2019,6,16,12,0
2019160N11073,2019,VAYU,2019-06-16 15:00:00+00:00,20.8,65.6,45.0,990.0,9.0,70.0,375,50.0,-5.0,2019,6,16,15,0
2019160N11073,2019,VAYU,2019-06-16 18:00:00+00:00,21.1,66.1,40.0,992.0,9.0,55.0,318,45.0,-5.0,2019,6,16,18,0
2019160N11073,2019,VAYU,2019-06-16 21:00:00+00:00,21.4,66.4,40.0,993.0,8.0,45.0,276,40.0,0.0,2019,6,16,21,0
2019160N11073,2019,VAYU,2019-06-17 00:00:00+00:00,21.7,66.6,35.0,995.0,6.0,40.0,236,40.0,-5.0,2019,6,17,0,0
2019160N11073,2019,VAYU,2019-06-17 03:00:00+00:00,21.8,66.8,30.0,996.0,4.0,50.0,223,35.0,-5.0,2019,6,17,3,0
2019160N11073,2019,VAYU,2019-06-17 06:00:00+00:00,21.9,67.0,30.0,997.0,7.0,55.0,200,30.0,0.0,2019,6,17,6,0
2019160N11073,2019,VAYU,2019-06-17 09:00:00+00:00,22.2,67.4,25.0,998.0,10.0,55.0,154,30.0,-5.0,2019,6,17,9,0
2019218N21088,2019,UNNAMED,2019-08-06 03:00:00+00:00,20.5,88.0,25.0,990.0,0.0,0.0,106,35.0,0.0,2019,8,6,3,0
2019218N21088,2019,UNNAMED,2019-08-06 06:00:00+00:00,20.5,88.0,25.0,990.0,1.0,315.0,106,25.0,0.0,2019,8,6,6,0
2019218N21088,2019,UNNAMED,2019-08-06 12:00:00+00:00,20.7,87.8,25.0,990.0,3.0,310.0,83,25.0,0.0,2019,8,6,12,0
2019218N21088,2019,UNNAMED,2019-08-06 18:00:00+00:00,20.8,87.6,25.0,990.0,3.0,305.0,62,25.0,0.0,2019,8,6,18,1
2019218N21088,2019,UNNAMED,2019-08-07 00:00:00+00:00,21.0,87.4,30.0,988.0,2.0,340.0,47,25.0,5.0,2019,8,7,0,0
2019218N21088,2019,UNNAMED,2019-08-07 03:00:00+00:00,21.1,87.4,30.0,988.0,3.0,315.0,53,30.0,0.0,2019,8,7,3,0
2019218N21088,2019,UNNAMED,2019-08-07 06:00:00+00:00,21.2,87.2,30.0,988.0,6.0,310.0,30,30.0,0.0,2019,8,7,6,0
2019218N21088,2019,UNNAMED,2019-08-07 12:00:00+00:00,21.9,86.5,30.0,988.0,10.0,310.0,0,30.0,0.0,2019,8,7,12,0
2019218N21088,2019,UNNAMED,2019-08-07 18:00:00+00:00,22.4,85.6,30.0,988.0,12.0,290.0,0,30.0,0.0,2019,8,7,18,0
2019218N21088,2019,UNNAMED,2019-08-08 00:00:00+00:00,22.8,84.0,25.0,999.0,19.0,280.0,0,30.0,-5.0,2019,8,8,0,0
2019218N21088,2019,UNNAMED,2019-08-08 03:00:00+00:00,23.0,82.9,25.0,999.0,20.0,285.0,0,25.0,0.0,2019,8,8,3,0
2019218N21088,2019,UNNAMED,2019-08-08 06:00:00+00:00,23.4,81.9,25.0,999.0,19.0,290.0,0,25.0,0.0,2019,8,8,6,0
2019218N21088,2019,UNNAMED,2019-08-08 12:00:00+00:00,23.6,80.2,25.0,999.0,9.0,270.0,0,25.0,0.0,2019,8,8,12,0
2019218N21088,2019,UNNAMED,2019-08-08 18:00:00+00:00,23.6,79.8,25.0,1000.0,5.0,265.0,0,25.0,0.0,2019,8,8,18,0
2019218N21088,2019,UNNAMED,2019-08-09 00:00:00+00:00,23.6,78.6,25.0,1000.0,19.0,275.0,0,25.0,0.0,2019,8,9,0,0
2019218N21088,2019,UNNAMED,2019-08-09 03:00:00+00:00,23.8,77.3,25.0,1000.0,23.0,280.0,0,25.0,0.0,2019,8,9,3,0
2019264N19071,2019,HIKAA:HIKKA,2019-09-22 03:00:00+00:00,19.8,69.2,25.0,1002.0,7.0,305.0,178,35.0,0.0,2019,9,22,3,0
2019264N19071,2019,HIKAA:HIKKA,2019-09-22 06:00:00+00:00,20.0,68.9,25.0,1000.0,8.0,305.0,182,25.0,0.0,2019,9,22,6,1
2019264N19071,2019,HIKAA:HIKKA,2019-09-22 12:00:00+00:00,20.4,68.1,30.0,999.0,9.0,285.0,212,25.0,5.0,2019,9,22,12,0
2019264N19071,2019,HIKAA:HIKKA,2019-09-22 18:00:00+00:00,20.4,67.1,30.0,998.0,10.0,265.0,274,30.0,0.0,2019,9,22,18,1
2019264N19071,2019,HIKAA:HIKKA,2019-09-23 00:00:00+00:00,20.4,66.1,35.0,997.0,10.0,265.0,359,30.0,5.0,2019,9,23,0,1
2019264N19071,2019,HIKAA:HIKKA,2019-09-23 03:00:00+00:00,20.3,65.5,40.0,996.0,11.0,265.0,417,35.0,5.0,2019,9,23,3,1
2019264N19071,2019,HIKAA:HIKKA,2019-09-23 06:00:00+00:00,20.3,64.9,45.0,994.0,13.0,265.0,470,40.0,5.0,2019,9,23,6,1
2019264N19071,2019,HIKAA:HIKKA,2019-09-23 09:00:00+00:00,20.2,64.1,55.0,988.0,12.0,270.0,507,45.0,10.0,2019,9,23,9,0
2019264N19071,2019,HIKAA:HIKKA,2019-09-23 12:00:00+00:00,20.2,63.6,55.0,988.0,12.0,270.0,452,55.0,0.0,2019,9,23,12,0
2019264N19071,2019,HIKAA:HIKKA,2019-09-23 15:00:00+00:00,20.2,62.9,55.0,988.0,12.0,270.0,391,55.0,0.0,2019,9,23,15,1
2019264N19071,2019,HIKAA:HIKKA,2019-09-23 18:00:00+00:00,20.2,62.3,60.0,986.0,13.0,270.0,338,55.0,5.0,2019,9,23,18,0
2019264N19071,2019,HIKAA:HIKKA,2019-09-23 21:00:00+00:00,20.2,61.6,60.0,986.0,13.0,265.0,274,60.0,0.0,2019,9,23,21,1
2019264N19071,2019,HIKAA:HIKKA,2019-09-24 00:00:00+00:00,20.1,61.0,70.0,980.0,12.0,265.0,228,60.0,10.0,2019,9,24,0,1
2019264N19071,2019,HIKAA:HIKKA,2019-09-24 03:00:00+00:00,20.1,60.3,75.0,978.0,13.0,265.0,178,70.0,5.0,2019,9,24,3,0
2019264N19071,2019,HIKAA:HIKKA,2019-09-24 06:00:00+00:00,20.0,59.6,75.0,978.0,13.0,260.0,122,75.0,0.0,2019,9,24,6,0
2019264N19071,2019,HIKAA:HIKKA,2019-09-24 09:00:00+00:00,19.9,58.9,75.0,978.0,12.0,260.0,68,75.0,0.0,2019,9,24,9,0
2019264N19071,2019,HIKAA:HIKKA,2019-09-24 12:00:00+00:00,19.8,58.3,75.0,978.0,12.0,260.0,56,75.0,0.0,2019,9,24,12,0
2019264N19071,2019,HIKAA:HIKKA,2019-09-24 15:00:00+00:00,19.7,57.6,60.0,986.0,12.0,265.0,0,75.0,-15.0,2019,9,24,15,0
2019264N19071,2019,HIKAA:HIKKA,2019-09-24 18:00:00+00:00,19.7,57.1,55.0,989.0,10.0,265.0,0,60.0,-5.0,2019,9,24,18,0
2019264N19071,2019,HIKAA:HIKKA,2019-09-24 21:00:00+00:00,19.6,56.5,45.0,994.0,10.0,265.0,0,55.0,-10.0,2019,9,24,21,0
2019264N19071,2019,HIKAA:HIKKA,2019-09-25 00:00:00+00:00,19.6,56.0,35.0,997.0,10.0,260.0,0,45.0,-10.0,2019,9,25,0,0
2019264N19071,2019,HIKAA:HIKKA,2019-09-25 03:00:00+00:00,19.4,55.5,30.0,999.0,10.0,245.0,0,35.0,-5.0,2019,9,25,3,0
2019273N23070,2019,UNNAMED,2019-09-29 12:00:00+00:00,23.1,70.2,25.0,1002.0,1.0,0.0,0,35.0,0.0,2019,9,29,12,0
2019273N23070,2019,UNNAMED,2019-09-29 18:00:00+00:00,23.1,70.2,25.0,1002.0,1.0,85.0,0,25.0,0.0,2019,9,29,18,0
2019273N23070,2019,UNNAMED,2019-09-30 00:00:00+00:00,23.2,70.5,25.0,1002.0,5.0,50.0,0,25.0,0.0,2019,9,30,0,0
2019273N23070,2019,UNNAMED,2019-09-30 03:00:00+00:00,23.4,70.7,25.0,1002.0,8.0,70.0,0,25.0,0.0,2019,9,30,3,0
2019273N23070,2019,UNNAMED,2019-09-30 06:00:00+00:00,23.5,71.3,25.0,1002.0,9.0,85.0,0,25.0,0.0,2019,9,30,6,0
2019273N23070,2019,UNNAMED,2019-09-30 12:00:00+00:00,23.5,71.9,25.0,1002.0,5.0,85.0,0,25.0,0.0,2019,9,30,12,0
2019273N23070,2019,UNNAMED,2019-09-30 18:00:00+00:00,23.7,72.7,25.0,1002.0,10.0,75.0,0,25.0,0.0,2019,9,30,18,0
2019296N15066,2019,KYAAR:KYARR,2019-10-24 03:00:00+00:00,15.3,70.6,25.0,1000.0,3.0,150.0,318,35.0,0.0,2019,10,24,3,0
2019296N15066,2019,KYAAR:KYARR,2019-10-24 06:00:00+00:00,15.2,70.7,25.0,1000.0,2.0,85.0,313,25.0,0.0,2019,10,24,6,1
2019296N15066,2019,KYAAR:KYARR,2019-10-24 12:00:00+00:00,15.5,71.0,30.0,998.0,4.0,60.0,270,25.0,5.0,2019,10,24,12,0
2019296N15066,2019,KYAAR:KYARR,2019-10-24 18:00:00+00:00,15.6,71.3,30.0,997.0,3.0,65.0,236,30.0,0.0,2019,10,24,18,1
2019296N15066,2019,KYAAR:KYARR,2019-10-25 00:00:00+00:00,15.8,71.6,40.0,996.0,3.0,45.0,197,30.0,10.0,2019,10,25,0,0
2019296N15066,2019,KYAAR:KYARR,2019-10-25 03:00:00+00:00,15.9,71.7,40.0,996.0,3.0,45.0,183,40.0,0.0,2019,10,25,3,1
2019296N15066,2019,KYAAR:KYARR,2019-10-25 06:00:00+00:00,16.0,71.8,45.0,994.0,3.0,30.0,169,40.0,5.0,2019,10,25,6,0
2019296N15066,2019,KYAAR:KYARR,2019-10-25 09:00:00+00:00,16.1,71.8,45.0,994.0,3.0,0.0,166,45.0,0.0,2019,10,25,9,1
2019296N15066,2019,KYAAR:KYARR,2019-10-25 12:00:00+00:00,16.3,71.8,50.0,992.0,2.0,335.0,161,45.0,5.0,2019,10,25,12,1
2019296N15066,2019,KYAAR:KYARR,2019-10-25 15:00:00+00:00,16.3,71.7,55.0,991.0,4.0,300.0,172,50.0,5.0,2019,10,25,15,0
2019296N15066,2019,KYAAR:KYARR,2019-10-25 18:00:00+00:00,16.5,71.5,55.0,990.0,6.0,290.0,191,55.0,0.0,2019,10,25,18,1
2019296N15066,2019,KYAAR:KYARR,2019-10-25 21:00:00+00:00,16.5,71.1,60.0,988.0,7.0,280.0,234,55.0,5.0,2019,10,25,21,1
2019296N15066,2019,KYAAR:KYARR,2019-10-26 00:00:00+00:00,16.6,70.8,65.0,984.0,7.0,275.0,266,60.0,5.0,2019,10,26,0,0
2019296N15066,2019,KYAAR:KYARR,2019-10-26 03:00:00+00:00,16.6,70.4,65.0,984.0,7.0,275.0,308,65.0,0.0,2019,10,26,3,1
2019296N15066,2019,KYAAR:KYARR,2019-10-26 06:00:00+00:00,16.6,70.0,75.0,978.0,7.0,270.0,348,65.0,10.0,2019,10,26,6,1
2019296N15066,2019,KYAAR:KYARR,2019-10-26 09:00:00+00:00,16.6,69.7,80.0,974.0,6.0,280.0,378,75.0,5.0,2019,10,26,9,1
2019296N15066,2019,KYAAR:KYARR,2019-10-26 12:00:00+00:00,16.7,69.4,85.0,970.0,6.0,280.0,405,80.0,5.0,2019,10,26,12,1
2019296N15066,2019,KYAAR:KYARR,2019-10-26 15:00:00+00:00,16.7,69.1,90.0,966.0,5.0,280.0,436,85.0,5.0,2019,10,26,15,1
2019296N15066,2019,KYAAR:KYARR,2019-10-26 18:00:00+00:00,16.8,68.9,105.0,950.0,6.0,285.0,452,90.0,15.0,2019,10,26,18,1
2019296N15066,2019,KYAAR:KYARR,2019-10-26 21:00:00+00:00,16.9,68.5,110.0,946.0,7.0,285.0,488,105.0,5.0,2019,10,26,21,1
2019296N15066,2019,KYAAR:KYARR,2019-10-27 00:00:00+00:00,17.0,68.2,120.0,934.0,7.0,290.0,496,110.0,10.0,2019,10,27,0,1
2019296N15066,2019,KYAAR:KYARR,2019-10-27 03:00:00+00:00,17.1,67.8,125.0,928.0,8.0,290.0,511,120.0,5.0,2019,10,27,3,0
2019296N15066,2019,KYAAR:KYARR,2019-10-27 06:00:00+00:00,17.3,67.4,125.0,928.0,7.0,290.0,516,125.0,0.0,2019,10,27,6,1
2019296N15066,2019,KYAAR:KYARR,2019-10-27 09:00:00+00:00,17.4,67.1,130.0,922.0,6.0,295.0,526,125.0,5.0,2019,10,27,9,0
2019296N15066,2019,KYAAR:KYARR,2019-10-27 12:00:00+00:00,17.5,66.8,130.0,922.0,6.0,290.0,537,130.0,0.0,2019,10,27,12,0
2019296N15066,2019,KYAAR:KYARR,2019-10-27 15:00:00+00:00,17.6,66.5,130.0,922.0,6.0,305.0,551,130.0,0.0,2019,10,27,15,0
2019296N15066,2019,KYAAR:KYARR,2019-10-27 18:00:00+00:00,17.8,66.3,130.0,922.0,8.0,300.0,542,130.0,0.0,2019,10,27,18,0
2019296N15066,2019,KYAAR:KYARR,2019-10-27 21:00:00+00:00,18.0,65.8,125.0,926.0,8.0,290.0,573,130.0,-5.0,2019,10,27,21,0
2019296N15066,2019,KYAAR:KYARR,2019-10-28 00:00:00+00:00,18.2,65.5,125.0,928.0,7.0,285.0,579,125.0,0.0,2019,10,28,0,0
2019296N15066,2019,KYAAR:KYARR,2019-10-28 03:00:00+00:00,18.2,65.1,125.0,928.0,7.0,285.0,606,125.0,0.0,2019,10,28,3,0
2019296N15066,2019,KYAAR:KYARR,2019-10-28 06:00:00+00:00,18.3,64.8,125.0,928.0,5.0,290.0,618,125.0,0.0,2019,10,28,6,0
2019296N15066,2019,KYAAR:KYARR,2019-10-28 09:00:00+00:00,18.4,64.5,125.0,928.0,4.0,300.0,632,125.0,0.0,2019,10,28,9,0
2019296N15066,2019,KYAAR:KYARR,2019-10-28 12:00:00+00:00,18.5,64.4,125.0,928.0,5.0,305.0,623,125.0,0.0,2019,10,28,12,0
2019296N15066,2019,KYAAR:KYARR,2019-10-28 15:00:00+00:00,18.7,64.1,125.0,928.0,5.0,310.0,594,125.0,0.0,2019,10,28,15,0
2019296N15066,2019,KYAAR:KYARR,2019-10-28 18:00:00+00:00,18.8,64.0,125.0,930.0,4.0,305.0,570,125.0,0.0,2019,10,28,18,0
2019296N15066,2019,KYAAR:KYARR,2019-10-28 21:00:00+00:00,18.9,63.8,125.0,930.0,5.0,310.0,546,125.0,0.0,2019,10,28,21,0
2019296N15066,2019,KYAAR:KYARR,2019-10-29 00:00:00+00:00,19.1,63.6,120.0,934.0,5.0,310.0,517,125.0,-5.0,2019,10,29,0,0
2019296N15066,2019,KYAAR:KYARR,2019-10-29 03:00:00+00:00,19.2,63.4,115.0,940.0,4.0,315.0,493,120.0,-5.0,2019,10,29,3,0
2019296N15066,2019,KYAAR:KYARR,2019-10-29 06:00:00+00:00,19.4,63.3,110.0,946.0,4.0,310.0,473,115.0,-5.0,2019,10,29,6,0
2019296N15066,2019,KYAAR:KYARR,2019-10-29 09:00:00+00:00,19.5,63.1,105.0,950.0,2.0,310.0,449,110.0,-5.0,2019,10,29,9,0
2019296N15066,2019,KYAAR:KYARR,2019-10-29 12:00:00+00:00,19.6,63.1,100.0,956.0,2.0,295.0,443,105.0,-5.0,2019,10,29,12,0
2019296N15066,2019,KYAAR:KYARR,2019-10-29 15:00:00+00:00,19.6,62.9,100.0,956.0,3.0,280.0,425,100.0,0.0,2019,10,29,15,0
2019296N15066,2019,KYAAR:KYARR,2019-10-29 18:00:00+00:00,19.6,62.8,95.0,960.0,3.0,275.0,416,100.0,-5.0,2019,10,29,18,0
2019296N15066,2019,KYAAR:KYARR,2019-10-29 21:00:00+00:00,19.6,62.5,90.0,966.0,5.0,265.0,389,95.0,-5.0,2019,10,29,21,0
2019296N15066,2019,KYAAR:KYARR,2019-10-30 00:00:00+00:00,19.6,62.3,85.0,970.0,5.0,255.0,371,90.0,-5.0,2019,10,30,0,0
2019296N15066,2019,KYAAR:KYARR,2019-10-30 03:00:00+00:00,19.5,62.1,80.0,974.0,5.0,240.0,360,85.0,-5.0,2019,10,30,3,0
2019296N15066,2019,KYAAR:KYARR,2019-10-30 06:00:00+00:00,19.3,61.8,75.0,978.0,5.0,230.0,350,80.0,-5.0,2019,10,30,6,0
2019296N15066,2019,KYAAR:KYARR,2019-10-30 09:00:00+00:00,19.2,61.6,70.0,982.0,5.0,225.0,343,75.0,-5.0,2019,10,30,9,0
2019296N15066,2019,KYAAR:KYARR,2019-10-30 12:00:00+00:00,18.9,61.4,65.0,984.0,6.0,240.0,340,70.0,-5.0,2019,10,30,12,0
2019296N15066,2019,KYAAR:KYARR,2019-10-30 15:00:00+00:00,18.9,61.1,60.0,988.0,6.0,245.0,319,65.0,-5.0,2019,10,30,15,0
2019296N15066,2019,KYAAR:KYARR,2019-10-30 18:00:00+00:00,18.7,60.8,55.0,990.0,6.0,235.0,306,60.0,-5.0,2019,10,30,18,0
2019296N15066,2019,KYAAR:KYARR,2019-10-30 21:00:00+00:00,18.5,60.5,55.0,991.0,6.0,225.0,289,55.0,0.0,2019,10,30,21,0
2019296N15066,2019,KYAAR:KYARR,2019-10-31 00:00:00+00:00,18.3,60.4,50.0,994.0,7.0,220.0,284,55.0,-5.0,2019,10,31,0,0
2019296N15066,2019,KYAAR:KYARR,2019-10-31 03:00:00+00:00,18.0,60.1,45.0,996.0,7.0,210.0,267,50.0,-5.0,2019,10,31,3,0
2019296N15066,2019,KYAAR:KYARR,2019-10-31 06:00:00+00:00,17.7,60.0,40.0,998.0,5.0,200.0,273,45.0,-5.0,2019,10,31,6,0
2019296N15066,2019,KYAAR:KYARR,2019-10-31 09:00:00+00:00,17.5,59.9,40.0,998.0,3.0,205.0,278,40.0,0.0,2019,10,31,9,0
2019296N15066,2019,KYAAR:KYARR,2019-10-31 12:00:00+00:00,17.4,59.9,35.0,999.0,4.0,220.0,285,40.0,-5.0,2019,10,31,12,0
2019296N15066,2019,KYAAR:KYARR,2019-10-31 15:00:00+00:00,17.2,59.7,30.0,1001.0,6.0,205.0,284,35.0,-5.0,2019,10,31,15,0
2019296N15066,2019,KYAAR:KYARR,2019-10-31 18:00:00+00:00,16.9,59.6,30.0,1001.0,5.0,195.0,302,30.0,0.0,2019,10,31,18,0
2019296N15066,2019,KYAAR:KYARR,2019-10-31 21:00:00+00:00,16.7,59.5,30.0,1001.0,5.0,215.0,314,30.0,0.0,2019,10,31,21,0
2019296N15066,2019,KYAAR:KYARR,2019-11-01 00:00:00+00:00,16.5,59.3,25.0,1002.0,7.0,225.0,321,30.0,-5.0,2019,11,1,0,0
2019296N15066,2019,KYAAR:KYARR,2019-11-01 03:00:00+00:00,16.2,59.0,25.0,1002.0,8.0,235.0,332,25.0,0.0,2019,11,1,3,0
2019296N15066,2019,KYAAR:KYARR,2019-11-01 06:00:00+00:00,16.0,58.6,25.0,1002.0,9.0,235.0,316,25.0,0.0,2019,11,1,6,0
2019296N15066,2019,KYAAR:KYARR,2019-11-01 09:00:00+00:00,15.7,58.2,25.0,1002.0,11.0,240.0,312,25.0,0.0,2019,11,1,9,0
2019296N15066,2019,KYAAR:KYARR,2019-11-01 12:00:00+00:00,15.4,57.6,25.0,1002.0,11.0,225.0,307,25.0,0.0,2019,11,1,12,0
2019296N15066,2019,KYAAR:KYARR,2019-11-01 15:00:00+00:00,14.9,57.4,25.0,1002.0,11.0,205.0,341,25.0,0.0,2019,11,1,15,0
2019296N15066,2019,KYAAR:KYARR,2019-11-01 18:00:00+00:00,14.4,57.1,25.0,1002.0,12.0,220.0,346,25.0,0.0,2019,11,1,18,0
2019296N15066,2019,KYAAR:KYARR,2019-11-01 21:00:00+00:00,14.0,56.6,25.0,1002.0,12.0,235.0,276,25.0,0.0,2019,11,1,21,0
2019296N15066,2019,KYAAR:KYARR,2019-11-02 00:00:00+00:00,13.8,56.1,25.0,1002.0,14.0,250.0,219,25.0,0.0,2019,11,2,0,0
2019296N15066,2019,KYAAR:KYARR,2019-11-02 03:00:00+00:00,13.6,55.2,25.0,1003.0,18.0,255.0,135,25.0,0.0,2019,11,2,3,0
2019296N15066,2019,KYAAR:KYARR,2019-11-02 06:00:00+00:00,13.3,54.3,25.0,1003.0,16.0,245.0,78,25.0,0.0,2019,11,2,6,0
2019296N15066,2019,KYAAR:KYARR,2019-11-02 09:00:00+00:00,12.9,53.8,25.0,1003.0,14.0,245.0,33,25.0,0.0,2019,11,2,9,0
2019296N15066,2019,KYAAR:KYARR,2019-11-02 12:00:00+00:00,12.6,53.0,20.0,1003.0,17.0,240.0,34,25.0,-5.0,2019,11,2,12,0
2019301N05081,2019,MAHA,2019-10-30 00:00:00+00:00,7.4,75.7,25.0,1003.0,13.0,315.0,180,35.0,0.0,2019,10,30,0,0
2019301N05081,2019,MAHA,2019-10-30 03:00:00+00:00,8.0,75.1,25.0,1003.0,12.0,320.0,184,25.0,0.0,2019,10,30,3,0
2019301N05081,2019,MAHA,2019-10-30 06:00:00+00:00,8.3,74.9,25.0,1002.0,10.0,320.0,188,25.0,0.0,2019,10,30,6,1
2019301N05081,2019,MAHA,2019-10-30 09:00:00+00:00,8.7,74.5,30.0,1001.0,12.0,325.0,212,25.0,5.0,2019,10,30,9,1
2019301N05081,2019,MAHA,2019-10-30 12:00:00+00:00,9.3,74.1,35.0,1000.0,12.0,325.0,230,30.0,5.0,2019,10,30,12,1
2019301N05081,2019,MAHA,2019-10-30 15:00:00+00:00,9.8,73.8,40.0,998.0,13.0,325.0,255,35.0,5.0,2019,10,30,15,0
2019301N05081,2019,MAHA,2019-10-30 18:00:00+00:00,10.3,73.4,40.0,998.0,11.0,330.0,273,40.0,0.0,2019,10,30,18,0
2019301N05081,2019,MAHA,2019-10-30 21:00:00+00:00,10.7,73.3,40.0,998.0,8.0,350.0,253,40.0,0.0,2019,10,30,21,1
2019301N05081,2019,MAHA,2019-10-31 00:00:00+00:00,11.1,73.3,45.0,996.0,9.0,350.0,230,40.0,5.0,2019,10,31,0,0
2019301N05081,2019,MAHA,2019-10-31 03:00:00+00:00,11.6,73.1,45.0,996.0,10.0,350.0,225,45.0,0.0,2019,10,31,3,1
2019301N05081,2019,MAHA,2019-10-31 06:00:00+00:00,12.0,73.1,50.0,994.0,9.0,0.0,200,45.0,5.0,2019,10,31,6,0
2019301N05081,2019,MAHA,2019-10-31 09:00:00+00:00,12.5,73.1,50.0,994.0,10.0,350.0,187,50.0,0.0,2019,10,31,9,0
2019301N05081,2019,MAHA,2019-10-31 12:00:00+00:00,13.0,72.9,50.0,992.0,11.0,330.0,197,50.0,0.0,2019,10,31,12,1
2019301N05081,2019,MAHA,2019-10-31 15:00:00+00:00,13.5,72.6,55.0,990.0,11.0,325.0,214,50.0,5.0,2019,10,31,15,0
2019301N05081,2019,MAHA,2019-10-31 18:00:00+00:00,13.9,72.3,55.0,990.0,9.0,315.0,218,55.0,0.0,2019,10,31,18,0
2019301N05081,2019,MAHA,2019-10-31 21:00:00+00:00,14.1,72.0,55.0,990.0,10.0,315.0,233,55.0,0.0,2019,10,31,21,0
2019301N05081,2019,MAHA,2019-11-01 00:00:00+00:00,14.6,71.6,55.0,990.0,12.0,305.0,251,55.0,0.0,2019,11,1,0,0
2019301N05081,2019,MAHA,2019-11-01 03:00:00+00:00,14.8,70.9,55.0,990.0,12.0,295.0,313,55.0,0.0,2019,11,1,3,0
2019301N05081,2019,MAHA,2019-11-01 06:00:00+00:00,15.2,70.4,55.0,990.0,10.0,300.0,342,55.0,0.0,2019,11,1,6,0
2019301N05081,2019,MAHA,2019-11-01 09:00:00+00:00,15.3,70.0,55.0,990.0,8.0,295.0,377,55.0,0.0,2019,11,1,9,0
2019301N05081,2019,MAHA,2019-11-01 12:00:00+00:00,15.5,69.7,50.0,992.0,7.0,295.0,400,55.0,-5.0,2019,11,1,12,0
2019301N05081,2019,MAHA,2019-11-01 15:00:00+00:00,15.7,69.4,50.0,992.0,6.0,305.0,426,50.0,0.0,2019,11,1,15,0
2019301N05081,2019,MAHA,2019-11-01 18:00:00+00:00,15.9,69.1,50.0,992.0,6.0,310.0,443,50.0,0.0,2019,11,1,18,0
2019301N05081,2019,MAHA,2019-11-01 21:00:00+00:00,16.0,68.9,50.0,992.0,6.0,300.0,473,50.0,0.0,2019,11,1,21,0
2019301N05081,2019,MAHA,2019-11-02 00:00:00+00:00,16.2,68.6,50.0,992.0,6.0,300.0,502,50.0,0.0,2019,11,2,0,0
2019301N05081,2019,MAHA,2019-11-02 03:00:00+00:00,16.3,68.4,50.0,992.0,6.0,315.0,520,50.0,0.0,2019,11,2,3,0
2019301N05081,2019,MAHA,2019-11-02 06:00:00+00:00,16.6,68.2,50.0,992.0,7.0,315.0,529,50.0,0.0,2019,11,2,6,0
2019301N05081,2019,MAHA,2019-11-02 09:00:00+00:00,16.8,67.9,50.0,992.0,7.0,310.0,532,50.0,0.0,2019,11,2,9,1
2019301N05081,2019,MAHA,2019-11-02 12:00:00+00:00,17.0,67.6,55.0,990.0,6.0,300.0,532,50.0,5.0,2019,11,2,12,0
2019301N05081,2019,MAHA,2019-11-02 15:00:00+00:00,17.1,67.3,55.0,990.0,6.0,290.0,541,55.0,0.0,2019,11,2,15,1
2019301N05081,2019,MAHA,2019-11-02 18:00:00+00:00,17.2,67.1,60.0,988.0,5.0,305.0,544,55.0,5.0,2019,11,2,18,0
2019301N05081,2019,MAHA,2019-11-02 21:00:00+00:00,17.4,66.8,60.0,988.0,5.0,305.0,539,60.0,0.0,2019,11,2,21,0
2019301N05081,2019,MAHA,2019-11-03 00:00:00+00:00,17.5,66.6,60.0,988.0,4.0,285.0,552,60.0,0.0,2019,11,3,0,0
2019301N05081,2019,MAHA,2019-11-03 03:00:00+00:00,17.5,66.4,60.0,988.0,4.0,275.0,566,60.0,0.0,2019,11,3,3,0
2019301N05081,2019,MAHA,2019-11-03 06:00:00+00:00,17.6,66.2,60.0,988.0,5.0,280.0,573,60.0,0.0,2019,11,3,6,1
2019301N05081,2019,MAHA,2019-11-03 09:00:00+00:00,17.6,65.9,65.0,984.0,5.0,285.0,596,60.0,5.0,2019,11,3,9,1
2019301N05081,2019,MAHA,2019-11-03 12:00:00+00:00,17.7,65.7,70.0,982.0,4.0,300.0,604,65.0,5.0,2019,11,3,12,1
2019301N05081,2019,MAHA,2019-11-03 15:00:00+00:00,17.8,65.5,75.0,978.0,4.0,300.0,611,70.0,5.0,2019,11,3,15,1
2019301N05081,2019,MAHA,2019-11-03 18:00:00+00:00,17.9,65.4,80.0,974.0,5.0,290.0,611,75.0,5.0,2019,11,3,18,1
2019301N05081,2019,MAHA,2019-11-03 21:00:00+00:00,18.0,65.1,85.0,970.0,5.0,295.0,623,80.0,5.0,2019,11,3,21,1
2019301N05081,2019,MAHA,2019-11-04 00:00:00+00:00,18.1,64.9,90.0,966.0,5.0,305.0,628,85.0,5.0,2019,11,4,0,0
2019301N05081,2019,MAHA,2019-11-04 03:00:00+00:00,18.3,64.6,90.0,966.0,7.0,315.0,633,90.0,0.0,2019,11,4,3,0
2019301N05081,2019,MAHA,2019-11-04 06:00:00+00:00,18.6,64.4,90.0,966.0,5.0,320.0,617,90.0,0.0,2019,11,4,6,1
2019301N05081,2019,MAHA,2019-11-04 09:00:00+00:00,18.7,64.2,95.0,962.0,4.0,330.0,594,90.0,5.0,2019,11,4,9,1
2019301N05081,2019,MAHA,2019-11-04 12:00:00+00:00,18.9,64.1,100.0,956.0,6.0,325.0,582,95.0,5.0,2019,11,4,12,0
2019301N05081,2019,MAHA,2019-11-04 15:00:00+00:00,19.2,63.9,100.0,956.0,6.0,315.0,539,100.0,0.0,2019,11,4,15,0
2019301N05081,2019,MAHA,2019-11-04 18:00:00+00:00,19.3,63.7,100.0,956.0,4.0,305.0,515,100.0,0.0,2019,11,4,18,0
2019301N05081,2019,MAHA,2019-11-04 21:00:00+00:00,19.4,63.6,100.0,956.0,3.0,315.0,500,100.0,0.0,2019,11,4,21,0
2019301N05081,2019,MAHA,2019-11-05 00:00:00+00:00,19.5,63.5,90.0,966.0,2.0,340.0,486,100.0,-10.0,2019,11,5,0,0
2019301N05081,2019,MAHA,2019-11-05 03:00:00+00:00,19.6,63.5,85.0,970.0,2.0,25.0,480,90.0,-5.0,2019,11,5,3,0
2019301N05081,2019,MAHA,2019-11-05 06:00:00+00:00,19.7,63.6,80.0,974.0,3.0,60.0,483,85.0,-5.0,2019,11,5,6,0
2019301N05081,2019,MAHA,2019-11-05 09:00:00+00:00,19.7,63.7,80.0,974.0,4.0,80.0,492,80.0,0.0,2019,11,5,9,0
2019301N05081,2019,MAHA,2019-11-05 12:00:00+00:00,19.8,64.0,70.0,982.0,5.0,90.0,511,80.0,-10.0,2019,11,5,12,0
2019301N05081,2019,MAHA,2019-11-05 15:00:00+00:00,19.8,64.3,70.0,982.0,8.0,90.0,538,70.0,0.0,2019,11,5,15,0
2019301N05081,2019,MAHA,2019-11-05 18:00:00+00:00,19.8,64.8,70.0,982.0,9.0,90.0,508,70.0,0.0,2019,11,5,18,0
2019301N05081,2019,MAHA,2019-11-05 21:00:00+00:00,19.8,65.3,70.0,982.0,8.0,90.0,466,70.0,0.0,2019,11,5,21,0
2019301N05081,2019,MAHA,2019-11-06 00:00:00+00:00,19.8,65.6,60.0,988.0,7.0,90.0,441,70.0,-10.0,2019,11,6,0,0
2019301N05081,2019,MAHA,2019-11-06 03:00:00+00:00,19.7,66.0,55.0,990.0,7.0,100.0,418,60.0,-5.0,2019,11,6,3,0
2019301N05081,2019,MAHA,2019-11-06 06:00:00+00:00,19.7,66.4,50.0,994.0,8.0,100.0,389,55.0,-5.0,2019,11,6,6,0
2019301N05081,2019,MAHA,2019-11-06 09:00:00+00:00,19.6,66.9,50.0,994.0,11.0,95.0,365,50.0,0.0,2019,11,6,9,0
2019301N05081,2019,MAHA,2019-11-06 12:00:00+00:00,19.6,67.5,45.0,996.0,11.0,90.0,320,50.0,-5.0,2019,11,6,12,0
2019301N05081,2019,MAHA,2019-11-06 15:00:00+00:00,19.6,68.1,40.0,998.0,9.0,95.0,274,45.0,-5.0,2019,11,6,15,0
2019301N05081,2019,MAHA,2019-11-06 18:00:00+00:00,19.6,68.5,40.0,998.0,9.0,90.0,244,40.0,0.0,2019,11,6,18,0
2019301N05081,2019,MAHA,2019-11-06 21:00:00+00:00,19.6,69.0,35.0,1000.0,11.0,80.0,209,40.0,-5.0,2019,11,6,21,0
2019301N05081,2019,MAHA,2019-11-07 00:00:00+00:00,19.7,69.6,30.0,1003.0,10.0,70.0,163,35.0,-5.0,2019,11,7,0,0
2019301N05081,2019,MAHA,2019-11-07 03:00:00+00:00,19.9,70.1,30.0,1003.0,8.0,65.0,115,30.0,0.0,2019,11,7,3,0
2019301N05081,2019,MAHA,2019-11-07 06:00:00+00:00,20.1,70.4,25.0,1005.0,7.0,70.0,78,30.0,-5.0,2019,11,7,6,0
2019302N11118,2019,BULBUL:MATMO,2019-10-29 18:00:00+00:00,12.9,112.8,35.0,1000.0,10.0,280.0,357,35.0,0.0,2019,10,29,18,1
2019302N11118,2019,BULBUL:MATMO,2019-10-30 00:00:00+00:00,13.1,111.7,45.0,994.0,10.0,275.0,239,35.0,10.0,2019,10,30,0,1
2019302N11118,2019,BULBUL:MATMO,2019-10-30 06:00:00+00:00,13.2,110.8,50.0,992.0,7.0,275.0,144,45.0,5.0,2019,10,30,6,0
2019302N11118,2019,BULBUL:MATMO,2019-10-30 12:00:00+00:00,13.3,110.1,50.0,992.0,10.0,280.0,78,50.0,0.0,2019,10,30,12,0
2019302N11118,2019,BULBUL:MATMO,2019-10-30 18:00:00+00:00,13.5,108.8,50.0,994.0,15.0,275.0,0,50.0,0.0,2019,10,30,18,0
2019302N11118,2019,BULBUL:MATMO,2019-10-31 00:00:00+00:00,13.6,107.2,35.0,1000.0,14.0,275.0,0,50.0,-15.0,2019,10,31,0,0
2019302N11118,2019,BULBUL:MATMO,2019-11-05 00:00:00+00:00,12.9,91.1,20.0,1004.0,4.0,285.0,481,35.0,-15.0,2019,11,5,0,1
2019302N11118,2019,BULBUL:MATMO,2019-11-05 03:00:00+00:00,12.9,90.9,25.0,1003.0,5.0,280.0,496,20.0,5.0,2019,11,5,3,0
2019302N11118,2019,BULBUL:MATMO,2019-11-05 06:00:00+00:00,12.9,90.6,25.0,1003.0,5.0,280.0,520,25.0,0.0,2019,11,5,6,0
2019302N11118,2019,BULBUL:MATMO,2019-11-05 12:00:00+00:00,13.1,90.1,25.0,1003.0,5.0,280.0,547,25.0,0.0,2019,11,5,12,0
2019302N11118,2019,BULBUL:MATMO,2019-11-05 18:00:00+00:00,13.1,89.8,25.0,1002.0,2.0,320.0,574,25.0,0.0,2019,11,5,18,1
2019302N11118,2019,BULBUL:MATMO,2019-11-06 00:00:00+00:00,13.3,89.8,30.0,1001.0,1.0,0.0,561,25.0,5.0,2019,11,6,0,0
2019302N11118,2019,BULBUL:MATMO,2019-11-06 03:00:00+00:00,13.3,89.8,30.0,1001.0,1.0,245.0,561,30.0,0.0,2019,11,6,3,0
2019302N11118,2019,BULBUL:MATMO,2019-11-06 06:00:00+00:00,13.3,89.7,30.0,1001.0,1.0,275.0,570,30.0,0.0,2019,11,6,6,0
2019302N11118,2019,BULBUL:MATMO,2019-11-06 12:00:00+00:00,13.4,89.7,30.0,1000.0,3.0,355.0,564,30.0,0.0,2019,11,6,12,1
2019302N11118,2019,BULBUL:MATMO,2019-11-06 18:00:00+00:00,13.9,89.6,35.0,998.0,5.0,335.0,547,30.0,5.0,2019,11,6,18,0
2019302N11118,2019,BULBUL:MATMO,2019-11-07 00:00:00+00:00,14.4,89.3,35.0,998.0,7.0,340.0,555,35.0,0.0,2019,11,7,0,0
2019302N11118,2019,BULBUL:MATMO,2019-11-07 03:00:00+00:00,14.8,89.1,35.0,998.0,10.0,330.0,563,35.0,0.0,2019,11,7,3,1
2019302N11118,2019,BULBUL:MATMO,2019-11-07 06:00:00+00:00,15.2,88.7,40.0,996.0,9.0,315.0,589,35.0,5.0,2019,11,7,6,1
2019302N11118,2019,BULBUL:MATMO,2019-11-07 09:00:00+00:00,15.4,88.4,45.0,995.0,8.0,315.0,554,40.0,5.0,2019,11,7,9,0
2019302N11118,2019,BULBUL:MATMO,2019-11-07 12:00:00+00:00,15.8,88.2,45.0,994.0,8.0,320.0,507,45.0,0.0,2019,11,7,12,1
2019302N11118,2019,BULBUL:MATMO,2019-11-07 15:00:00+00:00,16.0,88.0,50.0,992.0,6.0,330.0,477,45.0,5.0,2019,11,7,15,1
2019302N11118,2019,BULBUL:MATMO,2019-11-07 18:00:00+00:00,16.3,87.8,55.0,989.0,6.0,340.0,439,50.0,5.0,2019,11,7,18,1
2019302N11118,2019,BULBUL:MATMO,2019-11-07 21:00:00+00:00,16.6,87.7,60.0,986.0,7.0,350.0,404,55.0,5.0,2019,11,7,21,1
2019302N11118,2019,BULBUL:MATMO,2019-11-08 00:00:00+00:00,17.0,87.7,65.0,983.0,7.0,0.0,362,60.0,5.0,2019,11,8,0,0
2019302N11118,2019,BULBUL:MATMO,2019-11-08 03:00:00+00:00,17.3,87.7,65.0,982.0,8.0,0.0,331,65.0,0.0,2019,11,8,3,1
2019302N11118,2019,BULBUL:MATMO,2019-11-08 06:00:00+00:00,17.7,87.8,70.0,980.0,9.0,5.0,296,65.0,5.0,2019,11,8,6,0
2019302N11118,2019,BULBUL:MATMO,2019-11-08 09:00:00+00:00,18.2,87.8,70.0,980.0,9.0,0.0,249,70.0,0.0,2019,11,8,9,1
2019302N11118,2019,BULBUL:MATMO,2019-11-08 12:00:00+00:00,18.6,87.8,75.0,976.0,9.0,0.0,214,70.0,5.0,2019,11,8,12,0
2019302N11118,2019,BULBUL:MATMO,2019-11-08 15:00:00+00:00,19.1,87.8,75.0,976.0,7.0,355.0,176,75.0,0.0,2019,11,8,15,0
2019302N11118,2019,BULBUL:MATMO,2019-11-08 18:00:00+00:00,19.3,87.7,75.0,976.0,5.0,355.0,153,75.0,0.0,2019,11,8,18,0
2019302N11118,2019,BULBUL:MATMO,2019-11-08 21:00:00+00:00,19.6,87.7,75.0,976.0,7.0,355.0,130,75.0,0.0,2019,11,8,21,0
2019302N11118,2019,BULBUL:MATMO,2019-11-09 00:00:00+00:00,20.0,87.6,75.0,976.0,7.0,355.0,107,75.0,0.0,2019,11,9,0,0
2019302N11118,2019,BULBUL:MATMO,2019-11-09 03:00:00+00:00,20.4,87.6,70.0,980.0,6.0,10.0,70,75.0,-5.0,2019,11,9,3,0
2019302N11118,2019,BULBUL:MATMO,2019-11-09 06:00:00+00:00,20.6,87.8,70.0,982.0,6.0,20.0,83,70.0,0.0,2019,11,9,6,0
2019302N11118,2019,BULBUL:MATMO,2019-11-09 09:00:00+00:00,20.9,87.9,70.0,982.0,6.0,25.0,84,70.0,0.0,2019,11,9,9,0
2019302N11118,2019,BULBUL:MATMO,2019-11-09 12:00:00+00:00,21.2,88.1,70.0,982.0,6.0,35.0,45,70.0,0.0,2019,11,9,12,0
2019302N11118,2019,BULBUL:MATMO,2019-11-09 15:00:00+00:00,21.4,88.3,60.0,986.0,7.0,50.0,22,70.0,-10.0,2019,11,9,15,0
2019302N11118,2019,BULBUL:MATMO,2019-11-09 18:00:00+00:00,21.6,88.6,60.0,990.0,9.0,60.0,10,60.0,0.0,2019,11,9,18,0
2019302N11118,2019,BULBUL:MATMO,2019-11-09 21:00:00+00:00,21.8,89.1,50.0,996.0,9.0,65.0,0,60.0,-10.0,2019,11,9,21,0
2019302N11118,2019,BULBUL:MATMO,2019-11-10 00:00:00+00:00,22.0,89.5,45.0,998.0,7.0,65.0,0,50.0,-5.0,2019,11,10,0,0
2019302N11118,2019,BULBUL:MATMO,2019-11-10 03:00:00+00:00,22.2,89.8,40.0,1000.0,7.0,65.0,0,45.0,-5.0,2019,11,10,3,0
2019302N11118,2019,BULBUL:MATMO,2019-11-10 06:00:00+00:00,22.3,90.1,40.0,1000.0,6.0,60.0,0,40.0,0.0,2019,11,10,6,0
2019302N11118,2019,BULBUL:MATMO,2019-11-10 09:00:00+00:00,22.4,90.3,30.0,1002.0,5.0,60.0,0,40.0,-10.0,2019,11,10,9,0
2019302N11118,2019,BULBUL:MATMO,2019-11-10 12:00:00+00:00,22.6,90.6,30.0,1002.0,5.0,65.0,0,30.0,0.0,2019,11,10,12,0
2019302N11118,2019,BULBUL:MATMO,2019-11-10 18:00:00+00:00,22.8,91.1,30.0,1002.0,5.0,60.0,0,30.0,0.0,2019,11,10,18,0
2019335N05058,2019,PAWAN,2019-12-02 12:00:00+00:00,5.9,56.8,25.0,1003.0,2.0,325.0,767,35.0,0.0,2019,12,2,12,0
2019335N05058,2019,PAWAN,2019-12-02 18:00:00+00:00,6.2,56.8,25.0,1002.0,3.0,0.0,749,25.0,0.0,2019,12,2,18,1
2019335N05058,2019,PAWAN,2019-12-03 00:00:00+00:00,6.5,56.9,30.0,1001.0,4.0,5.0,723,25.0,5.0,2019,12,3,0,0
2019335N05058,2019,PAWAN,2019-12-03 03:00:00+00:00,6.7,56.9,30.0,1000.0,4.0,0.0,703,30.0,0.0,2019,12,3,3,0
2019335N05058,2019,PAWAN,2019-12-03 06:00:00+00:00,6.9,56.9,30.0,1000.0,3.0,10.0,683,30.0,0.0,2019,12,3,6,0
2019335N05058,2019,PAWAN,2019-12-03 12:00:00+00:00,7.0,57.0,30.0,1000.0,1.0,60.0,678,30.0,0.0,2019,12,3,12,0
2019335N05058,2019,PAWAN,2019-12-03 18:00:00+00:00,7.1,57.1,30.0,1000.0,1.0,15.0,674,30.0,0.0,2019,12,3,18,0
2019335N05058,2019,PAWAN,2019-12-04 00:00:00+00:00,7.3,57.1,30.0,1000.0,3.0,10.0,655,30.0,0.0,2019,12,4,0,0
2019335N05058,2019,PAWAN,2019-12-04 03:00:00+00:00,7.4,57.1,30.0,1000.0,3.0,0.0,645,30.0,0.0,2019,12,4,3,0
2019335N05058,2019,PAWAN,2019-12-04 06:00:00+00:00,7.5,57.1,30.0,1000.0,2.0,325.0,636,30.0,0.0,2019,12,4,6,0
2019335N05058,2019,PAWAN,2019-12-04 12:00:00+00:00,7.8,56.9,30.0,1000.0,6.0,350.0,595,30.0,0.0,2019,12,4,12,0
2019335N05058,2019,PAWAN,2019-12-04 18:00:00+00:00,8.6,56.9,30.0,1000.0,9.0,350.0,519,30.0,0.0,2019,12,4,18,1
2019335N05058,2019,PAWAN,2019-12-05 00:00:00+00:00,9.3,56.6,35.0,999.0,5.0,310.0,435,30.0,5.0,2019,12,5,0,0
2019335N05058,2019,PAWAN,2019-12-05 03:00:00+00:00,9.3,56.4,35.0,999.0,5.0,280.0,423,35.0,0.0,2019,12,5,3,0
2019335N05058,2019,PAWAN,2019-12-05 06:00:00+00:00,9.4,56.1,35.0,999.0,9.0,270.0,397,35.0,0.0,2019,12,5,6,0
2019335N05058,2019,PAWAN,2019-12-05 09:00:00+00:00,9.3,55.4,35.0,999.0,11.0,265.0,369,35.0,0.0,2019,12,5,9,1
2019335N05058,2019,PAWAN,2019-12-05 12:00:00+00:00,9.3,55.0,40.0,998.0,8.0,255.0,353,35.0,5.0,2019,12,5,12,0
2019335N05058,2019,PAWAN,2019-12-05 15:00:00+00:00,9.1,54.7,35.0,999.0,8.0,235.0,366,40.0,-5.0,2019,12,5,15,0
2019335N05058,2019,PAWAN,2019-12-05 18:00:00+00:00,8.9,54.3,35.0,999.0,9.0,235.0,359,35.0,0.0,2019,12,5,18,0
2019335N05058,2019,PAWAN,2019-12-05 21:00:00+00:00,8.6,53.9,35.0,999.0,10.0,240.0,340,35.0,0.0,2019,12,5,21,0
2019335N05058,2019,PAWAN,2019-12-06 00:00:00+00:00,8.3,53.4,35.0,999.0,9.0,240.0,311,35.0,0.0,2019,12,6,0,0
2019335N05058,2019,PAWAN,2019-12-06 03:00:00+00:00,8.1,53.1,35.0,999.0,7.0,240.0,291,35.0,0.0,2019,12,6,3,0
2019335N05058,2019,PAWAN,2019-12-06 06:00:00+00:00,8.0,52.8,35.0,999.0,6.0,245.0,267,35.0,0.0,2019,12,6,6,0
2019335N05058,2019,PAWAN,2019-12-06 09:00:00+00:00,7.9,52.5,35.0,999.0,6.0,260.0,245,35.0,0.0,2019,12,6,9,0
2019335N05058,2019,PAWAN,2019-12-06 12:00:00+00:00,7.9,52.2,35.0,999.0,9.0,265.0,220,35.0,0.0,2019,12,6,12,0
2019335N05058,2019,PAWAN,2019-12-06 15:00:00+00:00,7.8,51.6,35.0,999.0,11.0,265.0,171,35.0,0.0,2019,12,6,15,0
2019335N05058,2019,PAWAN,2019-12-06 18:00:00+00:00,7.8,51.1,35.0,999.0,10.0,265.0,118,35.0,0.0,2019,12,6,18,0
2019335N05058,2019,PAWAN,2019-12-06 21:00:00+00:00,7.7,50.6,35.0,999.0,13.0,265.0,78,35.0,0.0,2019,12,6,21,0
2019335N05058,2019,PAWAN,2019-12-07 00:00:00+00:00,7.7,49.8,35.0,999.0,12.0,265.0,0,35.0,0.0,2019,12,7,0,0
2019335N05058,2019,PAWAN,2019-12-07 03:00:00+00:00,7.6,49.4,30.0,1000.0,9.0,260.0,0,35.0,-5.0,2019,12,7,3,0
2019335N05058,2019,PAWAN,2019-12-07 06:00:00+00:00,7.5,48.9,30.0,1001.0,9.0,255.0,0,30.0,0.0,2019,12,7,6,0
2019337N11072,2019,UNNAMED,2019-12-03 18:00:00+00:00,13.4,69.9,25.0,1002.0,4.0,20.0,471,35.0,0.0,2019,12,3,18,1
2019337N11072,2019,UNNAMED,2019-12-04 00:00:00+00:00,14.2,69.9,30.0,1000.0,10.0,335.0,437,25.0,5.0,2019,12,4,0,0
2019337N11072,2019,UNNAMED,2019-12-04 03:00:00+00:00,14.7,69.5,30.0,1000.0,10.0,305.0,454,30.0,0.0,2019,12,4,3,0
2019337N11072,2019,UNNAMED,2019-12-04 06:00:00+00:00,14.8,69.1,30.0,1000.0,8.0,285.0,488,30.0,0.0,2019,12,4,6,0
2019337N11072,2019,UNNAMED,2019-12-04 12:00:00+00:00,14.9,68.4,30.0,1000.0,4.0,280.0,554,30.0,0.0,2019,12,4,12,0
2019337N11072,2019,UNNAMED,2019-12-04 18:00:00+00:00,15.0,68.3,30.0,1000.0,2.0,325.0,560,30.0,0.0,2019,12,4,18,0
2019337N11072,2019,UNNAMED,2019-12-05 00:00:00+00:00,15.2,68.0,25.0,1002.0,6.0,300.0,585,30.0,-5.0,2019,12,5,0,0
2019337N11072,2019,UNNAMED,2019-12-05 03:00:00+00:00,15.4,67.6,25.0,1002.0,9.0,300.0,621,25.0,0.0,2019,12,5,3,0
2019342N09062,2019,UNNAMED,2019-12-08 09:00:00+00:00,9.4,62.2,25.0,1002.0,13.0,290.0,914,35.0,0.0,2019,12,8,9,0
2019342N09062,2019,UNNAMED,2019-12-08 12:00:00+00:00,9.6,61.6,25.0,1002.0,10.0,295.0,844,25.0,0.0,2019,12,8,12,0
2019342N09062,2019,UNNAMED,2019-12-08 18:00:00+00:00,10.0,61.0,25.0,1002.0,7.0,310.0,766,25.0,0.0,2019,12,8,18,1
2019342N09062,2019,UNNAMED,2019-12-09 00:00:00+00:00,10.4,60.4,30.0,1000.0,8.0,290.0,688,25.0,5.0,2019,12,9,0,0
2019342N09062,2019,UNNAMED,2019-12-09 03:00:00+00:00,10.5,60.0,30.0,1000.0,10.0,280.0,644,30.0,0.0,2019,12,9,3,0
2019342N09062,2019,UNNAMED,2019-12-09 06:00:00+00:00,10.6,59.4,30.0,1000.0,10.0,275.0,579,30.0,0.0,2019,12,9,6,0
2019342N09062,2019,UNNAMED,2019-12-09 12:00:00+00:00,10.6,58.5,25.0,1002.0,12.0,270.0,490,30.0,-5.0,2019,12,9,12,0
2019342N09062,2019,UNNAMED,2019-12-09 18:00:00+00:00,10.6,57.0,25.0,1002.0,15.0,270.0,352,25.0,0.0,2019,12,9,18,0
2019342N09062,2019,UNNAMED,2019-12-10 00:00:00+00:00,10.6,55.7,25.0,1002.0,11.0,270.0,259,25.0,0.0,2019,12,10,0,0
2020136N10088,2020,AMPHAN,2020-05-16 00:00:00+00:00,9.8,86.4,25.0,1000.0,6.0,335.0,562,35.0,0.0,2020,5,16,0,0
2020136N10088,2020,AMPHAN,2020-05-16 03:00:00+00:00,10.1,86.2,25.0,1000.0,6.0,325.0,557,25.0,0.0,2020,5,16,3,0
2020136N10088,2020,AMPHAN,2020-05-16 06:00:00+00:00,10.3,86.1,25.0,1000.0,4.0,345.0,557,25.0,0.0,2020,5,16,6,1
2020136N10088,2020,AMPHAN,2020-05-16 09:00:00+00:00,10.5,86.1,30.0,998.0,3.0,15.0,567,25.0,5.0,2020,5,16,9,1
2020136N10088,2020,AMPHAN,2020-05-16 12:00:00+00:00,10.6,86.2,35.0,996.0,3.0,5.0,581,30.0,5.0,2020,5,16,12,1
2020136N10088,2020,AMPHAN,2020-05-16 15:00:00+00:00,10.8,86.1,40.0,995.0,3.0,350.0,581,35.0,5.0,2020,5,16,15,0
2020136N10088,2020,AMPHAN,2020-05-16 18:00:00+00:00,10.9,86.1,40.0,995.0,3.0,0.0,586,40.0,0.0,2020,5,16,18,1
2020136N10088,2020,AMPHAN,2020-05-16 21:00:00+00:00,11.1,86.1,45.0,994.0,3.0,0.0,597,40.0,5.0,2020,5,16,21,0
2020136N10088,2020,AMPHAN,2020-05-17 00:00:00+00:00,11.2,86.1,45.0,993.0,2.0,0.0,603,45.0,0.0,2020,5,17,0,1
2020136N10088,2020,AMPHAN,2020-05-17 03:00:00+00:00,11.3,86.1,50.0,990.0,3.0,15.0,609,45.0,5.0,2020,5,17,3,1
2020136N10088,2020,AMPHAN,2020-05-17 06:00:00+00:00,11.5,86.2,55.0,988.0,3.0,5.0,630,50.0,5.0,2020,5,17,6,1
2020136N10088,2020,AMPHAN,2020-05-17 09:00:00+00:00,11.6,86.2,65.0,980.0,5.0,5.0,636,55.0,10.0,2020,5,17,9,1
2020136N10088,2020,AMPHAN,2020-05-17 12:00:00+00:00,11.9,86.2,70.0,978.0,9.0,15.0,654,65.0,5.0,2020,5,17,12,1
2020136N10088,2020,AMPHAN,2020-05-17 15:00:00+00:00,12.5,86.4,75.0,972.0,6.0,15.0,636,70.0,5.0,2020,5,17,15,1
2020136N10088,2020,AMPHAN,2020-05-17 18:00:00+00:00,12.5,86.4,80.0,970.0,4.0,15.0,636,75.0,5.0,2020,5,17,18,1
2020136N10088,2020,AMPHAN,2020-05-17 21:00:00+00:00,12.9,86.5,90.0,962.0,7.0,0.0,612,80.0,10.0,2020,5,17,21,1
2020136N10088,2020,AMPHAN,2020-05-18 00:00:00+00:00,13.2,86.4,100.0,952.0,5.0,330.0,582,90.0,10.0,2020,5,18,0,1
2020136N10088,2020,AMPHAN,2020-05-18 03:00:00+00:00,13.3,86.2,115.0,936.0,3.0,330.0,558,100.0,15.0,2020,5,18,3,1
2020136N10088,2020,AMPHAN,2020-05-18 06:00:00+00:00,13.4,86.2,120.0,930.0,4.0,360.0,551,115.0,5.0,2020,5,18,6,0
2020136N10088,2020,AMPHAN,2020-05-18 09:00:00+00:00,13.7,86.2,120.0,930.0,7.0,15.0,529,120.0,0.0,2020,5,18,9,1
2020136N10088,2020,AMPHAN,2020-05-18 12:00:00+00:00,14.1,86.4,125.0,926.0,8.0,15.0,520,120.0,5.0,2020,5,18,12,0
2020136N10088,2020,AMPHAN,2020-05-18 15:00:00+00:00,14.5,86.5,125.0,926.0,8.0,15.0,494,125.0,0.0,2020,5,18,15,1
2020136N10088,2020,AMPHAN,2020-05-18 18:00:00+00:00,14.9,86.6,130.0,920.0,7.0,15.0,464,125.0,5.0,2020,5,18,18,0
2020136N10088,2020,AMPHAN,2020-05-18 21:00:00+00:00,15.2,86.7,130.0,920.0,7.0,15.0,443,130.0,0.0,2020,5,18,21,0
2020136N10088,2020,AMPHAN,2020-05-19 00:00:00+00:00,15.6,86.8,125.0,926.0,9.0,15.0,416,130.0,-5.0,2020,5,19,0,0
2020136N10088,2020,AMPHAN,2020-05-19 03:00:00+00:00,16.0,86.9,120.0,930.0,10.0,10.0,393,125.0,-5.0,2020,5,19,3,0
2020136N10088,2020,AMPHAN,2020-05-19 06:00:00+00:00,16.5,87.0,115.0,936.0,10.0,5.0,361,120.0,-5.0,2020,5,19,6,0
2020136N10088,2020,AMPHAN,2020-05-19 09:00:00+00:00,16.9,87.0,110.0,942.0,9.0,5.0,324,115.0,-5.0,2020,5,19,9,0
2020136N10088,2020,AMPHAN,2020-05-19 12:00:00+00:00,17.3,87.1,105.0,946.0,10.0,5.0,298,110.0,-5.0,2020,5,19,12,0
2020136N10088,2020,AMPHAN,2020-05-19 15:00:00+00:00,17.9,87.1,100.0,948.0,10.0,10.0,246,105.0,-5.0,2020,5,19,15,0
2020136N10088,2020,AMPHAN,2020-05-19 18:00:00+00:00,18.3,87.2,100.0,948.0,8.0,10.0,197,100.0,0.0,2020,5,19,18,0
2020136N10088,2020,AMPHAN,2020-05-19 21:00:00+00:00,18.7,87.3,100.0,948.0,9.0,20.0,173,100.0,0.0,2020,5,19,21,0
2020136N10088,2020,AMPHAN,2020-05-20 00:00:00+00:00,19.2,87.5,95.0,952.0,12.0,20.0,145,100.0,-5.0,2020,5,20,0,0
2020136N10088,2020,AMPHAN,2020-05-20 03:00:00+00:00,19.8,87.7,95.0,954.0,15.0,15.0,118,95.0,0.0,2020,5,20,3,0
2020136N10088,2020,AMPHAN,2020-05-20 06:00:00+00:00,20.6,88.0,90.0,956.0,16.0,15.0,104,95.0,-5.0,2020,5,20,6,0
2020136N10088,2020,AMPHAN,2020-05-20 09:00:00+00:00,21.4,88.1,90.0,960.0,16.0,15.0,24,90.0,0.0,2020,5,20,9,0
2020136N10088,2020,AMPHAN,2020-05-20 12:00:00+00:00,22.1,88.4,85.0,957.0,16.0,20.0,0,90.0,-5.0,2020,5,20,12,0
2020136N10088,2020,AMPHAN,2020-05-20 15:00:00+00:00,22.8,88.6,65.0,968.0,16.0,25.0,0,85.0,-20.0,2020,5,20,15,0
2020136N10088,2020,AMPHAN,2020-05-20 18:00:00+00:00,23.5,89.1,50.0,978.0,16.0,20.0,0,65.0,-15.0,2020,5,20,18,0
2020136N10088,2020,AMPHAN,2020-05-20 21:00:00+00:00,24.3,89.3,45.0,986.0,13.0,25.0,0,50.0,-5.0,2020,5,20,21,0
2020136N10088,2020,AMPHAN,2020-05-21 00:00:00+00:00,24.6,89.6,40.0,988.0,10.0,35.0,0,45.0,-5.0,2020,5,21,0,0
2020136N10088,2020,AMPHAN,2020-05-21 03:00:00+00:00,25.1,89.9,35.0,990.0,8.0,25.0,0,40.0,-5.0,2020,5,21,3,0
2020136N10088,2020,AMPHAN,2020-05-21 06:00:00+00:00,25.4,90.1,30.0,992.0,3.0,295.0,0,35.0,-5.0,2020,5,21,6,0
2020150N17054,2020,UNNAMED,2020-05-29 09:00:00+00:00,17.3,54.3,25.0,1000.0,0.0,0.0,0,35.0,0.0,2020,5,29,9,0
2020150N17054,2020,UNNAMED,2020-05-29 12:00:00+00:00,17.3,54.3,25.0,1000.0,0.0,0.0,0,25.0,0.0,2020,5,29,12,0
2020150N17054,2020,UNNAMED,2020-05-29 18:00:00+00:00,17.3,54.3,25.0,1000.0,1.0,270.0,0,25.0,0.0,2020,5,29,18,0
2020150N17054,2020,UNNAMED,2020-05-30 00:00:00+00:00,17.3,54.2,25.0,1000.0,0.0,270.0,0,25.0,0.0,2020,5,30,0,0
2020150N17054,2020,UNNAMED,2020-05-30 03:00:00+00:00,17.3,54.2,25.0,1000.0,2.0,240.0,0,25.0,0.0,2020,5,30,3,0
2020150N17054,2020,UNNAMED,2020-05-30 06:00:00+00:00,17.2,54.0,25.0,1000.0,3.0,240.0,0,25.0,0.0,2020,5,30,6,0
2020150N17054,2020,UNNAMED,2020-05-30 12:00:00+00:00,17.2,54.0,25.0,1000.0,1.0,60.0,0,25.0,0.0,2020,5,30,12,0
2020150N17054,2020,UNNAMED,2020-05-30 18:00:00+00:00,17.2,54.0,25.0,1000.0,1.0,240.0,0,25.0,0.0,2020,5,30,18,0
2020150N17054,2020,UNNAMED,2020-05-31 00:00:00+00:00,17.1,53.8,25.0,1000.0,1.0,240.0,0,25.0,0.0,2020,5,31,0,0
2020150N17054,2020,UNNAMED,2020-05-31 03:00:00+00:00,17.1,53.8,25.0,1000.0,3.0,250.0,0,25.0,0.0,2020,5,31,3,0
2020150N17054,2020,UNNAMED,2020-05-31 06:00:00+00:00,17.0,53.5,25.0,1000.0,5.0,255.0,0,25.0,0.0,2020,5,31,6,0
2020150N17054,2020,UNNAMED,2020-05-31 12:00:00+00:00,16.9,53.1,25.0,1000.0,3.0,250.0,0,25.0,0.0,2020,5,31,12,0
2020153N13072,2020,NISARGA,2020-06-01 00:00:00+00:00,13.0,71.6,25.0,1004.0,6.0,285.0,335,35.0,0.0,2020,6,1,0,0
2020153N13072,2020,NISARGA,2020-06-01 03:00:00+00:00,13.1,71.4,25.0,1004.0,6.0,315.0,348,25.0,0.0,2020,6,1,3,0
2020153N13072,2020,NISARGA,2020-06-01 06:00:00+00:00,13.4,71.2,25.0,1004.0,7.0,340.0,347,25.0,0.0,2020,6,1,6,0
2020153N13072,2020,NISARGA,2020-06-01 12:00:00+00:00,14.0,71.1,25.0,1003.0,5.0,5.0,315,25.0,0.0,2020,6,1,12,0
2020153N13072,2020,NISARGA,2020-06-01 18:00:00+00:00,14.4,71.2,25.0,1003.0,5.0,5.0,300,25.0,0.0,2020,6,1,18,1
2020153N13072,2020,NISARGA,2020-06-02 00:00:00+00:00,15.0,71.3,30.0,1000.0,6.0,0.0,265,25.0,5.0,2020,6,2,0,0
2020153N13072,2020,NISARGA,2020-06-02 03:00:00+00:00,15.3,71.3,30.0,1000.0,7.0,0.0,252,30.0,0.0,2020,6,2,3,1
2020153N13072,2020,NISARGA,2020-06-02 06:00:00+00:00,15.7,71.3,35.0,999.0,7.0,0.0,231,30.0,5.0,2020,6,2,6,0
2020153N13072,2020,NISARGA,2020-06-02 09:00:00+00:00,16.0,71.3,35.0,999.0,7.0,10.0,220,35.0,0.0,2020,6,2,9,1
2020153N13072,2020,NISARGA,2020-06-02 12:00:00+00:00,16.3,71.4,40.0,996.0,3.0,40.0,203,35.0,5.0,2020,6,2,12,0
2020153N13072,2020,NISARGA,2020-06-02 15:00:00+00:00,16.2,71.5,40.0,996.0,5.0,35.0,195,40.0,0.0,2020,6,2,15,0
2020153N13072,2020,NISARGA,2020-06-02 18:00:00+00:00,16.8,71.6,40.0,996.0,9.0,25.0,170,40.0,0.0,2020,6,2,18,1
2020153N13072,2020,NISARGA,2020-06-02 21:00:00+00:00,17.0,71.9,45.0,994.0,7.0,40.0,144,40.0,5.0,2020,6,2,21,1
2020153N13072,2020,NISARGA,2020-06-03 00:00:00+00:00,17.3,72.1,50.0,992.0,8.0,45.0,101,45.0,5.0,2020,6,3,0,1
2020153N13072,2020,NISARGA,2020-06-03 03:00:00+00:00,17.6,72.4,55.0,988.0,10.0,40.0,74,50.0,5.0,2020,6,3,3,1
2020153N13072,2020,NISARGA,2020-06-03 06:00:00+00:00,18.1,72.9,60.0,984.0,12.0,40.0,10,55.0,5.0,2020,6,3,6,0
2020153N13072,2020,NISARGA,2020-06-03 09:00:00+00:00,18.5,73.2,55.0,992.0,13.0,40.0,0,60.0,-5.0,2020,6,3,9,0
2020153N13072,2020,NISARGA,2020-06-03 12:00:00+00:00,19.1,73.7,40.0,998.0,13.0,35.0,0,55.0,-15.0,2020,6,3,12,0
2020153N13072,2020,NISARGA,2020-06-03 15:00:00+00:00,19.6,74.0,30.0,1000.0,13.0,45.0,0,40.0,-10.0,2020,6,3,15,0
2020153N13072,2020,NISARGA,2020-06-03 18:00:00+00:00,20.0,74.7,30.0,1001.0,14.0,60.0,0,30.0,0.0,2020,6,3,18,0
2020153N13072,2020,NISARGA,2020-06-04 00:00:00+00:00,20.9,76.0,25.0,1004.0,19.0,50.0,0,30.0,-5.0,2020,6,4,0,0
2020153N13072,2020,NISARGA,2020-06-04 03:00:00+00:00,21.5,76.8,20.0,1005.0,19.0,50.0,0,25.0,-5.0,2020,6,4,3,0
2020285N15087,2020,UNNAMED,2020-10-11 00:00:00+00:00,15.3,86.5,20.0,999.0,6.0,290.0,421,35.0,0.0,2020,10,11,0,1
2020285N15087,2020,UNNAMED,2020-10-11 03:00:00+00:00,15.4,86.2,25.0,998.0,7.0,280.0,394,20.0,5.0,2020,10,11,3,0
2020285N15087,2020,UNNAMED,2020-10-11 06:00:00+00:00,15.4,85.8,25.0,998.0,6.0,275.0,370,25.0,0.0,2020,10,11,6,0
2020285N15087,2020,UNNAMED,2020-10-11 12:00:00+00:00,15.5,85.4,25.0,998.0,3.0,295.0,332,25.0,0.0,2020,10,11,12,0
2020285N15087,2020,UNNAMED,2020-10-11 18:00:00+00:00,15.6,85.2,25.0,998.0,2.0,300.0,309,25.0,0.0,2020,10,11,18,0
2020285N15087,2020,UNNAMED,2020-10-12 00:00:00+00:00,15.7,85.0,25.0,998.0,1.0,295.0,286,25.0,0.0,2020,10,12,0,1
2020285N15087,2020,UNNAMED,2020-10-12 03:00:00+00:00,15.7,85.0,30.0,997.0,3.0,315.0,286,25.0,5.0,2020,10,12,3,0
2020285N15087,2020,UNNAMED,2020-10-12 06:00:00+00:00,15.9,84.8,30.0,997.0,4.0,320.0,255,30.0,0.0,2020,10,12,6,0
2020285N15087,2020,UNNAMED,2020-10-12 12:00:00+00:00,16.1,84.6,30.0,997.0,7.0,295.0,224,30.0,0.0,2020,10,12,12,0
2020285N15087,2020,UNNAMED,2020-10-12 18:00:00+00:00,16.5,83.4,30.0,997.0,12.0,290.0,111,30.0,0.0,2020,10,12,18,0
2020285N15087,2020,UNNAMED,2020-10-13 00:00:00+00:00,16.9,82.5,30.0,997.0,8.0,290.0,10,30.0,0.0,2020,10,13,0,0
2020285N15087,2020,UNNAMED,2020-10-13 03:00:00+00:00,17.0,82.1,30.0,996.0,10.0,295.0,0,30.0,0.0,2020,10,13,3,0
2020285N15087,2020,UNNAMED,2020-10-13 06:00:00+00:00,17.3,81.5,25.0,998.0,12.0,295.0,0,30.0,-5.0,2020,10,13,6,0
2020285N15087,2020,UNNAMED,2020-10-13 12:00:00+00:00,17.5,80.5,25.0,998.0,9.0,275.0,0,25.0,0.0,2020,10,13,12,0
2020285N15087,2020,UNNAMED,2020-10-13 18:00:00+00:00,17.6,79.5,25.0,998.0,12.0,275.0,0,25.0,0.0,2020,10,13,18,0
2020285N15087,2020,UNNAMED,2020-10-14 00:00:00+00:00,17.7,78.1,20.0,1000.0,12.0,270.0,0,25.0,-5.0,2020,10,14,0,0
2020285N15087,2020,UNNAMED,2020-10-14 03:00:00+00:00,17.7,77.5,20.0,1000.0,10.0,270.0,0,20.0,0.0,2020,10,14,3,0
2020291N18069,2020,UNNAMED,2020-10-17 03:00:00+00:00,17.8,69.0,20.0,1004.0,15.0,270.0,375,35.0,0.0,2020,10,17,3,0
2020291N18069,2020,UNNAMED,2020-10-17 06:00:00+00:00,17.8,68.2,20.0,1004.0,12.0,270.0,422,20.0,0.0,2020,10,17,6,1
2020291N18069,2020,UNNAMED,2020-10-17 12:00:00+00:00,17.8,67.5,25.0,1003.0,6.0,270.0,465,20.0,5.0,2020,10,17,12,0
2020291N18069,2020,UNNAMED,2020-10-17 18:00:00+00:00,17.8,66.8,25.0,1003.0,4.0,270.0,513,25.0,0.0,2020,10,17,18,0
2020291N18069,2020,UNNAMED,2020-10-18 00:00:00+00:00,17.8,66.4,25.0,1003.0,8.0,270.0,543,25.0,0.0,2020,10,18,0,0
2020291N18069,2020,UNNAMED,2020-10-18 03:00:00+00:00,17.8,65.8,20.0,1004.0,10.0,270.0,588,25.0,-5.0,2020,10,18,3,0
2020291N18069,2020,UNNAMED,2020-10-18 06:00:00+00:00,17.8,65.3,20.0,1004.0,8.0,270.0,626,20.0,0.0,2020,10,18,6,0
2020291N18069,2020,UNNAMED,2020-10-18 12:00:00+00:00,17.8,64.8,20.0,1004.0,4.0,270.0,660,20.0,0.0,2020,10,18,12,0
2020296N19087,2020,UNNAMED,2020-10-22 03:00:00+00:00,18.7,87.0,20.0,999.0,6.0,0.0,158,35.0,0.0,2020,10,22,3,1
2020296N19087,2020,UNNAMED,2020-10-22 06:00:00+00:00,19.0,87.0,25.0,998.0,7.0,10.0,128,20.0,5.0,2020,10,22,6,0
2020296N19087,2020,UNNAMED,2020-10-22 12:00:00+00:00,19.7,87.3,25.0,998.0,6.0,25.0,91,25.0,0.0,2020,10,22,12,0
2020296N19087,2020,UNNAMED,2020-10-22 18:00:00+00:00,20.2,87.6,25.0,998.0,9.0,30.0,83,25.0,0.0,2020,10,22,18,0
2020296N19087,2020,UNNAMED,2020-10-23 00:00:00+00:00,21.2,88.2,25.0,998.0,8.0,35.0,44,25.0,0.0,2020,10,23,0,0
2020296N19087,2020,UNNAMED,2020-10-23 03:00:00+00:00,21.4,88.4,25.0,998.0,6.0,30.0,22,25.0,0.0,2020,10,23,3,0
2020296N19087,2020,UNNAMED,2020-10-23 06:00:00+00:00,21.7,88.5,25.0,998.0,13.0,30.0,0,25.0,0.0,2020,10,23,6,0
2020296N19087,2020,UNNAMED,2020-10-23 09:00:00+00:00,22.5,89.1,25.0,998.0,19.0,30.0,0,25.0,0.0,2020,10,23,9,0
2020296N19087,2020,UNNAMED,2020-10-23 12:00:00+00:00,23.3,89.5,20.0,1000.0,14.0,25.0,0,25.0,-5.0,2020,10,23,12,0
2020326N11063,2020,GATI,2020-11-21 18:00:00+00:00,10.9,55.8,25.0,1000.0,10.0,260.0,237,35.0,0.0,2020,11,21,18,1
2020326N11063,2020,GATI,2020-11-22 00:00:00+00:00,10.8,54.5,30.0,998.0,18.0,260.0,176,25.0,5.0,2020,11,22,0,1
2020326N11063,2020,GATI,2020-11-22 03:00:00+00:00,10.6,53.5,40.0,996.0,19.0,255.0,190,30.0,10.0,2020,11,22,3,1
2020326N11063,2020,GATI,2020-11-22 06:00:00+00:00,10.4,52.6,50.0,992.0,15.0,260.0,131,40.0,10.0,2020,11,22,6,1
2020326N11063,2020,GATI,2020-11-22 09:00:00+00:00,10.4,52.0,65.0,982.0,11.0,270.0,65,50.0,15.0,2020,11,22,9,1
2020326N11063,2020,GATI,2020-11-22 12:00:00+00:00,10.4,51.5,75.0,976.0,10.0,270.0,10,65.0,10.0,2020,11,22,12,0
2020326N11063,2020,GATI,2020-11-22 15:00:00+00:00,10.4,51.0,75.0,976.0,9.0,270.0,0,75.0,0.0,2020,11,22,15,0
2020326N11063,2020,GATI,2020-11-22 18:00:00+00:00,10.4,50.6,65.0,982.0,8.0,275.0,0,75.0,-10.0,2020,11,22,18,0
2020326N11063,2020,GATI,2020-11-22 21:00:00+00:00,10.5,50.2,60.0,986.0,6.0,295.0,0,65.0,-5.0,2020,11,22,21,0
2020326N11063,2020,GATI,2020-11-23 00:00:00+00:00,10.7,50.0,45.0,994.0,6.0,310.0,0,60.0,-15.0,2020,11,23,0,0
2020326N11063,2020,GATI,2020-11-23 03:00:00+00:00,10.9,49.6,35.0,997.0,8.0,305.0,0,45.0,-10.0,2020,11,23,3,0
2020326N11063,2020,GATI,2020-11-23 06:00:00+00:00,11.1,49.3,30.0,998.0,8.0,300.0,0,35.0,-5.0,2020,11,23,6,0
2020326N11063,2020,GATI,2020-11-23 12:00:00+00:00,11.5,48.6,30.0,999.0,10.0,295.0,33,30.0,0.0,2020,11,23,12,0
2020326N11063,2020,GATI,2020-11-23 18:00:00+00:00,11.8,47.5,30.0,1000.0,9.0,270.0,78,30.0,0.0,2020,11,23,18,0
2020326N11063,2020,GATI,2020-11-24 00:00:00+00:00,11.5,46.8,25.0,1001.0,7.0,225.0,70,30.0,-5.0,2020,11,24,0,0
2020327N08086,2020,NIVAR,2020-11-22 21:00:00+00:00,9.0,85.0,25.0,1002.0,6.0,300.0,385,35.0,0.0,2020,11,22,21,0
2020327N08086,2020,NIVAR,2020-11-23 00:00:00+00:00,9.3,84.6,25.0,1002.0,9.0,300.0,360,25.0,0.0,2020,11,23,0,0
2020327N08086,2020,NIVAR,2020-11-23 03:00:00+00:00,9.5,84.2,25.0,1002.0,7.0,295.0,331,25.0,0.0,2020,11,23,3,0
2020327N08086,2020,NIVAR,2020-11-23 06:00:00+00:00,9.6,84.0,25.0,1001.0,5.0,300.0,315,25.0,0.0,2020,11,23,6,1
2020327N08086,2020,NIVAR,2020-11-23 12:00:00+00:00,9.9,83.6,30.0,999.0,3.0,310.0,303,25.0,5.0,2020,11,23,12,0
2020327N08086,2020,NIVAR,2020-11-23 18:00:00+00:00,10.0,83.5,30.0,998.0,2.0,265.0,291,30.0,0.0,2020,11,23,18,1
2020327N08086,2020,NIVAR,2020-11-24 00:00:00+00:00,9.8,83.2,35.0,997.0,2.0,235.0,257,30.0,5.0,2020,11,24,0,0
2020327N08086,2020,NIVAR,2020-11-24 03:00:00+00:00,9.8,83.1,35.0,997.0,3.0,260.0,251,35.0,0.0,2020,11,24,3,1
2020327N08086,2020,NIVAR,2020-11-24 06:00:00+00:00,9.8,83.0,40.0,994.0,3.0,280.0,232,35.0,5.0,2020,11,24,6,1
2020327N08086,2020,NIVAR,2020-11-24 09:00:00+00:00,9.9,82.9,45.0,992.0,3.0,315.0,230,40.0,5.0,2020,11,24,9,0
2020327N08086,2020,NIVAR,2020-11-24 12:00:00+00:00,10.0,82.8,45.0,992.0,3.0,315.0,228,45.0,0.0,2020,11,24,12,0
2020327N08086,2020,NIVAR,2020-11-24 15:00:00+00:00,10.1,82.7,45.0,992.0,3.0,315.0,226,45.0,0.0,2020,11,24,15,1
2020327N08086,2020,NIVAR,2020-11-24 18:00:00+00:00,10.2,82.6,50.0,990.0,4.0,325.0,221,45.0,5.0,2020,11,24,18,1
2020327N08086,2020,NIVAR,2020-11-24 21:00:00+00:00,10.4,82.4,55.0,988.0,5.0,320.0,214,50.0,5.0,2020,11,24,21,1
2020327N08086,2020,NIVAR,2020-11-25 00:00:00+00:00,10.6,82.2,60.0,986.0,8.0,310.0,211,55.0,5.0,2020,11,25,0,0
2020327N08086,2020,NIVAR,2020-11-25 03:00:00+00:00,10.8,81.8,60.0,986.0,9.0,300.0,200,60.0,0.0,2020,11,25,3,0
2020327N08086,2020,NIVAR,2020-11-25 06:00:00+00:00,11.1,81.4,60.0,986.0,8.0,305.0,163,60.0,0.0,2020,11,25,6,1
2020327N08086,2020,NIVAR,2020-11-25 09:00:00+00:00,11.3,81.1,65.0,982.0,6.0,310.0,131,60.0,5.0,2020,11,25,9,0
2020327N08086,2020,NIVAR,2020-11-25 12:00:00+00:00,11.5,80.9,65.0,982.0,7.0,315.0,114,65.0,0.0,2020,11,25,12,0
2020327N08086,2020,NIVAR,2020-11-25 15:00:00+00:00,11.8,80.6,65.0,982.0,8.0,315.0,79,65.0,0.0,2020,11,25,15,0
2020327N08086,2020,NIVAR,2020-11-25 18:00:00+00:00,12.0,80.4,65.0,982.0,7.0,315.0,44,65.0,0.0,2020,11,25,18,0
2020327N08086,2020,NIVAR,2020-11-25 21:00:00+00:00,12.2,80.1,60.0,986.0,6.0,315.0,10,65.0,-5.0,2020,11,25,21,0
2020327N08086,2020,NIVAR,2020-11-26 00:00:00+00:00,12.5,80.0,50.0,992.0,7.0,320.0,0,60.0,-10.0,2020,11,26,0,0
2020327N08086,2020,NIVAR,2020-11-26 03:00:00+00:00,12.7,79.7,40.0,996.0,7.0,330.0,0,50.0,-10.0,2020,11,26,3,0
2020327N08086,2020,NIVAR,2020-11-26 06:00:00+00:00,13.0,79.6,35.0,998.0,6.0,350.0,0,40.0,-5.0,2020,11,26,6,0
2020327N08086,2020,NIVAR,2020-11-26 09:00:00+00:00,13.3,79.6,30.0,999.0,5.0,20.0,0,35.0,-5.0,2020,11,26,9,0
2020327N08086,2020,NIVAR,2020-11-26 12:00:00+00:00,13.5,79.8,30.0,1000.0,5.0,50.0,0,30.0,0.0,2020,11,26,12,0
2020335N06090,2020,BUREVI,2020-11-30 00:00:00+00:00,7.5,87.8,20.0,1003.0,9.0,295.0,653,35.0,0.0,2020,11,30,0,1
2020335N06090,2020,BUREVI,2020-11-30 03:00:00+00:00,7.6,87.6,25.0,1002.0,5.0,285.0,632,20.0,5.0,2020,11,30,3,0
2020335N06090,2020,BUREVI,2020-11-30 06:00:00+00:00,7.6,87.4,25.0,1002.0,3.0,265.0,610,25.0,0.0,2020,11,30,6,0
2020335N06090,2020,BUREVI,2020-11-30 12:00:00+00:00,7.5,87.1,25.0,1002.0,3.0,250.0,576,25.0,0.0,2020,11,30,12,0
2020335N06090,2020,BUREVI,2020-11-30 18:00:00+00:00,7.5,86.8,25.0,1002.0,5.0,265.0,543,25.0,0.0,2020,11,30,18,1
2020335N06090,2020,BUREVI,2020-12-01 00:00:00+00:00,7.4,86.1,30.0,1000.0,7.0,265.0,465,25.0,5.0,2020,12,1,0,0
2020335N06090,2020,BUREVI,2020-12-01 03:00:00+00:00,7.4,85.8,30.0,1000.0,7.0,275.0,432,30.0,0.0,2020,12,1,3,0
2020335N06090,2020,BUREVI,2020-12-01 06:00:00+00:00,7.5,85.4,30.0,1000.0,7.0,285.0,390,30.0,0.0,2020,12,1,6,1
2020335N06090,2020,BUREVI,2020-12-01 12:00:00+00:00,7.7,84.9,35.0,999.0,6.0,295.0,340,30.0,5.0,2020,12,1,12,0
2020335N06090,2020,BUREVI,2020-12-01 15:00:00+00:00,7.8,84.6,35.0,999.0,7.0,295.0,309,35.0,0.0,2020,12,1,15,0
2020335N06090,2020,BUREVI,2020-12-01 18:00:00+00:00,8.0,84.3,35.0,999.0,10.0,300.0,279,35.0,0.0,2020,12,1,18,0
2020335N06090,2020,BUREVI,2020-12-01 21:00:00+00:00,8.3,83.7,35.0,999.0,10.0,295.0,223,35.0,0.0,2020,12,1,21,1
2020335N06090,2020,BUREVI,2020-12-02 00:00:00+00:00,8.5,83.3,40.0,998.0,8.0,295.0,193,35.0,5.0,2020,12,2,0,0
2020335N06090,2020,BUREVI,2020-12-02 03:00:00+00:00,8.6,82.9,40.0,998.0,7.0,290.0,158,40.0,0.0,2020,12,2,3,1
2020335N06090,2020,BUREVI,2020-12-02 06:00:00+00:00,8.7,82.6,45.0,996.0,7.0,285.0,135,40.0,5.0,2020,12,2,6,0
2020335N06090,2020,BUREVI,2020-12-02 09:00:00+00:00,8.8,82.2,45.0,996.0,7.0,280.0,98,45.0,0.0,2020,12,2,9,0
2020335N06090,2020,BUREVI,2020-12-02 12:00:00+00:00,8.8,81.9,45.0,996.0,6.0,280.0,70,45.0,0.0,2020,12,2,12,0
2020335N06090,2020,BUREVI,2020-12-02 15:00:00+00:00,8.9,81.6,45.0,996.0,7.0,280.0,49,45.0,0.0,2020,12,2,15,0
2020335N06090,2020,BUREVI,2020-12-02 18:00:00+00:00,9.0,81.2,45.0,996.0,8.0,280.0,24,45.0,0.0,2020,12,2,18,0
2020335N06090,2020,BUREVI,2020-12-02 21:00:00+00:00,9.0,80.9,40.0,998.0,7.0,275.0,0,45.0,-5.0,2020,12,2,21,0
2020335N06090,2020,BUREVI,2020-12-03 00:00:00+00:00,9.0,80.5,40.0,998.0,5.0,285.0,0,40.0,0.0,2020,12,3,0,0
2020335N06090,2020,BUREVI,2020-12-03 03:00:00+00:00,9.1,80.4,40.0,998.0,5.0,310.0,0,40.0,0.0,2020,12,3,3,0
2020335N06090,2020,BUREVI,2020-12-03 06:00:00+00:00,9.3,80.1,40.0,998.0,6.0,290.0,0,40.0,0.0,2020,12,3,6,0
2020335N06090,2020,BUREVI,2020-12-03 09:00:00+00:00,9.4,79.8,35.0,999.0,5.0,280.0,32,40.0,-5.0,2020,12,3,9,0
2020335N06090,2020,BUREVI,2020-12-03 12:00:00+00:00,9.4,79.6,30.0,1000.0,4.0,275.0,54,35.0,-5.0,2020,12,3,12,0
2020335N06090,2020,BUREVI,2020-12-03 15:00:00+00:00,9.4,79.4,30.0,1000.0,3.0,250.0,45,30.0,0.0,2020,12,3,15,0
2020335N06090,2020,BUREVI,2020-12-03 18:00:00+00:00,9.3,79.3,30.0,1000.0,2.0,225.0,32,30.0,0.0,2020,12,3,18,0
2020335N06090,2020,BUREVI,2020-12-03 21:00:00+00:00,9.3,79.3,30.0,1000.0,1.0,205.0,32,30.0,0.0,2020,12,3,21,0
2020335N06090,2020,BUREVI,2020-12-04 00:00:00+00:00,9.2,79.3,30.0,1000.0,1.0,205.0,34,30.0,0.0,2020,12,4,0,0
2020335N06090,2020,BUREVI,2020-12-04 03:00:00+00:00,9.1,79.2,30.0,1001.0,1.0,155.0,31,30.0,0.0,2020,12,4,3,0
2020335N06090,2020,BUREVI,2020-12-04 06:00:00+00:00,9.2,79.3,30.0,1001.0,2.0,50.0,34,30.0,0.0,2020,12,4,6,0
2020335N06090,2020,BUREVI,2020-12-04 12:00:00+00:00,9.4,79.4,25.0,1002.0,1.0,255.0,45,30.0,-5.0,2020,12,4,12,0
2020335N06090,2020,BUREVI,2020-12-04 18:00:00+00:00,9.2,79.2,25.0,1003.0,2.0,185.0,24,25.0,0.0,2020,12,4,18,0
2020335N06090,2020,BUREVI,2020-12-05 00:00:00+00:00,9.1,79.4,20.0,1004.0,3.0,65.0,49,25.0,-5.0,2020,12,5,0,0
2020353N06129,2020,KROVANH,2020-12-20 00:00:00+00:00,10.0,115.6,35.0,1002.0,10.0,280.0,242,35.0,0.0,2020,12,20,0,0
2020353N06129,2020,KROVANH,2020-12-20 06:00:00+00:00,10.1,115.0,35.0,1000.0,6.0,265.0,303,35.0,0.0,2020,12,20,6,0
2020353N06129,2020,KROVANH,2020-12-20 12:00:00+00:00,9.9,114.4,35.0,1002.0,6.0,245.0,350,35.0,0.0,2020,12,20,12,0
2020353N06129,2020,KROVANH,2020-12-20 18:00:00+00:00,9.5,113.9,35.0,1002.0,6.0,225.0,386,35.0,0.0,2020,12,20,18,0
2020353N06129,2020,KROVANH,2020-12-21 00:00:00+00:00,9.2,113.4,35.0,1002.0,6.0,250.0,429,35.0,0.0,2020,12,21,0,0
2020353N06129,2020,KROVANH,2020-12-21 06:00:00+00:00,9.0,112.9,35.0,1002.0,6.0,245.0,479,35.0,0.0,2020,12,21,6,0
2020353N06129,2020,KROVANH,2020-12-21 12:00:00+00:00,8.8,112.3,35.0,1002.0,7.0,250.0,464,35.0,0.0,2020,12,21,12,0
2020353N06129,2020,KROVANH,2020-12-21 18:00:00+00:00,8.5,111.6,35.0,1002.0,7.0,235.0,432,35.0,0.0,2020,12,21,18,0
2021092N11096,2021,UNNAMED,2021-04-02 00:00:00+00:00,11.0,96.3,25.0,1000.0,0.0,0.0,244,35.0,0.0,2021,4,2,0,0
2021092N11096,2021,UNNAMED,2021-04-02 03:00:00+00:00,11.0,96.3,25.0,1000.0,2.0,25.0,244,25.0,0.0,2021,4,2,3,0
2021092N11096,2021,UNNAMED,2021-04-02 06:00:00+00:00,11.2,96.4,25.0,1000.0,6.0,30.0,239,25.0,0.0,2021,4,2,6,0
2021092N11096,2021,UNNAMED,2021-04-02 12:00:00+00:00,11.8,96.8,25.0,1000.0,7.0,35.0,185,25.0,0.0,2021,4,2,12,0
2021092N11096,2021,UNNAMED,2021-04-02 18:00:00+00:00,12.3,97.2,25.0,1000.0,7.0,30.0,148,25.0,0.0,2021,4,2,18,0
2021092N11096,2021,UNNAMED,2021-04-03 00:00:00+00:00,13.0,97.5,25.0,1002.0,6.0,25.0,93,25.0,0.0,2021,4,3,0,0
2021133N10071,2021,TAUKTAE,2021-05-14 03:00:00+00:00,11.0,72.0,25.0,997.0,5.0,55.0,362,35.0,0.0,2021,5,14,3,0
2021133N10071,2021,TAUKTAE,2021-05-14 06:00:00+00:00,11.2,72.2,25.0,996.0,7.0,35.0,333,25.0,0.0,2021,5,14,6,1
2021133N10071,2021,TAUKTAE,2021-05-14 09:00:00+00:00,11.5,72.4,30.0,995.0,6.0,30.0,298,25.0,5.0,2021,5,14,9,0
2021133N10071,2021,TAUKTAE,2021-05-14 12:00:00+00:00,11.7,72.6,30.0,995.0,5.0,30.0,269,30.0,0.0,2021,5,14,12,1
2021133N10071,2021,TAUKTAE,2021-05-14 18:00:00+00:00,12.3,72.8,35.0,993.0,5.0,20.0,224,30.0,5.0,2021,5,14,18,1
2021133N10071,2021,TAUKTAE,2021-05-14 21:00:00+00:00,12.4,72.8,40.0,992.0,6.0,10.0,221,35.0,5.0,2021,5,14,21,0
2021133N10071,2021,TAUKTAE,2021-05-15 00:00:00+00:00,12.8,72.9,40.0,992.0,6.0,10.0,202,40.0,0.0,2021,5,15,0,0
2021133N10071,2021,TAUKTAE,2021-05-15 03:00:00+00:00,13.0,72.9,40.0,992.0,5.0,15.0,197,40.0,0.0,2021,5,15,3,1
2021133N10071,2021,TAUKTAE,2021-05-15 06:00:00+00:00,13.3,73.0,45.0,990.0,6.0,10.0,184,40.0,5.0,2021,5,15,6,0
2021133N10071,2021,TAUKTAE,2021-05-15 09:00:00+00:00,13.6,73.0,45.0,990.0,6.0,355.0,170,45.0,0.0,2021,5,15,9,1
2021133N10071,2021,TAUKTAE,2021-05-15 12:00:00+00:00,13.9,73.0,55.0,985.0,6.0,350.0,155,45.0,10.0,2021,5,15,12,0
2021133N10071,2021,TAUKTAE,2021-05-15 15:00:00+00:00,14.2,72.9,55.0,984.0,6.0,345.0,145,55.0,0.0,2021,5,15,15,1
2021133N10071,2021,TAUKTAE,2021-05-15 18:00:00+00:00,14.5,72.8,60.0,982.0,5.0,350.0,136,55.0,5.0,2021,5,15,18,0
2021133N10071,2021,TAUKTAE,2021-05-15 21:00:00+00:00,14.7,72.8,60.0,982.0,6.0,355.0,126,60.0,0.0,2021,5,15,21,1
2021133N10071,2021,TAUKTAE,2021-05-16 00:00:00+00:00,15.0,72.8,65.0,979.0,7.0,0.0,117,60.0,5.0,2021,5,16,0,1
2021133N10071,2021,TAUKTAE,2021-05-16 03:00:00+00:00,15.4,72.8,70.0,976.0,8.0,5.0,99,65.0,5.0,2021,5,16,3,0
2021133N10071,2021,TAUKTAE,2021-05-16 06:00:00+00:00,15.8,72.8,70.0,976.0,9.0,355.0,82,70.0,0.0,2021,5,16,6,0
2021133N10071,2021,TAUKTAE,2021-05-16 09:00:00+00:00,16.3,72.7,70.0,976.0,10.0,345.0,67,70.0,0.0,2021,5,16,9,1
2021133N10071,2021,TAUKTAE,2021-05-16 12:00:00+00:00,16.8,72.5,75.0,972.0,11.0,340.0,85,70.0,5.0,2021,5,16,12,1
2021133N10071,2021,TAUKTAE,2021-05-16 15:00:00+00:00,17.3,72.3,80.0,968.0,10.0,330.0,91,75.0,5.0,2021,5,16,15,1
2021133N10071,2021,TAUKTAE,2021-05-16 18:00:00+00:00,17.7,72.0,85.0,964.0,9.0,330.0,110,80.0,5.0,2021,5,16,18,1
2021133N10071,2021,TAUKTAE,2021-05-16 21:00:00+00:00,18.0,71.8,90.0,960.0,8.0,335.0,118,85.0,5.0,2021,5,16,21,1
2021133N10071,2021,TAUKTAE,2021-05-17 00:00:00+00:00,18.4,71.7,100.0,950.0,8.0,345.0,126,90.0,10.0,2021,5,17,0,0
2021133N10071,2021,TAUKTAE,2021-05-17 03:00:00+00:00,18.8,71.6,100.0,950.0,9.0,350.0,126,100.0,0.0,2021,5,17,3,0
2021133N10071,2021,TAUKTAE,2021-05-17 06:00:00+00:00,19.3,71.5,100.0,950.0,8.0,350.0,127,100.0,0.0,2021,5,17,6,0
2021133N10071,2021,TAUKTAE,2021-05-17 09:00:00+00:00,19.6,71.4,100.0,950.0,8.0,350.0,136,100.0,0.0,2021,5,17,9,0
2021133N10071,2021,TAUKTAE,2021-05-17 12:00:00+00:00,20.1,71.4,95.0,955.0,9.0,350.0,84,100.0,-5.0,2021,5,17,12,0
2021133N10071,2021,TAUKTAE,2021-05-17 15:00:00+00:00,20.5,71.3,90.0,960.0,9.0,350.0,39,95.0,-5.0,2021,5,17,15,0
2021133N10071,2021,TAUKTAE,2021-05-17 18:00:00+00:00,20.9,71.2,85.0,964.0,7.0,355.0,0,90.0,-5.0,2021,5,17,18,0
2021133N10071,2021,TAUKTAE,2021-05-17 21:00:00+00:00,21.2,71.2,75.0,972.0,6.0,0.0,0,85.0,-10.0,2021,5,17,21,0
2021133N10071,2021,TAUKTAE,2021-05-18 00:00:00+00:00,21.5,71.2,65.0,978.0,4.0,15.0,0,75.0,-10.0,2021,5,18,0,0
2021133N10071,2021,TAUKTAE,2021-05-18 03:00:00+00:00,21.7,71.3,55.0,984.0,7.0,30.0,0,65.0,-10.0,2021,5,18,3,0
2021133N10071,2021,TAUKTAE,2021-05-18 06:00:00+00:00,22.1,71.6,45.0,990.0,10.0,20.0,0,55.0,-10.0,2021,5,18,6,0
2021133N10071,2021,TAUKTAE,2021-05-18 09:00:00+00:00,22.6,71.7,40.0,992.0,12.0,25.0,0,45.0,-5.0,2021,5,18,9,0
2021133N10071,2021,TAUKTAE,2021-05-18 12:00:00+00:00,23.2,72.1,35.0,993.0,13.0,35.0,0,40.0,-5.0,2021,5,18,12,0
2021133N10071,2021,TAUKTAE,2021-05-18 15:00:00+00:00,23.7,72.5,30.0,994.0,13.0,40.0,0,35.0,-5.0,2021,5,18,15,0
2021133N10071,2021,TAUKTAE,2021-05-18 18:00:00+00:00,24.1,73.1,30.0,995.0,11.0,45.0,0,30.0,0.0,2021,5,18,18,0
2021133N10071,2021,TAUKTAE,2021-05-19 00:00:00+00:00,24.6,73.6,25.0,996.0,6.0,30.0,0,30.0,-5.0,2021,5,19,0,0
2021133N10071,2021,TAUKTAE,2021-05-19 03:00:00+00:00,24.9,73.7,20.0,997.0,16.0,45.0,0,25.0,-5.0,2021,5,19,3,0
2021143N15090,2021,YAAS,2021-05-23 06:00:00+00:00,15.6,89.8,25.0,996.0,2.0,325.0,473,35.0,0.0,2021,5,23,6,0
2021143N15090,2021,YAAS,2021-05-23 12:00:00+00:00,15.7,89.6,25.0,994.0,3.0,310.0,493,25.0,0.0,2021,5,23,12,1
2021143N15090,2021,YAAS,2021-05-23 18:00:00+00:00,15.8,89.5,30.0,992.0,2.0,30.0,502,25.0,5.0,2021,5,23,18,1
2021143N15090,2021,YAAS,2021-05-24 00:00:00+00:00,16.1,89.8,35.0,990.0,5.0,10.0,470,30.0,5.0,2021,5,24,0,1
2021143N15090,2021,YAAS,2021-05-24 03:00:00+00:00,16.5,89.7,40.0,988.0,5.0,350.0,483,35.0,5.0,2021,5,24,3,0
2021143N15090,2021,YAAS,2021-05-24 06:00:00+00:00,16.6,89.6,40.0,988.0,5.0,345.0,485,40.0,0.0,2021,5,24,6,0
2021143N15090,2021,YAAS,2021-05-24 09:00:00+00:00,16.9,89.6,40.0,988.0,6.0,335.0,483,40.0,0.0,2021,5,24,9,1
2021143N15090,2021,YAAS,2021-05-24 12:00:00+00:00,17.2,89.4,45.0,986.0,6.0,325.0,445,40.0,5.0,2021,5,24,12,0
2021143N15090,2021,YAAS,2021-05-24 15:00:00+00:00,17.4,89.2,45.0,986.0,6.0,320.0,414,45.0,0.0,2021,5,24,15,1
2021143N15090,2021,YAAS,2021-05-24 18:00:00+00:00,17.6,89.0,50.0,984.0,6.0,320.0,383,45.0,5.0,2021,5,24,18,1
2021143N15090,2021,YAAS,2021-05-24 21:00:00+00:00,17.8,88.9,55.0,982.0,6.0,325.0,360,50.0,5.0,2021,5,24,21,0
2021143N15090,2021,YAAS,2021-05-25 00:00:00+00:00,18.1,88.6,55.0,980.0,7.0,325.0,321,55.0,0.0,2021,5,25,0,0
2021143N15090,2021,YAAS,2021-05-25 03:00:00+00:00,18.4,88.4,55.0,980.0,8.0,330.0,275,55.0,0.0,2021,5,25,3,1
2021143N15090,2021,YAAS,2021-05-25 06:00:00+00:00,18.8,88.2,60.0,978.0,7.0,345.0,229,55.0,5.0,2021,5,25,6,0
2021143N15090,2021,YAAS,2021-05-25 09:00:00+00:00,19.1,88.2,60.0,978.0,7.0,355.0,206,60.0,0.0,2021,5,25,9,1
2021143N15090,2021,YAAS,2021-05-25 12:00:00+00:00,19.5,88.2,65.0,976.0,8.0,340.0,180,60.0,5.0,2021,5,25,12,0
2021143N15090,2021,YAAS,2021-05-25 15:00:00+00:00,19.9,88.0,65.0,976.0,8.0,335.0,137,65.0,0.0,2021,5,25,15,1
2021143N15090,2021,YAAS,2021-05-25 18:00:00+00:00,20.3,87.8,70.0,974.0,5.0,335.0,94,65.0,5.0,2021,5,25,18,1
2021143N15090,2021,YAAS,2021-05-25 21:00:00+00:00,20.4,87.7,75.0,970.0,4.0,325.0,80,70.0,5.0,2021,5,25,21,0
2021143N15090,2021,YAAS,2021-05-26 00:00:00+00:00,20.6,87.6,75.0,970.0,8.0,330.0,63,75.0,0.0,2021,5,26,0,0
2021143N15090,2021,YAAS,2021-05-26 03:00:00+00:00,21.1,87.2,75.0,970.0,11.0,325.0,38,75.0,0.0,2021,5,26,3,0
2021143N15090,2021,YAAS,2021-05-26 06:00:00+00:00,21.5,86.9,75.0,970.0,9.0,320.0,0,75.0,0.0,2021,5,26,6,0
2021143N15090,2021,YAAS,2021-05-26 09:00:00+00:00,21.7,86.6,55.0,978.0,6.0,315.0,0,75.0,-20.0,2021,5,26,9,0
2021143N15090,2021,YAAS,2021-05-26 12:00:00+00:00,21.9,86.5,45.0,984.0,7.0,310.0,0,55.0,-10.0,2021,5,26,12,0
2021143N15090,2021,YAAS,2021-05-26 15:00:00+00:00,22.2,86.1,40.0,986.0,9.0,315.0,0,45.0,-5.0,2021,5,26,15,0
2021143N15090,2021,YAAS,2021-05-26 18:00:00+00:00,22.5,85.8,30.0,988.0,7.0,335.0,0,40.0,-10.0,2021,5,26,18,0
2021143N15090,2021,YAAS,2021-05-27 00:00:00+00:00,23.1,85.7,30.0,988.0,5.0,355.0,0,30.0,0.0,2021,5,27,0,0
2021143N15090,2021,YAAS,2021-05-27 03:00:00+00:00,23.3,85.7,30.0,990.0,5.0,345.0,0,30.0,0.0,2021,5,27,3,0
2021143N15090,2021,YAAS,2021-05-27 06:00:00+00:00,23.6,85.6,25.0,991.0,7.0,345.0,0,30.0,-5.0,2021,5,27,6,0
2021143N15090,2021,YAAS,2021-05-27 12:00:00+00:00,24.3,85.3,25.0,992.0,7.0,330.0,0,25.0,0.0,2021,5,27,12,0
2021256N20087,2021,UNNAMED,2021-09-12 12:00:00+00:00,20.3,87.4,25.0,992.0,4.0,285.0,61,35.0,0.0,2021,9,12,12,0
2021256N20087,2021,UNNAMED,2021-09-12 18:00:00+00:00,20.4,87.1,25.0,992.0,1.0,325.0,30,25.0,0.0,2021,9,12,18,1
2021256N20087,2021,UNNAMED,2021-09-13 00:00:00+00:00,20.6,87.0,30.0,990.0,7.0,305.0,10,25.0,5.0,2021,9,13,0,0
2021256N20087,2021,UNNAMED,2021-09-13 03:00:00+00:00,20.9,86.5,30.0,990.0,9.0,305.0,0,30.0,0.0,2021,9,13,3,0
2021256N20087,2021,UNNAMED,2021-09-13 06:00:00+00:00,21.1,86.2,30.0,990.0,7.0,300.0,0,30.0,0.0,2021,9,13,6,0
2021256N20087,2021,UNNAMED,2021-09-13 12:00:00+00:00,21.4,85.5,30.0,990.0,7.0,290.0,0,30.0,0.0,2021,9,13,12,0
2021256N20087,2021,UNNAMED,2021-09-13 18:00:00+00:00,21.6,84.8,30.0,990.0,10.0,290.0,0,30.0,0.0,2021,9,13,18,0
2021256N20087,2021,UNNAMED,2021-09-14 00:00:00+00:00,22.0,83.6,30.0,990.0,8.0,295.0,0,30.0,0.0,2021,9,14,0,0
2021256N20087,2021,UNNAMED,2021-09-14 03:00:00+00:00,22.1,83.4,25.0,990.0,7.0,305.0,0,30.0,-5.0,2021,9,14,3,0
2021256N20087,2021,UNNAMED,2021-09-14 06:00:00+00:00,22.4,83.0,25.0,990.0,8.0,305.0,0,25.0,0.0,2021,9,14,6,0
2021256N20087,2021,UNNAMED,2021-09-14 12:00:00+00:00,22.7,82.5,25.0,996.0,5.0,300.0,0,25.0,0.0,2021,9,14,12,0
2021264N13119,2021,DIANMU,2021-09-23 06:00:00+00:00,14.7,110.5,35.0,1000.0,13.0,305.0,150,35.0,0.0,2021,9,23,6,0
2021267N18094,2021,GULAB:SHAHEEN-GU,2021-09-24 12:00:00+00:00,18.3,91.4,25.0,1000.0,10.0,270.0,254,35.0,0.0,2021,9,24,12,0
2021267N18094,2021,GULAB:SHAHEEN-GU,2021-09-24 18:00:00+00:00,18.3,90.5,25.0,1000.0,7.0,270.0,321,25.0,0.0,2021,9,24,18,1
2021267N18094,2021,GULAB:SHAHEEN-GU,2021-09-25 00:00:00+00:00,18.3,89.8,30.0,999.0,7.0,265.0,376,25.0,5.0,2021,9,25,0,0
2021267N18094,2021,GULAB:SHAHEEN-GU,2021-09-25 03:00:00+00:00,18.3,89.4,30.0,998.0,8.0,270.0,361,30.0,0.0,2021,9,25,3,0
2021267N18094,2021,GULAB:SHAHEEN-GU,2021-09-25 06:00:00+00:00,18.3,88.9,30.0,998.0,7.0,270.0,321,30.0,0.0,2021,9,25,6,1
2021267N18094,2021,GULAB:SHAHEEN-GU,2021-09-25 12:00:00+00:00,18.3,88.5,35.0,997.0,3.0,265.0,291,30.0,5.0,2021,9,25,12,0
2021267N18094,2021,GULAB:SHAHEEN-GU,2021-09-25 15:00:00+00:00,18.2,88.4,35.0,997.0,3.0,270.0,291,35.0,0.0,2021,9,25,15,0
2021267N18094,2021,GULAB:SHAHEEN-GU,2021-09-25 18:00:00+00:00,18.3,88.2,35.0,996.0,6.0,270.0,268,35.0,0.0,2021,9,25,18,0
2021267N18094,2021,GULAB:SHAHEEN-GU,2021-09-25 21:00:00+00:00,18.3,87.7,35.0,996.0,9.0,275.0,234,35.0,0.0,2021,9,25,21,1
2021267N18094,2021,GULAB:SHAHEEN-GU,2021-09-26 00:00:00+00:00,18.3,87.3,40.0,994.0,11.0,275.0,212,35.0,5.0,2021,9,26,0,0
2021267N18094,2021,GULAB:SHAHEEN-GU,2021-09-26 03:00:00+00:00,18.4,86.5,40.0,994.0,12.0,275.0,172,40.0,0.0,2021,9,26,3,1
2021267N18094,2021,GULAB:SHAHEEN-GU,2021-09-26 06:00:00+00:00,18.5,86.0,45.0,992.0,12.0,270.0,138,40.0,5.0,2021,9,26,6,0
2021267N18094,2021,GULAB:SHAHEEN-GU,2021-09-26 09:00:00+00:00,18.4,85.3,45.0,992.0,14.0,270.0,86,45.0,0.0,2021,9,26,9,0
2021267N18094,2021,GULAB:SHAHEEN-GU,2021-09-26 12:00:00+00:00,18.4,84.6,45.0,992.0,14.0,265.0,30,45.0,0.0,2021,9,26,12,0
2021267N18094,2021,GULAB:SHAHEEN-GU,2021-09-26 15:00:00+00:00,18.3,83.9,45.0,992.0,11.0,265.0,0,45.0,0.0,2021,9,26,15,0
2021267N18094,2021,GULAB:SHAHEEN-GU,2021-09-26 18:00:00+00:00,18.3,83.4,35.0,994.0,9.0,265.0,0,45.0,-10.0,2021,9,26,18,0
2021267N18094,2021,GULAB:SHAHEEN-GU,2021-09-26 21:00:00+00:00,18.2,82.9,30.0,996.0,8.0,255.0,0,35.0,-5.0,2021,9,26,21,0
2021267N18094,2021,GULAB:SHAHEEN-GU,2021-09-27 00:00:00+00:00,18.2,82.6,30.0,996.0,7.0,270.0,0,30.0,0.0,2021,9,27,0,0
2021267N18094,2021,GULAB:SHAHEEN-GU,2021-09-27 03:00:00+00:00,18.2,82.2,30.0,996.0,10.0,290.0,0,30.0,0.0,2021,9,27,3,0
2021267N18094,2021,GULAB:SHAHEEN-GU,2021-09-27 06:00:00+00:00,18.5,81.7,30.0,996.0,14.0,285.0,0,30.0,0.0,2021,9,27,6,0
2021267N18094,2021,GULAB:SHAHEEN-GU,2021-09-27 12:00:00+00:00,18.8,80.0,25.0,998.0,12.0,285.0,0,30.0,-5.0,2021,9,27,12,0
2021267N18094,2021,GULAB:SHAHEEN-GU,2021-09-27 18:00:00+00:00,19.1,79.2,25.0,998.0,8.0,290.0,0,25.0,0.0,2021,9,27,18,0
2021267N18094,2021,GULAB:SHAHEEN-GU,2021-09-28 00:00:00+00:00,19.5,78.3,25.0,998.0,11.0,300.0,0,25.0,0.0,2021,9,28,0,0
2021267N18094,2021,GULAB:SHAHEEN-GU,2021-09-28 03:00:00+00:00,19.8,77.8,20.0,999.0,10.0,310.0,0,25.0,-5.0,2021,9,28,3,1
2021267N18094,2021,GULAB:SHAHEEN-GU,2021-09-30 00:00:00+00:00,22.6,69.3,25.0,998.0,8.0,265.0,22,20.0,5.0,2021,9,30,0,0
2021267N18094,2021,GULAB:SHAHEEN-GU,2021-09-30 03:00:00+00:00,22.6,68.7,25.0,998.0,9.0,270.0,38,25.0,0.0,2021,9,30,3,0
2021267N18094,2021,GULAB:SHAHEEN-GU,2021-09-30 06:00:00+00:00,22.6,68.3,25.0,998.0,9.0,280.0,69,25.0,0.0,2021,9,30,6,0
2021267N18094,2021,GULAB:SHAHEEN-GU,2021-09-30 12:00:00+00:00,22.9,67.2,25.0,998.0,9.0,280.0,108,25.0,0.0,2021,9,30,12,1
2021267N18094,2021,GULAB:SHAHEEN-GU,2021-09-30 18:00:00+00:00,23.0,66.4,30.0,996.0,8.0,275.0,150,25.0,5.0,2021,9,30,18,1
2021267N18094,2021,GULAB:SHAHEEN-GU,2021-10-01 00:00:00+00:00,23.1,65.4,35.0,995.0,9.0,280.0,227,30.0,5.0,2021,10,1,0,1
2021267N18094,2021,GULAB:SHAHEEN-GU,2021-10-01 03:00:00+00:00,23.1,64.9,40.0,994.0,8.0,280.0,235,35.0,5.0,2021,10,1,3,1
2021267N18094,2021,GULAB:SHAHEEN-GU,2021-10-01 06:00:00+00:00,23.2,64.6,45.0,992.0,7.0,290.0,223,40.0,5.0,2021,10,1,6,0
2021267N18094,2021,GULAB:SHAHEEN-GU,2021-10-01 09:00:00+00:00,23.3,64.2,45.0,991.0,7.0,290.0,213,45.0,0.0,2021,10,1,9,1
2021267N18094,2021,GULAB:SHAHEEN-GU,2021-10-01 12:00:00+00:00,23.5,63.9,55.0,987.0,7.0,295.0,194,45.0,10.0,2021,10,1,12,0
2021267N18094,2021,GULAB:SHAHEEN-GU,2021-10-01 15:00:00+00:00,23.6,63.5,55.0,986.0,6.0,290.0,178,55.0,0.0,2021,10,1,15,1
2021267N18094,2021,GULAB:SHAHEEN-GU,2021-10-01 18:00:00+00:00,23.7,63.2,60.0,984.0,6.0,290.0,168,55.0,5.0,2021,10,1,18,0
2021267N18094,2021,GULAB:SHAHEEN-GU,2021-10-01 21:00:00+00:00,23.8,62.8,60.0,984.0,7.0,285.0,150,60.0,0.0,2021,10,1,21,0
2021267N18094,2021,GULAB:SHAHEEN-GU,2021-10-02 00:00:00+00:00,23.8,62.5,60.0,984.0,7.0,285.0,134,60.0,0.0,2021,10,2,0,0
2021267N18094,2021,GULAB:SHAHEEN-GU,2021-10-02 03:00:00+00:00,24.0,62.1,60.0,984.0,7.0,290.0,115,60.0,0.0,2021,10,2,3,0
2021267N18094,2021,GULAB:SHAHEEN-GU,2021-10-02 06:00:00+00:00,24.1,61.7,60.0,984.0,8.0,290.0,101,60.0,0.0,2021,10,2,6,0
2021267N18094,2021,GULAB:SHAHEEN-GU,2021-10-02 09:00:00+00:00,24.2,61.3,60.0,984.0,8.0,290.0,101,60.0,0.0,2021,10,2,9,0
2021267N18094,2021,GULAB:SHAHEEN-GU,2021-10-02 12:00:00+00:00,24.4,60.9,60.0,984.0,8.0,280.0,89,60.0,0.0,2021,10,2,12,0
2021267N18094,2021,GULAB:SHAHEEN-GU,2021-10-02 15:00:00+00:00,24.4,60.5,60.0,984.0,7.0,270.0,100,60.0,0.0,2021,10,2,15,0
2021267N18094,2021,GULAB:SHAHEEN-GU,2021-10-02 18:00:00+00:00,24.3,60.1,60.0,984.0,7.0,265.0,101,60.0,0.0,2021,10,2,18,0
2021267N18094,2021,GULAB:SHAHEEN-GU,2021-10-02 21:00:00+00:00,24.3,59.7,60.0,984.0,6.0,255.0,113,60.0,0.0,2021,10,2,21,0
2021267N18094,2021,GULAB:SHAHEEN-GU,2021-10-03 00:00:00+00:00,24.2,59.5,60.0,984.0,6.0,255.0,105,60.0,0.0,2021,10,3,0,0
2021267N18094,2021,GULAB:SHAHEEN-GU,2021-10-03 03:00:00+00:00,24.1,59.1,60.0,984.0,6.0,260.0,73,60.0,0.0,2021,10,3,3,0
2021267N18094,2021,GULAB:SHAHEEN-GU,2021-10-03 06:00:00+00:00,24.1,58.8,60.0,984.0,6.0,265.0,67,60.0,0.0,2021,10,3,6,0
2021267N18094,2021,GULAB:SHAHEEN-GU,2021-10-03 09:00:00+00:00,24.1,58.4,60.0,984.0,6.0,260.0,56,60.0,0.0,2021,10,3,9,0
2021267N18094,2021,GULAB:SHAHEEN-GU,2021-10-03 12:00:00+00:00,24.0,58.1,60.0,984.0,5.0,260.0,39,60.0,0.0,2021,10,3,12,0
2021267N18094,2021,GULAB:SHAHEEN-GU,2021-10-03 15:00:00+00:00,24.0,57.8,60.0,984.0,5.0,260.0,33,60.0,0.0,2021,10,3,15,0
2021267N18094,2021,GULAB:SHAHEEN-GU,2021-10-03 18:00:00+00:00,23.9,57.6,55.0,986.0,5.0,250.0,15,60.0,-5.0,2021,10,3,18,0
2021267N18094,2021,GULAB:SHAHEEN-GU,2021-10-03 21:00:00+00:00,23.8,57.3,55.0,988.0,6.0,250.0,0,55.0,0.0,2021,10,3,21,0
2021267N18094,2021,GULAB:SHAHEEN-GU,2021-10-04 00:00:00+00:00,23.7,56.9,40.0,994.0,8.0,250.0,0,55.0,-15.0,2021,10,4,0,0
2021267N18094,2021,GULAB:SHAHEEN-GU,2021-10-04 03:00:00+00:00,23.5,56.5,30.0,998.0,8.0,250.0,0,40.0,-10.0,2021,10,4,3,0
2021280N14068,2021,UNNAMED,2021-10-07 03:00:00+00:00,14.0,67.5,25.0,1002.0,7.0,305.0,682,35.0,0.0,2021,10,7,3,0
2021280N14068,2021,UNNAMED,2021-10-07 06:00:00+00:00,14.2,67.2,25.0,1002.0,5.0,305.0,703,25.0,0.0,2021,10,7,6,0
2021280N14068,2021,UNNAMED,2021-10-07 12:00:00+00:00,14.3,67.0,25.0,1002.0,2.0,310.0,719,25.0,0.0,2021,10,7,12,0
2021280N14068,2021,UNNAMED,2021-10-07 18:00:00+00:00,14.5,66.8,25.0,1002.0,2.0,310.0,731,25.0,0.0,2021,10,7,18,0
2021280N14068,2021,UNNAMED,2021-10-08 00:00:00+00:00,14.6,66.6,25.0,1002.0,3.0,295.0,748,25.0,0.0,2021,10,8,0,0
2021280N14068,2021,UNNAMED,2021-10-08 03:00:00+00:00,14.7,66.4,25.0,1002.0,4.0,285.0,766,25.0,0.0,2021,10,8,3,0
2021280N14068,2021,UNNAMED,2021-10-08 06:00:00+00:00,14.7,66.2,25.0,1002.0,4.0,265.0,786,25.0,0.0,2021,10,8,6,0
2021280N14068,2021,UNNAMED,2021-10-08 12:00:00+00:00,14.6,65.9,25.0,1003.0,2.0,240.0,820,25.0,0.0,2021,10,8,12,0
2021312N07090,2021,UNNAMED,2021-11-10 12:00:00+00:00,10.8,83.1,25.0,1000.0,13.0,310.0,302,35.0,0.0,2021,11,10,12,0
2021312N07090,2021,UNNAMED,2021-11-10 18:00:00+00:00,11.9,82.1,25.0,1000.0,10.0,315.0,217,25.0,0.0,2021,11,10,18,0
2021312N07090,2021,UNNAMED,2021-11-11 00:00:00+00:00,12.3,81.6,25.0,1000.0,8.0,305.0,153,25.0,0.0,2021,11,11,0,0
2021312N07090,2021,UNNAMED,2021-11-11 03:00:00+00:00,12.5,81.2,25.0,1000.0,9.0,300.0,108,25.0,0.0,2021,11,11,3,0
2021312N07090,2021,UNNAMED,2021-11-11 06:00:00+00:00,12.8,80.8,25.0,1000.0,8.0,295.0,65,25.0,0.0,2021,11,11,6,0
2021312N07090,2021,UNNAMED,2021-11-11 12:00:00+00:00,13.0,80.1,25.0,1000.0,11.0,275.0,0,25.0,0.0,2021,11,11,12,0
2021322N11082,2021,UNNAMED,2021-11-18 03:00:00+00:00,11.0,82.3,25.0,1000.0,12.0,290.0,251,35.0,0.0,2021,11,18,3,0
2021322N11082,2021,UNNAMED,2021-11-18 06:00:00+00:00,11.2,81.7,25.0,1000.0,12.0,295.0,196,25.0,0.0,2021,11,18,6,0
2021322N11082,2021,UNNAMED,2021-11-18 12:00:00+00:00,11.8,80.9,25.0,1000.0,8.0,315.0,107,25.0,0.0,2021,11,18,12,0
2021322N11082,2021,UNNAMED,2021-11-18 18:00:00+00:00,12.2,80.5,25.0,1000.0,5.0,310.0,46,25.0,0.0,2021,11,18,18,0
2021322N11082,2021,UNNAMED,2021-11-19 00:00:00+00:00,12.5,80.0,25.0,1000.0,7.0,305.0,0,25.0,0.0,2021,11,19,0,0
2021335N08096,2021,JAWAD,2021-12-02 12:00:00+00:00,11.4,88.4,25.0,1004.0,11.0,315.0,811,35.0,0.0,2021,12,2,12,0
2021335N08096,2021,JAWAD,2021-12-02 18:00:00+00:00,12.2,87.3,25.0,1004.0,16.0,315.0,729,25.0,0.0,2021,12,2,18,1
2021335N08096,2021,JAWAD,2021-12-03 00:00:00+00:00,13.6,86.2,30.0,1002.0,14.0,325.0,536,25.0,5.0,2021,12,3,0,0
2021335N08096,2021,JAWAD,2021-12-03 03:00:00+00:00,14.0,85.9,30.0,1002.0,10.0,320.0,483,30.0,0.0,2021,12,3,3,1
2021335N08096,2021,JAWAD,2021-12-03 06:00:00+00:00,14.4,85.6,35.0,1001.0,8.0,320.0,430,30.0,5.0,2021,12,3,6,0
2021335N08096,2021,JAWAD,2021-12-03 09:00:00+00:00,14.7,85.3,35.0,1001.0,8.0,325.0,385,35.0,0.0,2021,12,3,9,1
2021335N08096,2021,JAWAD,2021-12-03 12:00:00+00:00,15.0,85.1,40.0,1000.0,6.0,330.0,349,35.0,5.0,2021,12,3,12,0
2021335N08096,2021,JAWAD,2021-12-03 15:00:00+00:00,15.2,85.0,40.0,1000.0,5.0,335.0,328,40.0,0.0,2021,12,3,15,0
2021335N08096,2021,JAWAD,2021-12-03 18:00:00+00:00,15.5,84.9,40.0,1000.0,5.0,340.0,296,40.0,0.0,2021,12,3,18,0
2021335N08096,2021,JAWAD,2021-12-03 21:00:00+00:00,15.7,84.9,40.0,1000.0,5.0,345.0,279,40.0,0.0,2021,12,3,21,0
2021335N08096,2021,JAWAD,2021-12-04 00:00:00+00:00,16.0,84.8,40.0,1000.0,5.0,350.0,247,40.0,0.0,2021,12,4,0,0
2021335N08096,2021,JAWAD,2021-12-04 03:00:00+00:00,16.2,84.8,40.0,1000.0,4.0,15.0,231,40.0,0.0,2021,12,4,3,0
2021335N08096,2021,JAWAD,2021-12-04 06:00:00+00:00,16.3,84.9,35.0,1001.0,4.0,20.0,223,40.0,-5.0,2021,12,4,6,0
2021335N08096,2021,JAWAD,2021-12-04 09:00:00+00:00,16.5,84.9,35.0,1001.0,5.0,20.0,215,35.0,0.0,2021,12,4,9,0
2021335N08096,2021,JAWAD,2021-12-04 12:00:00+00:00,16.8,85.1,30.0,1002.0,6.0,20.0,189,35.0,-5.0,2021,12,4,12,0
2021335N08096,2021,JAWAD,2021-12-04 18:00:00+00:00,17.3,85.3,30.0,1002.0,4.0,40.0,169,30.0,0.0,2021,12,4,18,0
2021335N08096,2021,JAWAD,2021-12-05 00:00:00+00:00,17.7,85.7,30.0,1002.0,10.0,25.0,169,30.0,0.0,2021,12,5,0,0
2021335N08096,2021,JAWAD,2021-12-05 03:00:00+00:00,18.3,85.8,30.0,1003.0,11.0,20.0,138,30.0,0.0,2021,12,5,3,0
2021335N08096,2021,JAWAD,2021-12-05 06:00:00+00:00,18.7,86.1,30.0,1003.0,9.0,30.0,124,30.0,0.0,2021,12,5,6,0
2021335N08096,2021,JAWAD,2021-12-05 09:00:00+00:00,19.0,86.3,25.0,1004.0,10.0,35.0,102,30.0,-5.0,2021,12,5,9,0
2021335N08096,2021,JAWAD,2021-12-05 12:00:00+00:00,19.5,86.7,25.0,1004.0,12.0,35.0,64,25.0,0.0,2021,12,5,12,0
2022062N06085,2022,UNNAMED,2022-03-03 00:00:00+00:00,6.5,84.9,25.0,1004.0,10.0,280.0,336,35.0,0.0,2022,3,3,0,0
2022062N06085,2022,UNNAMED,2022-03-03 03:00:00+00:00,6.5,84.4,25.0,1004.0,10.0,290.0,281,25.0,0.0,2022,3,3,3,0
2022062N06085,2022,UNNAMED,2022-03-03 06:00:00+00:00,6.8,84.0,25.0,1004.0,9.0,320.0,233,25.0,0.0,2022,3,3,6,0
2022062N06085,2022,UNNAMED,2022-03-03 12:00:00+00:00,7.7,83.7,25.0,1004.0,8.0,340.0,209,25.0,0.0,2022,3,3,12,0
2022062N06085,2022,UNNAMED,2022-03-03 18:00:00+00:00,8.2,83.4,25.0,1004.0,5.0,325.0,188,25.0,0.0,2022,3,3,18,0
2022062N06085,2022,UNNAMED,2022-03-04 00:00:00+00:00,8.7,83.2,25.0,1004.0,7.0,345.0,192,25.0,0.0,2022,3,4,0,0
2022062N06085,2022,UNNAMED,2022-03-04 03:00:00+00:00,9.1,83.1,25.0,1004.0,9.0,355.0,202,25.0,0.0,2022,3,4,3,0
2022062N06085,2022,UNNAMED,2022-03-04 06:00:00+00:00,9.5,83.1,25.0,1003.0,8.0,0.0,223,25.0,0.0,2022,3,4,6,1
2022062N06085,2022,UNNAMED,2022-03-04 12:00:00+00:00,10.3,83.2,30.0,1002.0,7.0,15.0,283,25.0,5.0,2022,3,4,12,0
2022062N06085,2022,UNNAMED,2022-03-04 18:00:00+00:00,10.9,83.4,30.0,1002.0,5.0,5.0,336,30.0,0.0,2022,3,4,18,0
2022062N06085,2022,UNNAMED,2022-03-05 00:00:00+00:00,11.3,83.3,30.0,1002.0,4.0,345.0,353,30.0,0.0,2022,3,5,0,0
2022062N06085,2022,UNNAMED,2022-03-05 03:00:00+00:00,11.5,83.2,30.0,1002.0,3.0,335.0,345,30.0,0.0,2022,3,5,3,0
2022062N06085,2022,UNNAMED,2022-03-05 06:00:00+00:00,11.6,83.1,30.0,1002.0,2.0,300.0,341,30.0,0.0,2022,3,5,6,0
2022062N06085,2022,UNNAMED,2022-03-05 12:00:00+00:00,11.5,83.0,30.0,1002.0,3.0,230.0,320,30.0,0.0,2022,3,5,12,0
2022062N06085,2022,UNNAMED,2022-03-05 18:00:00+00:00,11.3,82.7,25.0,1003.0,4.0,220.0,303,30.0,-5.0,2022,3,5,18,0
2022079N10093,2022,UNNAMED,2022-03-20 00:00:00+00:00,9.8,92.5,25.0,1002.0,6.0,15.0,556,35.0,0.0,2022,3,20,0,0
2022079N10093,2022,UNNAMED,2022-03-20 03:00:00+00:00,10.1,92.6,25.0,1002.0,7.0,35.0,579,25.0,0.0,2022,3,20,3,0
2022079N10093,2022,UNNAMED,2022-03-20 06:00:00+00:00,10.4,92.9,25.0,1002.0,7.0,40.0,594,25.0,0.0,2022,3,20,6,0
2022079N10093,2022,UNNAMED,2022-03-20 12:00:00+00:00,10.9,93.2,25.0,1002.0,5.0,25.0,563,25.0,0.0,2022,3,20,12,0
2022079N10093,2022,UNNAMED,2022-03-20 18:00:00+00:00,11.3,93.4,25.0,1001.0,5.0,30.0,515,25.0,0.0,2022,3,20,18,1
2022079N10093,2022,UNNAMED,2022-03-21 00:00:00+00:00,11.9,93.7,30.0,1000.0,8.0,20.0,443,25.0,5.0,2022,3,21,0,0
2022079N10093,2022,UNNAMED,2022-03-21 03:00:00+00:00,12.3,93.8,30.0,1000.0,7.0,15.0,397,30.0,0.0,2022,3,21,3,0
2022079N10093,2022,UNNAMED,2022-03-21 06:00:00+00:00,12.6,93.9,30.0,1000.0,7.0,15.0,362,30.0,0.0,2022,3,21,6,0
2022079N10093,2022,UNNAMED,2022-03-21 12:00:00+00:00,13.3,94.0,30.0,1000.0,7.0,0.0,283,30.0,0.0,2022,3,21,12,0
2022079N10093,2022,UNNAMED,2022-03-21 18:00:00+00:00,14.0,94.0,30.0,1000.0,8.0,10.0,206,30.0,0.0,2022,3,21,18,0
2022079N10093,2022,UNNAMED,2022-03-22 00:00:00+00:00,14.9,94.2,30.0,1000.0,7.0,5.0,103,30.0,0.0,2022,3,22,0,0
2022079N10093,2022,UNNAMED,2022-03-22 03:00:00+00:00,15.2,94.2,30.0,1000.0,9.0,0.0,70,30.0,0.0,2022,3,22,3,0
2022079N10093,2022,UNNAMED,2022-03-22 06:00:00+00:00,15.8,94.2,30.0,1000.0,11.0,5.0,21,30.0,0.0,2022,3,22,6,0
2022079N10093,2022,UNNAMED,2022-03-22 09:00:00+00:00,16.3,94.3,30.0,1000.0,8.0,15.0,0,30.0,0.0,2022,3,22,9,0
2022079N10093,2022,UNNAMED,2022-03-22 12:00:00+00:00,16.6,94.4,25.0,1001.0,8.0,10.0,0,30.0,-5.0,2022,3,22,12,0
2022079N10093,2022,UNNAMED,2022-03-22 18:00:00+00:00,17.6,94.5,25.0,1002.0,13.0,5.0,10,25.0,0.0,2022,3,22,18,0
2022126N07095,2022,ASANI,2022-05-07 06:00:00+00:00,9.4,91.2,25.0,996.0,7.0,315.0,613,35.0,0.0,2022,5,7,6,1
2022126N07095,2022,ASANI,2022-05-07 12:00:00+00:00,10.1,90.5,30.0,995.0,9.0,315.0,722,25.0,5.0,2022,5,7,12,0
2022126N07095,2022,ASANI,2022-05-07 18:00:00+00:00,10.7,90.0,30.0,994.0,8.0,310.0,743,30.0,0.0,2022,5,7,18,1
2022126N07095,2022,ASANI,2022-05-08 00:00:00+00:00,11.2,89.3,35.0,992.0,9.0,310.0,754,30.0,5.0,2022,5,8,0,1
2022126N07095,2022,ASANI,2022-05-08 03:00:00+00:00,11.5,88.9,40.0,990.0,9.0,315.0,762,35.0,5.0,2022,5,8,3,1
2022126N07095,2022,ASANI,2022-05-08 06:00:00+00:00,11.9,88.6,45.0,988.0,9.0,315.0,759,40.0,5.0,2022,5,8,6,0
2022126N07095,2022,ASANI,2022-05-08 09:00:00+00:00,12.1,88.2,45.0,988.0,8.0,315.0,780,45.0,0.0,2022,5,8,9,1
2022126N07095,2022,ASANI,2022-05-08 12:00:00+00:00,12.5,88.0,50.0,986.0,9.0,320.0,766,45.0,5.0,2022,5,8,12,0
2022126N07095,2022,ASANI,2022-05-08 15:00:00+00:00,12.8,87.6,50.0,986.0,9.0,320.0,711,50.0,0.0,2022,5,8,15,1
2022126N07095,2022,ASANI,2022-05-08 18:00:00+00:00,13.1,87.4,55.0,984.0,10.0,315.0,673,50.0,5.0,2022,5,8,18,0
2022126N07095,2022,ASANI,2022-05-08 21:00:00+00:00,13.5,86.9,55.0,984.0,11.0,310.0,603,55.0,0.0,2022,5,8,21,0
2022126N07095,2022,ASANI,2022-05-09 00:00:00+00:00,13.8,86.5,55.0,983.0,9.0,310.0,549,55.0,0.0,2022,5,9,0,0
2022126N07095,2022,ASANI,2022-05-09 03:00:00+00:00,14.0,86.2,55.0,982.0,8.0,310.0,509,55.0,0.0,2022,5,9,3,0
2022126N07095,2022,ASANI,2022-05-09 06:00:00+00:00,14.3,85.9,55.0,982.0,7.0,305.0,463,55.0,0.0,2022,5,9,6,0
2022126N07095,2022,ASANI,2022-05-09 09:00:00+00:00,14.4,85.6,55.0,982.0,7.0,295.0,430,55.0,0.0,2022,5,9,9,0
2022126N07095,2022,ASANI,2022-05-09 12:00:00+00:00,14.6,85.3,55.0,982.0,6.0,295.0,391,55.0,0.0,2022,5,9,12,0
2022126N07095,2022,ASANI,2022-05-09 15:00:00+00:00,14.7,85.0,55.0,982.0,6.0,290.0,358,55.0,0.0,2022,5,9,15,0
2022126N07095,2022,ASANI,2022-05-09 18:00:00+00:00,14.8,84.7,55.0,982.0,6.0,290.0,326,55.0,0.0,2022,5,9,18,0
2022126N07095,2022,ASANI,2022-05-09 21:00:00+00:00,14.9,84.4,55.0,982.0,6.0,290.0,294,55.0,0.0,2022,5,9,21,0
2022126N07095,2022,ASANI,2022-05-10 00:00:00+00:00,15.0,84.1,55.0,982.0,7.0,285.0,263,55.0,0.0,2022,5,10,0,0
2022126N07095,2022,ASANI,2022-05-10 03:00:00+00:00,15.1,83.6,55.0,984.0,8.0,280.0,218,55.0,0.0,2022,5,10,3,0
2022126N07095,2022,ASANI,2022-05-10 06:00:00+00:00,15.2,83.3,55.0,984.0,7.0,285.0,189,55.0,0.0,2022,5,10,6,0
2022126N07095,2022,ASANI,2022-05-10 09:00:00+00:00,15.2,82.9,55.0,984.0,7.0,290.0,168,55.0,0.0,2022,5,10,9,0
2022126N07095,2022,ASANI,2022-05-10 12:00:00+00:00,15.4,82.6,50.0,984.0,7.0,285.0,134,55.0,-5.0,2022,5,10,12,0
2022126N07095,2022,ASANI,2022-05-10 15:00:00+00:00,15.4,82.2,50.0,985.0,7.0,290.0,114,50.0,0.0,2022,5,10,15,0
2022126N07095,2022,ASANI,2022-05-10 18:00:00+00:00,15.6,82.0,50.0,986.0,5.0,300.0,84,50.0,0.0,2022,5,10,18,0
2022126N07095,2022,ASANI,2022-05-10 21:00:00+00:00,15.7,81.8,45.0,986.0,3.0,315.0,68,50.0,-5.0,2022,5,10,21,0
2022126N07095,2022,ASANI,2022-05-11 00:00:00+00:00,15.8,81.7,45.0,988.0,3.0,315.0,55,45.0,0.0,2022,5,11,0,0
2022126N07095,2022,ASANI,2022-05-11 03:00:00+00:00,15.9,81.6,45.0,988.0,2.0,310.0,44,45.0,0.0,2022,5,11,3,0
2022126N07095,2022,ASANI,2022-05-11 06:00:00+00:00,16.0,81.5,40.0,990.0,2.0,300.0,32,45.0,-5.0,2022,5,11,6,0
2022126N07095,2022,ASANI,2022-05-11 09:00:00+00:00,16.0,81.4,40.0,990.0,3.0,295.0,21,40.0,0.0,2022,5,11,9,0
2022126N07095,2022,ASANI,2022-05-11 12:00:00+00:00,16.1,81.3,30.0,992.0,3.0,275.0,10,40.0,-10.0,2022,5,11,12,0
2022126N07095,2022,ASANI,2022-05-11 15:00:00+00:00,16.0,81.1,30.0,993.0,4.0,250.0,0,30.0,0.0,2022,5,11,15,0
2022126N07095,2022,ASANI,2022-05-11 18:00:00+00:00,15.9,80.9,30.0,994.0,5.0,240.0,0,30.0,0.0,2022,5,11,18,0
2022140N16097,2022,UNNAMED,2022-05-20 03:00:00+00:00,16.3,97.3,25.0,1000.0,3.0,45.0,24,35.0,0.0,2022,5,20,3,0
2022140N16097,2022,UNNAMED,2022-05-20 06:00:00+00:00,16.4,97.4,25.0,1000.0,6.0,30.0,11,25.0,0.0,2022,5,20,6,0
2022140N16097,2022,UNNAMED,2022-05-20 09:00:00+00:00,16.8,97.6,25.0,998.0,8.0,30.0,0,25.0,0.0,2022,5,20,9,0
2022140N16097,2022,UNNAMED,2022-05-20 12:00:00+00:00,17.1,97.8,25.0,999.0,6.0,35.0,0,25.0,0.0,2022,5,20,12,0
2022197N22069,2022,UNNAMED,2022-07-16 03:00:00+00:00,21.6,69.0,25.0,992.0,6.0,345.0,53,35.0,0.0,2022,7,16,3,0
2022197N22069,2022,UNNAMED,2022-07-16 06:00:00+00:00,21.9,68.9,25.0,992.0,4.0,340.0,38,25.0,0.0,2022,7,16,6,0
2022197N22069,2022,UNNAMED,2022-07-16 12:00:00+00:00,22.1,68.8,25.0,992.0,3.0,345.0,24,25.0,0.0,2022,7,16,12,0
2022197N22069,2022,UNNAMED,2022-07-16 18:00:00+00:00,22.6,68.7,25.0,992.0,4.0,345.0,38,25.0,0.0,2022,7,16,18,0
2022197N22069,2022,UNNAMED,2022-07-17 00:00:00+00:00,22.8,68.5,25.0,992.0,5.0,305.0,39,25.0,0.0,2022,7,17,0,0
2022197N22069,2022,UNNAMED,2022-07-17 03:00:00+00:00,23.0,68.2,25.0,992.0,8.0,300.0,46,25.0,0.0,2022,7,17,3,0
2022197N22069,2022,UNNAMED,2022-07-17 06:00:00+00:00,23.2,67.8,25.0,992.0,6.0,300.0,60,25.0,0.0,2022,7,17,6,0
2022197N22069,2022,UNNAMED,2022-07-17 12:00:00+00:00,23.4,67.4,25.0,992.0,6.0,275.0,49,25.0,0.0,2022,7,17,12,0
2022221N21086,2022,UNNAMED,2022-08-09 03:00:00+00:00,20.8,85.6,25.0,990.0,6.0,270.0,0,35.0,0.0,2022,8,9,3,0
2022221N21086,2022,UNNAMED,2022-08-09 06:00:00+00:00,20.8,85.3,25.0,990.0,8.0,280.0,0,25.0,0.0,2022,8,9,6,0
2022221N21086,2022,UNNAMED,2022-08-09 12:00:00+00:00,21.2,84.2,25.0,990.0,11.0,290.0,0,25.0,0.0,2022,8,9,12,0
2022224N22067,2022,UNNAMED,2022-08-12 03:00:00+00:00,21.8,66.4,25.0,990.0,5.0,280.0,255,35.0,0.0,2022,8,12,3,0
2022224N22067,2022,UNNAMED,2022-08-12 06:00:00+00:00,21.9,66.1,25.0,990.0,7.0,285.0,262,25.0,0.0,2022,8,12,6,0
2022224N22067,2022,UNNAMED,2022-08-12 12:00:00+00:00,22.1,65.2,25.0,990.0,7.0,290.0,301,25.0,0.0,2022,8,12,12,0
2022224N22067,2022,UNNAMED,2022-08-12 18:00:00+00:00,22.3,64.6,25.0,990.0,6.0,265.0,324,25.0,0.0,2022,8,12,18,0
2022224N22067,2022,UNNAMED,2022-08-13 00:00:00+00:00,22.0,63.9,25.0,990.0,7.0,235.0,359,25.0,0.0,2022,8,13,0,0
2022224N22067,2022,UNNAMED,2022-08-13 03:00:00+00:00,21.8,63.6,25.0,990.0,5.0,210.0,380,25.0,0.0,2022,8,13,3,0
2022226N22088,2022,UNNAMED,2022-08-14 03:00:00+00:00,21.7,87.8,25.0,994.0,6.0,290.0,0,35.0,0.0,2022,8,14,3,0
2022226N22088,2022,UNNAMED,2022-08-14 06:00:00+00:00,21.8,87.5,25.0,994.0,9.0,285.0,0,25.0,0.0,2022,8,14,6,0
2022226N22088,2022,UNNAMED,2022-08-14 12:00:00+00:00,22.1,86.0,25.0,994.0,18.0,275.0,0,25.0,0.0,2022,8,14,12,0
2022226N22088,2022,UNNAMED,2022-08-14 18:00:00+00:00,22.2,84.0,25.0,994.0,15.0,275.0,0,25.0,0.0,2022,8,14,18,0
2022226N22088,2022,UNNAMED,2022-08-15 00:00:00+00:00,22.4,82.8,25.0,994.0,13.0,285.0,0,25.0,0.0,2022,8,15,0,0
2022226N22088,2022,UNNAMED,2022-08-15 03:00:00+00:00,22.6,82.0,25.0,994.0,16.0,285.0,0,25.0,0.0,2022,8,15,3,0
2022226N22088,2022,UNNAMED,2022-08-15 06:00:00+00:00,22.8,81.1,25.0,994.0,16.0,285.0,0,25.0,0.0,2022,8,15,6,0
2022226N22088,2022,UNNAMED,2022-08-15 12:00:00+00:00,23.3,79.8,25.0,994.0,10.0,295.0,0,25.0,0.0,2022,8,15,12,0
2022226N22088,2022,UNNAMED,2022-08-15 18:00:00+00:00,23.6,79.0,25.0,994.0,10.0,300.0,0,25.0,0.0,2022,8,15,18,0
2022226N22088,2022,UNNAMED,2022-08-16 00:00:00+00:00,24.3,77.6,25.0,994.0,19.0,295.0,0,25.0,0.0,2022,8,16,0,0
2022226N22088,2022,UNNAMED,2022-08-16 03:00:00+00:00,24.7,76.5,25.0,994.0,15.0,295.0,0,25.0,0.0,2022,8,16,3,0
2022230N18095,2022,UNNAMED,2022-08-19 00:00:00+00:00,20.9,89.4,25.0,994.0,7.0,295.0,84,35.0,0.0,2022,8,19,0,0
2022230N18095,2022,UNNAMED,2022-08-19 03:00:00+00:00,21.0,89.2,25.0,994.0,5.0,300.0,67,25.0,0.0,2022,8,19,3,1
2022230N18095,2022,UNNAMED,2022-08-19 06:00:00+00:00,21.2,88.9,30.0,993.0,7.0,305.0,44,25.0,5.0,2022,8,19,6,0
2022230N18095,2022,UNNAMED,2022-08-19 12:00:00+00:00,21.6,88.1,30.0,992.0,10.0,300.0,0,30.0,0.0,2022,8,19,12,0
2022230N18095,2022,UNNAMED,2022-08-19 15:00:00+00:00,21.9,87.6,30.0,992.0,12.0,300.0,0,30.0,0.0,2022,8,19,15,0
2022230N18095,2022,UNNAMED,2022-08-19 18:00:00+00:00,22.2,87.0,30.0,992.0,12.0,295.0,0,30.0,0.0,2022,8,19,18,0
2022230N18095,2022,UNNAMED,2022-08-20 00:00:00+00:00,22.6,85.9,30.0,992.0,10.0,285.0,0,30.0,0.0,2022,8,20,0,0
2022230N18095,2022,UNNAMED,2022-08-20 03:00:00+00:00,22.7,85.4,30.0,992.0,12.0,290.0,0,30.0,0.0,2022,8,20,3,0
2022230N18095,2022,UNNAMED,2022-08-20 06:00:00+00:00,22.9,84.7,30.0,993.0,13.0,290.0,0,30.0,0.0,2022,8,20,6,0
2022230N18095,2022,UNNAMED,2022-08-20 12:00:00+00:00,23.3,83.6,30.0,993.0,9.0,290.0,0,30.0,0.0,2022,8,20,12,0
2022230N18095,2022,UNNAMED,2022-08-20 18:00:00+00:00,23.5,82.9,30.0,993.0,6.0,290.0,0,30.0,0.0,2022,8,20,18,0
2022230N18095,2022,UNNAMED,2022-08-21 00:00:00+00:00,23.7,82.2,25.0,994.0,8.0,285.0,0,30.0,-5.0,2022,8,21,0,0
2022230N18095,2022,UNNAMED,2022-08-21 03:00:00+00:00,23.8,81.7,25.0,994.0,10.0,290.0,0,25.0,0.0,2022,8,21,3,0
2022230N18095,2022,UNNAMED,2022-08-21 06:00:00+00:00,24.0,81.2,25.0,994.0,9.0,290.0,0,25.0,0.0,2022,8,21,6,0
2022230N18095,2022,UNNAMED,2022-08-21 12:00:00+00:00,24.2,80.5,25.0,994.0,6.0,285.0,0,25.0,0.0,2022,8,21,12,0
2022230N18095,2022,UNNAMED,2022-08-21 18:00:00+00:00,24.3,79.8,25.0,995.0,6.0,275.0,0,25.0,0.0,2022,8,21,18,0
2022230N18095,2022,UNNAMED,2022-08-22 00:00:00+00:00,24.3,79.1,25.0,995.0,10.0,270.0,0,25.0,0.0,2022,8,22,0,0
2022230N18095,2022,UNNAMED,2022-08-22 03:00:00+00:00,24.3,78.4,25.0,995.0,12.0,275.0,0,25.0,0.0,2022,8,22,3,0
2022230N18095,2022,UNNAMED,2022-08-22 06:00:00+00:00,24.4,77.8,25.0,996.0,8.0,280.0,0,25.0,0.0,2022,8,22,6,0
2022230N18095,2022,UNNAMED,2022-08-22 12:00:00+00:00,24.4,77.4,25.0,996.0,5.0,280.0,0,25.0,0.0,2022,8,22,12,0
2022230N18095,2022,UNNAMED,2022-08-22 18:00:00+00:00,24.6,76.6,20.0,997.0,6.0,290.0,0,25.0,-5.0,2022,8,22,18,0
2022254N20085,2022,UNNAMED,2022-09-11 00:00:00+00:00,19.5,84.7,25.0,998.0,14.0,285.0,0,35.0,0.0,2022,9,11,0,0
2022254N20085,2022,UNNAMED,2022-09-11 03:00:00+00:00,19.7,84.0,25.0,998.0,14.0,285.0,0,25.0,0.0,2022,9,11,3,0
2022254N20085,2022,UNNAMED,2022-09-11 06:00:00+00:00,19.8,83.3,25.0,998.0,15.0,275.0,0,25.0,0.0,2022,9,11,6,0
2022254N20085,2022,UNNAMED,2022-09-11 12:00:00+00:00,19.9,81.7,25.0,998.0,10.0,275.0,0,25.0,0.0,2022,9,11,12,0
2022254N20085,2022,UNNAMED,2022-09-11 18:00:00+00:00,20.1,81.2,25.0,998.0,6.0,325.0,0,25.0,0.0,2022,9,11,18,0
2022295N13093,2022,SITRANG,2022-10-22 03:00:00+00:00,13.4,92.1,25.0,1004.0,13.0,305.0,365,35.0,0.0,2022,10,22,3,0
2022295N13093,2022,SITRANG,2022-10-22 06:00:00+00:00,13.9,91.4,25.0,1003.0,14.0,305.0,381,25.0,0.0,2022,10,22,6,0
2022295N13093,2022,SITRANG,2022-10-22 12:00:00+00:00,14.4,90.5,25.0,1002.0,10.0,300.0,435,25.0,0.0,2022,10,22,12,0
2022295N13093,2022,SITRANG,2022-10-22 18:00:00+00:00,15.0,89.5,25.0,1002.0,10.0,300.0,516,25.0,0.0,2022,10,22,18,1
2022295N13093,2022,SITRANG,2022-10-23 00:00:00+00:00,15.4,88.7,30.0,1001.0,8.0,290.0,569,25.0,5.0,2022,10,23,0,0
2022295N13093,2022,SITRANG,2022-10-23 03:00:00+00:00,15.5,88.3,30.0,1000.0,6.0,290.0,539,30.0,0.0,2022,10,23,3,0
2022295N13093,2022,SITRANG,2022-10-23 06:00:00+00:00,15.6,88.1,30.0,1000.0,4.0,330.0,516,30.0,0.0,2022,10,23,6,1
2022295N13093,2022,SITRANG,2022-10-23 12:00:00+00:00,16.2,88.1,35.0,999.0,8.0,20.0,465,30.0,5.0,2022,10,23,12,0
2022295N13093,2022,SITRANG,2022-10-23 15:00:00+00:00,16.6,88.4,35.0,999.0,10.0,25.0,435,35.0,0.0,2022,10,23,15,0
2022295N13093,2022,SITRANG,2022-10-23 18:00:00+00:00,17.1,88.6,35.0,998.0,10.0,25.0,398,35.0,0.0,2022,10,23,18,1
2022295N13093,2022,SITRANG,2022-10-23 21:00:00+00:00,17.5,88.8,40.0,997.0,10.0,25.0,376,35.0,5.0,2022,10,23,21,0
2022295N13093,2022,SITRANG,2022-10-24 00:00:00+00:00,18.0,89.0,40.0,996.0,13.0,20.0,352,40.0,0.0,2022,10,24,0,1
2022295N13093,2022,SITRANG,2022-10-24 03:00:00+00:00,18.7,89.3,45.0,996.0,15.0,20.0,325,40.0,5.0,2022,10,24,3,0
2022295N13093,2022,SITRANG,2022-10-24 06:00:00+00:00,19.4,89.6,45.0,996.0,15.0,25.0,251,45.0,0.0,2022,10,24,6,0
2022295N13093,2022,SITRANG,2022-10-24 09:00:00+00:00,20.0,89.9,45.0,996.0,14.0,20.0,197,45.0,0.0,2022,10,24,9,0
2022295N13093,2022,SITRANG,2022-10-24 12:00:00+00:00,20.8,90.1,45.0,996.0,19.0,15.0,111,45.0,0.0,2022,10,24,12,0
2022295N13093,2022,SITRANG,2022-10-24 15:00:00+00:00,21.8,90.4,45.0,996.0,32.0,15.0,20,45.0,0.0,2022,10,24,15,0
2022295N13093,2022,SITRANG,2022-10-24 18:00:00+00:00,23.8,90.9,40.0,996.0,25.0,15.0,0,45.0,-5.0,2022,10,24,18,0
2022295N13093,2022,SITRANG,2022-10-24 21:00:00+00:00,24.3,91.0,30.0,998.0,7.0,15.0,0,40.0,-10.0,2022,10,24,21,0
2022324N10086,2022,UNNAMED,2022-11-20 00:00:00+00:00,10.0,85.5,25.0,1005.0,0.0,0.0,483,35.0,0.0,2022,11,20,0,0
2022324N10086,2022,UNNAMED,2022-11-20 03:00:00+00:00,10.0,85.5,25.0,1005.0,4.0,325.0,483,25.0,0.0,2022,11,20,3,0
2022324N10086,2022,UNNAMED,2022-11-20 06:00:00+00:00,10.3,85.3,25.0,1005.0,7.0,330.0,478,25.0,0.0,2022,11,20,6,0
2022324N10086,2022,UNNAMED,2022-11-20 12:00:00+00:00,10.9,85.0,25.0,1003.0,6.0,330.0,484,25.0,0.0,2022,11,20,12,0
2022324N10086,2022,UNNAMED,2022-11-20 18:00:00+00:00,11.4,84.6,25.0,1003.0,6.0,320.0,477,25.0,0.0,2022,11,20,18,0
2022324N10086,2022,UNNAMED,2022-11-21 00:00:00+00:00,11.9,84.2,25.0,1003.0,6.0,320.0,440,25.0,0.0,2022,11,21,0,0
2022324N10086,2022,UNNAMED,2022-11-21 03:00:00+00:00,12.1,84.0,25.0,1003.0,11.0,310.0,415,25.0,0.0,2022,11,21,3,0
2022324N10086,2022,UNNAMED,2022-11-21 06:00:00+00:00,12.6,83.4,25.0,1003.0,15.0,300.0,345,25.0,0.0,2022,11,21,6,0
2022324N10086,2022,UNNAMED,2022-11-21 12:00:00+00:00,12.9,82.0,25.0,1003.0,9.0,280.0,189,25.0,0.0,2022,11,21,12,0
2022324N10086,2022,UNNAMED,2022-11-21 18:00:00+00:00,13.0,81.7,25.0,1003.0,2.0,295.0,155,25.0,0.0,2022,11,21,18,0
2022338N05100,2022,MANDOUS,2022-12-06 12:00:00+00:00,8.4,87.2,25.0,1000.0,8.0,280.0,601,35.0,0.0,2022,12,6,12,0
2022338N05100,2022,MANDOUS,2022-12-06 18:00:00+00:00,8.5,86.7,25.0,1000.0,4.0,285.0,549,25.0,0.0,2022,12,6,18,1
2022338N05100,2022,MANDOUS,2022-12-07 00:00:00+00:00,8.6,86.3,30.0,999.0,7.0,285.0,508,25.0,5.0,2022,12,7,0,0
2022338N05100,2022,MANDOUS,2022-12-07 03:00:00+00:00,8.7,85.9,30.0,999.0,6.0,285.0,468,30.0,0.0,2022,12,7,3,0
2022338N05100,2022,MANDOUS,2022-12-07 06:00:00+00:00,8.8,85.7,30.0,998.0,5.0,285.0,450,30.0,0.0,2022,12,7,6,0
2022338N05100,2022,MANDOUS,2022-12-07 12:00:00+00:00,9.0,85.1,30.0,998.0,5.0,295.0,395,30.0,0.0,2022,12,7,12,1
2022338N05100,2022,MANDOUS,2022-12-07 18:00:00+00:00,9.2,84.7,35.0,997.0,4.0,300.0,366,30.0,5.0,2022,12,7,18,0
2022338N05100,2022,MANDOUS,2022-12-07 21:00:00+00:00,9.3,84.5,35.0,997.0,4.0,295.0,350,35.0,0.0,2022,12,7,21,1
2022338N05100,2022,MANDOUS,2022-12-08 00:00:00+00:00,9.4,84.3,40.0,995.0,6.0,295.0,335,35.0,5.0,2022,12,8,0,0
2022338N05100,2022,MANDOUS,2022-12-08 03:00:00+00:00,9.5,84.0,40.0,994.0,8.0,295.0,311,40.0,0.0,2022,12,8,3,1
2022338N05100,2022,MANDOUS,2022-12-08 06:00:00+00:00,9.8,83.6,45.0,992.0,8.0,295.0,288,40.0,5.0,2022,12,8,6,0
2022338N05100,2022,MANDOUS,2022-12-08 09:00:00+00:00,9.9,83.2,45.0,992.0,8.0,300.0,257,45.0,0.0,2022,12,8,9,1
2022338N05100,2022,MANDOUS,2022-12-08 12:00:00+00:00,10.2,82.9,50.0,990.0,9.0,305.0,251,45.0,5.0,2022,12,8,12,0
2022338N05100,2022,MANDOUS,2022-12-08 15:00:00+00:00,10.4,82.5,50.0,990.0,8.0,305.0,223,50.0,0.0,2022,12,8,15,0
2022338N05100,2022,MANDOUS,2022-12-08 18:00:00+00:00,10.6,82.2,50.0,990.0,6.0,300.0,211,50.0,0.0,2022,12,8,18,0
2022338N05100,2022,MANDOUS,2022-12-08 21:00:00+00:00,10.7,82.0,50.0,990.0,6.0,310.0,204,50.0,0.0,2022,12,8,21,0
2022338N05100,2022,MANDOUS,2022-12-09 00:00:00+00:00,11.0,81.8,50.0,990.0,5.0,315.0,207,50.0,0.0,2022,12,9,0,0
2022338N05100,2022,MANDOUS,2022-12-09 03:00:00+00:00,11.1,81.6,45.0,991.0,6.0,325.0,185,50.0,-5.0,2022,12,9,3,0
2022338N05100,2022,MANDOUS,2022-12-09 06:00:00+00:00,11.4,81.4,45.0,992.0,7.0,325.0,165,45.0,0.0,2022,12,9,6,0
2022338N05100,2022,MANDOUS,2022-12-09 09:00:00+00:00,11.7,81.2,45.0,992.0,7.0,325.0,140,45.0,0.0,2022,12,9,9,0
2022338N05100,2022,MANDOUS,2022-12-09 12:00:00+00:00,12.0,81.0,40.0,993.0,7.0,320.0,103,45.0,-5.0,2022,12,9,12,0
2022338N05100,2022,MANDOUS,2022-12-09 15:00:00+00:00,12.3,80.7,40.0,994.0,8.0,315.0,58,40.0,0.0,2022,12,9,15,0
2022338N05100,2022,MANDOUS,2022-12-09 18:00:00+00:00,12.6,80.4,35.0,995.0,8.0,310.0,21,40.0,-5.0,2022,12,9,18,0
2022338N05100,2022,MANDOUS,2022-12-09 21:00:00+00:00,12.8,80.1,35.0,996.0,6.0,295.0,0,35.0,0.0,2022,12,9,21,0
2022338N05100,2022,MANDOUS,2022-12-10 00:00:00+00:00,12.8,79.8,30.0,998.0,5.0,280.0,0,35.0,-5.0,2022,12,10,0,0
2022338N05100,2022,MANDOUS,2022-12-10 03:00:00+00:00,12.8,79.6,30.0,1000.0,4.0,270.0,0,30.0,0.0,2022,12,10,3,0
2022347N12074,2022,UNNAMED,2022-12-14 09:00:00+00:00,13.6,69.6,25.0,1002.0,7.0,285.0,492,35.0,0.0,2022,12,14,9,0
2022347N12074,2022,UNNAMED,2022-12-14 12:00:00+00:00,13.7,69.3,25.0,1002.0,7.0,280.0,519,25.0,0.0,2022,12,14,12,0
2022347N12074,2022,UNNAMED,2022-12-14 18:00:00+00:00,13.8,68.6,25.0,1002.0,5.0,275.0,574,25.0,0.0,2022,12,14,18,1
2022347N12074,2022,UNNAMED,2022-12-15 00:00:00+00:00,13.9,68.1,30.0,1000.0,6.0,275.0,629,25.0,5.0,2022,12,15,0,0
2022347N12074,2022,UNNAMED,2022-12-15 03:00:00+00:00,13.9,67.7,30.0,1000.0,7.0,275.0,667,30.0,0.0,2022,12,15,3,0
2022347N12074,2022,UNNAMED,2022-12-15 06:00:00+00:00,13.9,67.4,30.0,1000.0,7.0,280.0,696,30.0,0.0,2022,12,15,6,0
2022347N12074,2022,UNNAMED,2022-12-15 12:00:00+00:00,14.1,66.7,30.0,1000.0,9.0,270.0,757,30.0,0.0,2022,12,15,12,0
2022347N12074,2022,UNNAMED,2022-12-15 18:00:00+00:00,13.9,65.7,30.0,1000.0,8.0,260.0,866,30.0,0.0,2022,12,15,18,0
2022347N12074,2022,UNNAMED,2022-12-16 00:00:00+00:00,13.9,65.1,30.0,1000.0,7.0,270.0,926,30.0,0.0,2022,12,16,0,0
2022347N12074,2022,UNNAMED,2022-12-16 03:00:00+00:00,13.9,64.7,30.0,1000.0,8.0,275.0,931,30.0,0.0,2022,12,16,3,0
2022347N12074,2022,UNNAMED,2022-12-16 06:00:00+00:00,13.9,64.3,30.0,1000.0,7.0,280.0,897,30.0,0.0,2022,12,16,6,0
2022347N12074,2022,UNNAMED,2022-12-16 12:00:00+00:00,14.1,63.6,25.0,1002.0,7.0,280.0,826,30.0,-5.0,2022,12,16,12,0
2022347N12074,2022,UNNAMED,2022-12-16 18:00:00+00:00,14.1,62.9,25.0,1002.0,7.0,265.0,772,25.0,0.0,2022,12,16,18,0
2022347N12074,2022,UNNAMED,2022-12-17 00:00:00+00:00,14.0,62.3,25.0,1002.0,6.0,260.0,737,25.0,0.0,2022,12,17,0,0
2022347N12074,2022,UNNAMED,2022-12-17 03:00:00+00:00,14.0,62.0,25.0,1002.0,6.0,255.0,716,25.0,0.0,2022,12,17,3,0
2022356N09085,2022,UNNAMED,2022-12-22 03:00:00+00:00,9.0,85.0,25.0,1004.0,11.0,340.0,385,35.0,0.0,2022,12,22,3,0
2022356N09085,2022,UNNAMED,2022-12-22 06:00:00+00:00,9.5,84.8,25.0,1004.0,8.0,335.0,390,25.0,0.0,2022,12,22,6,0
2022356N09085,2022,UNNAMED,2022-12-22 12:00:00+00:00,9.8,84.5,25.0,1004.0,4.0,310.0,375,25.0,0.0,2022,12,22,12,0
2022356N09085,2022,UNNAMED,2022-12-22 18:00:00+00:00,10.1,84.2,25.0,1004.0,2.0,315.0,361,25.0,0.0,2022,12,22,18,0
2022356N09085,2022,UNNAMED,2022-12-23 00:00:00+00:00,10.1,84.2,25.0,1004.0,0.0,0.0,361,25.0,0.0,2022,12,23,0,0
2022356N09085,2022,UNNAMED,2022-12-23 03:00:00+00:00,10.1,84.2,25.0,1004.0,7.0,65.0,361,25.0,0.0,2022,12,23,3,0
2022356N09085,2022,UNNAMED,2022-12-23 06:00:00+00:00,10.4,84.8,25.0,1004.0,11.0,65.0,435,25.0,0.0,2022,12,23,6,0
2022356N09085,2022,UNNAMED,2022-12-23 12:00:00+00:00,10.6,85.4,25.0,1004.0,3.0,110.0,503,25.0,0.0,2022,12,23,12,0
2022356N09085,2022,UNNAMED,2022-12-23 18:00:00+00:00,10.4,85.3,25.0,1004.0,5.0,285.0,483,25.0,0.0,2022,12,23,18,0
2022356N09085,2022,UNNAMED,2022-12-24 00:00:00+00:00,10.8,84.5,25.0,1004.0,7.0,275.0,431,25.0,0.0,2022,12,24,0,0
2022356N09085,2022,UNNAMED,2022-12-24 03:00:00+00:00,10.7,84.2,25.0,1004.0,9.0,245.0,398,25.0,0.0,2022,12,24,3,0
2022356N09085,2022,UNNAMED,2022-12-24 06:00:00+00:00,10.4,83.7,25.0,1004.0,11.0,235.0,333,25.0,0.0,2022,12,24,6,0
2022356N09085,2022,UNNAMED,2022-12-24 12:00:00+00:00,9.7,83.0,25.0,1004.0,8.0,225.0,227,25.0,0.0,2022,12,24,12,0
2022356N09085,2022,UNNAMED,2022-12-24 18:00:00+00:00,9.3,82.5,25.0,1004.0,5.0,230.0,157,25.0,0.0,2022,12,24,18,0
2022356N09085,2022,UNNAMED,2022-12-25 00:00:00+00:00,9.0,82.2,25.0,1004.0,5.0,225.0,110,25.0,0.0,2022,12,25,0,0
2022356N09085,2022,UNNAMED,2022-12-25 03:00:00+00:00,8.8,82.0,25.0,1004.0,8.0,230.0,79,25.0,0.0,2022,12,25,3,0
2023030N08087,2023,UNNAMED,2023-01-30 03:00:00+00:00,7.7,87.2,25.0,1004.0,13.0,290.0,590,35.0,0.0,2023,1,30,3,0
2023030N08087,2023,UNNAMED,2023-01-30 06:00:00+00:00,7.9,86.6,25.0,1004.0,10.0,285.0,528,25.0,0.0,2023,1,30,6,0
2023030N08087,2023,UNNAMED,2023-01-30 12:00:00+00:00,8.0,86.0,25.0,1004.0,6.0,275.0,465,25.0,0.0,2023,1,30,12,0
2023030N08087,2023,UNNAMED,2023-01-30 18:00:00+00:00,8.1,85.3,25.0,1004.0,6.0,275.0,389,25.0,0.0,2023,1,30,18,0
2023030N08087,2023,UNNAMED,2023-01-31 00:00:00+00:00,8.2,84.8,25.0,1004.0,8.0,290.0,337,25.0,0.0,2023,1,31,0,0
2023030N08087,2023,UNNAMED,2023-01-31 03:00:00+00:00,8.4,84.3,25.0,1004.0,10.0,295.0,289,25.0,0.0,2023,1,31,3,0
2023030N08087,2023,UNNAMED,2023-01-31 06:00:00+00:00,8.6,83.9,25.0,1004.0,7.0,295.0,257,25.0,0.0,2023,1,31,6,0
2023030N08087,2023,UNNAMED,2023-01-31 12:00:00+00:00,8.6,83.5,25.0,1004.0,5.0,245.0,218,25.0,0.0,2023,1,31,12,0
2023030N08087,2023,UNNAMED,2023-01-31 18:00:00+00:00,8.3,82.9,25.0,1004.0,5.0,240.0,144,25.0,0.0,2023,1,31,18,0
2023030N08087,2023,UNNAMED,2023-02-01 00:00:00+00:00,8.2,82.7,25.0,1004.0,3.0,265.0,119,25.0,0.0,2023,2,1,0,0
2023030N08087,2023,UNNAMED,2023-02-01 03:00:00+00:00,8.2,82.5,25.0,1004.0,2.0,270.0,101,25.0,0.0,2023,2,1,3,0
2023030N08087,2023,UNNAMED,2023-02-01 06:00:00+00:00,8.2,82.5,25.0,1004.0,1.0,275.0,101,25.0,0.0,2023,2,1,6,0
2023030N08087,2023,UNNAMED,2023-02-01 12:00:00+00:00,8.2,82.3,25.0,1004.0,2.0,265.0,80,25.0,0.0,2023,2,1,12,0
2023030N08087,2023,UNNAMED,2023-02-01 18:00:00+00:00,8.1,82.1,25.0,1004.0,5.0,240.0,56,25.0,0.0,2023,2,1,18,0
2023030N08087,2023,UNNAMED,2023-02-02 00:00:00+00:00,7.6,81.4,25.0,1004.0,10.0,225.0,0,25.0,0.0,2023,2,2,0,0
2023030N08087,2023,UNNAMED,2023-02-02 03:00:00+00:00,7.2,81.1,20.0,1004.0,10.0,215.0,0,25.0,-5.0,2023,2,2,3,0
2023030N08087,2023,UNNAMED,2023-02-02 06:00:00+00:00,6.8,80.8,20.0,1006.0,9.0,220.0,0,20.0,0.0,2023,2,2,6,0
2023129N08091,2023,MOCHA,2023-05-09 12:00:00+00:00,7.9,89.3,25.0,1002.0,5.0,340.0,701,35.0,0.0,2023,5,9,12,0
2023129N08091,2023,MOCHA,2023-05-09 18:00:00+00:00,8.3,89.1,25.0,1002.0,2.0,330.0,738,25.0,0.0,2023,5,9,18,1
2023129N08091,2023,MOCHA,2023-05-10 00:00:00+00:00,8.5,89.0,30.0,1000.0,6.0,325.0,757,25.0,5.0,2023,5,10,0,0
2023129N08091,2023,MOCHA,2023-05-10 03:00:00+00:00,8.8,88.7,30.0,1000.0,9.0,330.0,771,30.0,0.0,2023,5,10,3,0
2023129N08091,2023,MOCHA,2023-05-10 06:00:00+00:00,9.3,88.5,30.0,999.0,9.0,335.0,761,30.0,0.0,2023,5,10,6,0
2023129N08091,2023,MOCHA,2023-05-10 12:00:00+00:00,10.1,88.4,30.0,998.0,8.0,355.0,777,30.0,0.0,2023,5,10,12,0
2023129N08091,2023,MOCHA,2023-05-10 18:00:00+00:00,10.8,88.3,30.0,998.0,6.0,350.0,798,30.0,0.0,2023,5,10,18,1
2023129N08091,2023,MOCHA,2023-05-11 00:00:00+00:00,11.2,88.1,35.0,997.0,4.0,335.0,807,30.0,5.0,2023,5,11,0,0
2023129N08091,2023,MOCHA,2023-05-11 03:00:00+00:00,11.3,88.1,35.0,996.0,4.0,345.0,803,35.0,0.0,2023,5,11,3,1
2023129N08091,2023,MOCHA,2023-05-11 06:00:00+00:00,11.6,88.1,45.0,996.0,4.0,0.0,816,35.0,10.0,2023,5,11,6,0
2023129N08091,2023,MOCHA,2023-05-11 09:00:00+00:00,11.8,88.0,45.0,996.0,6.0,0.0,816,45.0,0.0,2023,5,11,9,1
2023129N08091,2023,MOCHA,2023-05-11 12:00:00+00:00,12.1,88.1,50.0,994.0,7.0,5.0,789,45.0,5.0,2023,5,11,12,0
2023129N08091,2023,MOCHA,2023-05-11 15:00:00+00:00,12.4,88.1,50.0,992.0,7.0,5.0,771,50.0,0.0,2023,5,11,15,0
2023129N08091,2023,MOCHA,2023-05-11 18:00:00+00:00,12.8,88.1,50.0,992.0,6.0,0.0,748,50.0,0.0,2023,5,11,18,1
2023129N08091,2023,MOCHA,2023-05-11 21:00:00+00:00,13.0,88.1,60.0,986.0,6.0,5.0,731,50.0,10.0,2023,5,11,21,1
2023129N08091,2023,MOCHA,2023-05-12 00:00:00+00:00,13.3,88.1,65.0,982.0,7.0,10.0,711,60.0,5.0,2023,5,12,0,0
2023129N08091,2023,MOCHA,2023-05-12 03:00:00+00:00,13.7,88.2,65.0,982.0,7.0,10.0,676,65.0,0.0,2023,5,12,3,1
2023129N08091,2023,MOCHA,2023-05-12 06:00:00+00:00,14.0,88.3,75.0,974.0,7.0,15.0,657,65.0,10.0,2023,5,12,6,1
2023129N08091,2023,MOCHA,2023-05-12 09:00:00+00:00,14.3,88.4,85.0,970.0,6.0,25.0,641,75.0,10.0,2023,5,12,9,0
2023129N08091,2023,MOCHA,2023-05-12 12:00:00+00:00,14.6,88.6,85.0,970.0,6.0,30.0,620,85.0,0.0,2023,5,12,12,1
2023129N08091,2023,MOCHA,2023-05-12 15:00:00+00:00,14.8,88.7,90.0,964.0,5.0,35.0,604,85.0,5.0,2023,5,12,15,1
2023129N08091,2023,MOCHA,2023-05-12 18:00:00+00:00,15.0,88.9,100.0,954.0,5.0,35.0,579,90.0,10.0,2023,5,12,18,0
2023129N08091,2023,MOCHA,2023-05-12 21:00:00+00:00,15.1,89.0,100.0,954.0,5.0,40.0,566,100.0,0.0,2023,5,12,21,0
2023129N08091,2023,MOCHA,2023-05-13 00:00:00+00:00,15.4,89.1,100.0,954.0,7.0,45.0,539,100.0,0.0,2023,5,13,0,0
2023129N08091,2023,MOCHA,2023-05-13 03:00:00+00:00,15.7,89.5,100.0,954.0,10.0,50.0,504,100.0,0.0,2023,5,13,3,1
2023129N08091,2023,MOCHA,2023-05-13 06:00:00+00:00,16.0,90.0,105.0,950.0,11.0,45.0,449,100.0,5.0,2023,5,13,6,0
2023129N08091,2023,MOCHA,2023-05-13 09:00:00+00:00,16.4,90.3,105.0,950.0,12.0,40.0,418,105.0,0.0,2023,5,13,9,1
2023129N08091,2023,MOCHA,2023-05-13 12:00:00+00:00,16.9,90.8,110.0,944.0,12.0,30.0,375,105.0,5.0,2023,5,13,12,0
2023129N08091,2023,MOCHA,2023-05-13 15:00:00+00:00,17.4,91.0,110.0,944.0,11.0,20.0,336,110.0,0.0,2023,5,13,15,1
2023129N08091,2023,MOCHA,2023-05-13 18:00:00+00:00,17.9,91.2,115.0,938.0,10.0,30.0,291,110.0,5.0,2023,5,13,18,0
2023129N08091,2023,MOCHA,2023-05-13 21:00:00+00:00,18.3,91.4,115.0,938.0,10.0,35.0,254,115.0,0.0,2023,5,13,21,0
2023129N08091,2023,MOCHA,2023-05-14 00:00:00+00:00,18.7,91.7,115.0,938.0,12.0,30.0,200,115.0,0.0,2023,5,14,0,0
2023129N08091,2023,MOCHA,2023-05-14 03:00:00+00:00,19.3,92.1,110.0,944.0,15.0,35.0,122,115.0,-5.0,2023,5,14,3,0
2023129N08091,2023,MOCHA,2023-05-14 06:00:00+00:00,19.9,92.6,100.0,952.0,14.0,35.0,38,110.0,-10.0,2023,5,14,6,0
2023129N08091,2023,MOCHA,2023-05-14 09:00:00+00:00,20.4,92.9,90.0,964.0,14.0,30.0,0,100.0,-10.0,2023,5,14,9,0
2023129N08091,2023,MOCHA,2023-05-14 12:00:00+00:00,21.1,93.3,75.0,974.0,20.0,35.0,0,90.0,-15.0,2023,5,14,12,0
2023129N08091,2023,MOCHA,2023-05-14 15:00:00+00:00,22.1,94.1,60.0,984.0,28.0,40.0,0,75.0,-15.0,2023,5,14,15,0
2023129N08091,2023,MOCHA,2023-05-14 18:00:00+00:00,23.3,95.2,50.0,992.0,29.0,40.0,0,60.0,-10.0,2023,5,14,18,0
2023129N08091,2023,MOCHA,2023-05-14 21:00:00+00:00,24.3,96.1,35.0,996.0,30.0,55.0,0,50.0,-15.0,2023,5,14,21,0
2023156N10067,2023,BIPARJOY,2023-06-06 00:00:00+00:00,11.5,66.0,25.0,1000.0,2.0,330.0,945,35.0,0.0,2023,6,6,0,0
2023156N10067,2023,BIPARJOY,2023-06-06 03:00:00+00:00,11.7,66.0,25.0,1000.0,4.0,350.0,935,25.0,0.0,2023,6,6,3,1
2023156N10067,2023,BIPARJOY,2023-06-06 06:00:00+00:00,11.9,65.9,30.0,999.0,4.0,0.0,936,25.0,5.0,2023,6,6,6,1
2023156N10067,2023,BIPARJOY,2023-06-06 12:00:00+00:00,12.2,66.0,35.0,998.0,3.0,15.0,913,30.0,5.0,2023,6,6,12,0
2023156N10067,2023,BIPARJOY,2023-06-06 15:00:00+00:00,12.3,66.0,35.0,998.0,3.0,15.0,909,35.0,0.0,2023,6,6,15,1
2023156N10067,2023,BIPARJOY,2023-06-06 18:00:00+00:00,12.5,66.1,40.0,996.0,2.0,40.0,890,35.0,5.0,2023,6,6,18,1
2023156N10067,2023,BIPARJOY,2023-06-06 21:00:00+00:00,12.5,66.2,45.0,996.0,2.0,50.0,880,40.0,5.0,2023,6,6,21,1
2023156N10067,2023,BIPARJOY,2023-06-07 00:00:00+00:00,12.6,66.3,55.0,990.0,3.0,30.0,866,45.0,10.0,2023,6,7,0,1
2023156N10067,2023,BIPARJOY,2023-06-07 03:00:00+00:00,12.8,66.3,60.0,988.0,4.0,10.0,857,55.0,5.0,2023,6,7,3,1
2023156N10067,2023,BIPARJOY,2023-06-07 06:00:00+00:00,13.0,66.4,65.0,983.0,4.0,355.0,838,60.0,5.0,2023,6,7,6,0
2023156N10067,2023,BIPARJOY,2023-06-07 09:00:00+00:00,13.2,66.3,65.0,983.0,4.0,335.0,838,65.0,0.0,2023,6,7,9,0
2023156N10067,2023,BIPARJOY,2023-06-07 12:00:00+00:00,13.3,66.2,65.0,983.0,3.0,330.0,843,65.0,0.0,2023,6,7,12,0
2023156N10067,2023,BIPARJOY,2023-06-07 15:00:00+00:00,13.4,66.2,65.0,983.0,3.0,330.0,838,65.0,0.0,2023,6,7,15,1
2023156N10067,2023,BIPARJOY,2023-06-07 18:00:00+00:00,13.6,66.1,70.0,980.0,3.0,335.0,838,65.0,5.0,2023,6,7,18,0
2023156N10067,2023,BIPARJOY,2023-06-07 21:00:00+00:00,13.6,66.0,70.0,980.0,3.0,0.0,834,70.0,0.0,2023,6,7,21,1
2023156N10067,2023,BIPARJOY,2023-06-08 00:00:00+00:00,13.8,66.1,75.0,978.0,2.0,355.0,829,70.0,5.0,2023,6,8,0,0
2023156N10067,2023,BIPARJOY,2023-06-08 03:00:00+00:00,13.9,66.0,75.0,978.0,2.0,345.0,835,75.0,0.0,2023,6,8,3,0
2023156N10067,2023,BIPARJOY,2023-06-08 06:00:00+00:00,14.0,66.0,75.0,978.0,3.0,355.0,831,75.0,0.0,2023,6,8,6,0
2023156N10067,2023,BIPARJOY,2023-06-08 09:00:00+00:00,14.2,66.0,75.0,978.0,3.0,0.0,824,75.0,0.0,2023,6,8,9,0
2023156N10067,2023,BIPARJOY,2023-06-08 12:00:00+00:00,14.3,66.0,75.0,978.0,3.0,10.0,820,75.0,0.0,2023,6,8,12,0
2023156N10067,2023,BIPARJOY,2023-06-08 15:00:00+00:00,14.4,66.0,75.0,978.0,3.0,20.0,817,75.0,0.0,2023,6,8,15,0
2023156N10067,2023,BIPARJOY,2023-06-08 18:00:00+00:00,14.6,66.1,75.0,978.0,2.0,25.0,800,75.0,0.0,2023,6,8,18,0
2023156N10067,2023,BIPARJOY,2023-06-08 21:00:00+00:00,14.6,66.1,75.0,978.0,3.0,45.0,800,75.0,0.0,2023,6,8,21,0
2023156N10067,2023,BIPARJOY,2023-06-09 00:00:00+00:00,14.8,66.3,75.0,978.0,4.0,60.0,773,75.0,0.0,2023,6,9,0,0
2023156N10067,2023,BIPARJOY,2023-06-09 03:00:00+00:00,14.8,66.5,70.0,980.0,5.0,60.0,752,75.0,-5.0,2023,6,9,3,0
2023156N10067,2023,BIPARJOY,2023-06-09 06:00:00+00:00,15.0,66.8,70.0,980.0,7.0,45.0,715,70.0,0.0,2023,6,9,6,0
2023156N10067,2023,BIPARJOY,2023-06-09 09:00:00+00:00,15.3,67.0,70.0,980.0,7.0,35.0,687,70.0,0.0,2023,6,9,9,0
2023156N10067,2023,BIPARJOY,2023-06-09 12:00:00+00:00,15.6,67.2,65.0,982.0,6.0,30.0,659,70.0,-5.0,2023,6,9,12,0
2023156N10067,2023,BIPARJOY,2023-06-09 15:00:00+00:00,15.9,67.3,65.0,982.0,6.0,20.0,644,65.0,0.0,2023,6,9,15,1
2023156N10067,2023,BIPARJOY,2023-06-09 18:00:00+00:00,16.2,67.4,70.0,978.0,5.0,5.0,618,65.0,5.0,2023,6,9,18,0
2023156N10067,2023,BIPARJOY,2023-06-09 21:00:00+00:00,16.3,67.4,70.0,976.0,3.0,355.0,608,70.0,0.0,2023,6,9,21,1
2023156N10067,2023,BIPARJOY,2023-06-10 00:00:00+00:00,16.5,67.4,75.0,974.0,2.0,345.0,590,70.0,5.0,2023,6,10,0,0
2023156N10067,2023,BIPARJOY,2023-06-10 03:00:00+00:00,16.6,67.3,75.0,972.0,3.0,350.0,587,75.0,0.0,2023,6,10,3,0
2023156N10067,2023,BIPARJOY,2023-06-10 06:00:00+00:00,16.7,67.3,75.0,970.0,3.0,5.0,578,75.0,0.0,2023,6,10,6,1
2023156N10067,2023,BIPARJOY,2023-06-10 09:00:00+00:00,16.9,67.4,80.0,966.0,5.0,0.0,553,75.0,5.0,2023,6,10,9,0
2023156N10067,2023,BIPARJOY,2023-06-10 12:00:00+00:00,17.2,67.3,80.0,964.0,5.0,355.0,532,80.0,0.0,2023,6,10,12,0
2023156N10067,2023,BIPARJOY,2023-06-10 15:00:00+00:00,17.4,67.3,80.0,964.0,4.0,5.0,513,80.0,0.0,2023,6,10,15,1
2023156N10067,2023,BIPARJOY,2023-06-10 18:00:00+00:00,17.5,67.4,85.0,962.0,3.0,20.0,498,80.0,5.0,2023,6,10,18,0
2023156N10067,2023,BIPARJOY,2023-06-10 21:00:00+00:00,17.6,67.4,85.0,962.0,4.0,30.0,489,85.0,0.0,2023,6,10,21,1
2023156N10067,2023,BIPARJOY,2023-06-11 00:00:00+00:00,17.8,67.6,90.0,960.0,4.0,35.0,449,85.0,5.0,2023,6,11,0,0
2023156N10067,2023,BIPARJOY,2023-06-11 03:00:00+00:00,18.0,67.7,90.0,958.0,4.0,25.0,434,90.0,0.0,2023,6,11,3,0
2023156N10067,2023,BIPARJOY,2023-06-11 06:00:00+00:00,18.3,67.8,90.0,958.0,5.0,15.0,401,90.0,0.0,2023,6,11,6,0
2023156N10067,2023,BIPARJOY,2023-06-11 09:00:00+00:00,18.5,67.8,90.0,958.0,4.0,5.0,384,90.0,0.0,2023,6,11,9,0
2023156N10067,2023,BIPARJOY,2023-06-11 12:00:00+00:00,18.7,67.8,90.0,958.0,3.0,0.0,367,90.0,0.0,2023,6,11,12,0
2023156N10067,2023,BIPARJOY,2023-06-11 15:00:00+00:00,18.8,67.8,90.0,958.0,3.0,355.0,359,90.0,0.0,2023,6,11,15,0
2023156N10067,2023,BIPARJOY,2023-06-11 18:00:00+00:00,18.9,67.8,90.0,958.0,3.0,350.0,343,90.0,0.0,2023,6,11,18,0
2023156N10067,2023,BIPARJOY,2023-06-11 21:00:00+00:00,19.0,67.7,90.0,958.0,3.0,350.0,351,90.0,0.0,2023,6,11,21,0
2023156N10067,2023,BIPARJOY,2023-06-12 00:00:00+00:00,19.2,67.7,90.0,958.0,4.0,340.0,335,90.0,0.0,2023,6,12,0,0
2023156N10067,2023,BIPARJOY,2023-06-12 03:00:00+00:00,19.4,67.6,90.0,958.0,5.0,330.0,327,90.0,0.0,2023,6,12,3,0
2023156N10067,2023,BIPARJOY,2023-06-12 06:00:00+00:00,19.7,67.5,90.0,958.0,4.0,325.0,312,90.0,0.0,2023,6,12,6,0
2023156N10067,2023,BIPARJOY,2023-06-12 09:00:00+00:00,19.8,67.4,90.0,958.0,3.0,325.0,312,90.0,0.0,2023,6,12,9,0
2023156N10067,2023,BIPARJOY,2023-06-12 12:00:00+00:00,19.9,67.3,90.0,960.0,3.0,335.0,312,90.0,0.0,2023,6,12,12,0
2023156N10067,2023,BIPARJOY,2023-06-12 15:00:00+00:00,20.0,67.2,90.0,960.0,3.0,355.0,311,90.0,0.0,2023,6,12,15,0
2023156N10067,2023,BIPARJOY,2023-06-12 18:00:00+00:00,20.2,67.2,85.0,962.0,4.0,355.0,293,90.0,-5.0,2023,6,12,18,0
2023156N10067,2023,BIPARJOY,2023-06-12 21:00:00+00:00,20.4,67.2,85.0,962.0,5.0,340.0,275,85.0,0.0,2023,6,12,21,0
2023156N10067,2023,BIPARJOY,2023-06-13 00:00:00+00:00,20.7,67.0,85.0,962.0,5.0,335.0,265,85.0,0.0,2023,6,13,0,0
2023156N10067,2023,BIPARJOY,2023-06-13 03:00:00+00:00,20.9,66.9,85.0,962.0,4.0,320.0,259,85.0,0.0,2023,6,13,3,0
2023156N10067,2023,BIPARJOY,2023-06-13 06:00:00+00:00,21.0,66.8,85.0,962.0,4.0,300.0,261,85.0,0.0,2023,6,13,6,0
2023156N10067,2023,BIPARJOY,2023-06-13 09:00:00+00:00,21.1,66.5,85.0,962.0,4.0,310.0,281,85.0,0.0,2023,6,13,9,0
2023156N10067,2023,BIPARJOY,2023-06-13 12:00:00+00:00,21.2,66.5,85.0,962.0,3.0,330.0,276,85.0,0.0,2023,6,13,12,0
2023156N10067,2023,BIPARJOY,2023-06-13 15:00:00+00:00,21.3,66.4,85.0,962.0,3.0,340.0,281,85.0,0.0,2023,6,13,15,0
2023156N10067,2023,BIPARJOY,2023-06-13 18:00:00+00:00,21.5,66.4,85.0,962.0,2.0,340.0,272,85.0,0.0,2023,6,13,18,0
2023156N10067,2023,BIPARJOY,2023-06-13 21:00:00+00:00,21.5,66.3,85.0,964.0,1.0,345.0,282,85.0,0.0,2023,6,13,21,0
2023156N10067,2023,BIPARJOY,2023-06-14 00:00:00+00:00,21.6,66.3,80.0,966.0,1.0,0.0,279,85.0,-5.0,2023,6,14,0,0
2023156N10067,2023,BIPARJOY,2023-06-14 03:00:00+00:00,21.6,66.3,80.0,966.0,1.0,65.0,279,80.0,0.0,2023,6,14,3,0
2023156N10067,2023,BIPARJOY,2023-06-14 06:00:00+00:00,21.6,66.4,80.0,966.0,3.0,50.0,269,80.0,0.0,2023,6,14,6,0
2023156N10067,2023,BIPARJOY,2023-06-14 09:00:00+00:00,21.7,66.6,80.0,966.0,4.0,45.0,246,80.0,0.0,2023,6,14,9,0
2023156N10067,2023,BIPARJOY,2023-06-14 12:00:00+00:00,21.9,66.7,75.0,970.0,4.0,30.0,230,80.0,-5.0,2023,6,14,12,0
2023156N10067,2023,BIPARJOY,2023-06-14 15:00:00+00:00,22.1,66.8,70.0,974.0,3.0,15.0,206,75.0,-5.0,2023,6,14,15,0
2023156N10067,2023,BIPARJOY,2023-06-14 18:00:00+00:00,22.2,66.8,70.0,974.0,2.0,20.0,196,70.0,0.0,2023,6,14,18,0
2023156N10067,2023,BIPARJOY,2023-06-14 21:00:00+00:00,22.3,66.8,70.0,974.0,2.0,40.0,186,70.0,0.0,2023,6,14,21,0
2023156N10067,2023,BIPARJOY,2023-06-15 00:00:00+00:00,22.3,67.0,70.0,974.0,3.0,45.0,168,70.0,0.0,2023,6,15,0,0
2023156N10067,2023,BIPARJOY,2023-06-15 03:00:00+00:00,22.5,67.1,70.0,974.0,4.0,50.0,154,70.0,0.0,2023,6,15,3,0
2023156N10067,2023,BIPARJOY,2023-06-15 06:00:00+00:00,22.6,67.3,65.0,976.0,6.0,70.0,137,70.0,-5.0,2023,6,15,6,0
2023156N10067,2023,BIPARJOY,2023-06-15 09:00:00+00:00,22.7,67.7,65.0,976.0,8.0,70.0,107,65.0,0.0,2023,6,15,9,0
2023156N10067,2023,BIPARJOY,2023-06-15 12:00:00+00:00,22.8,68.1,65.0,976.0,7.0,60.0,61,65.0,0.0,2023,6,15,12,0
2023156N10067,2023,BIPARJOY,2023-06-15 15:00:00+00:00,23.1,68.4,65.0,976.0,6.0,45.0,23,65.0,0.0,2023,6,15,15,0
2023156N10067,2023,BIPARJOY,2023-06-15 18:00:00+00:00,23.3,68.6,60.0,980.0,6.0,50.0,10,65.0,-5.0,2023,6,15,18,0
2023156N10067,2023,BIPARJOY,2023-06-15 21:00:00+00:00,23.4,68.8,50.0,982.0,5.0,70.0,0,60.0,-10.0,2023,6,15,21,0
2023156N10067,2023,BIPARJOY,2023-06-16 00:00:00+00:00,23.5,69.1,50.0,978.0,5.0,80.0,0,50.0,0.0,2023,6,16,0,0
2023156N10067,2023,BIPARJOY,2023-06-16 03:00:00+00:00,23.5,69.4,45.0,978.0,6.0,70.0,0,50.0,-5.0,2023,6,16,3,0
2023156N10067,2023,BIPARJOY,2023-06-16 06:00:00+00:00,23.7,69.7,40.0,980.0,7.0,55.0,0,45.0,-5.0,2023,6,16,6,0
2023156N10067,2023,BIPARJOY,2023-06-16 09:00:00+00:00,23.9,70.0,40.0,984.0,8.0,45.0,0,40.0,0.0,2023,6,16,9,0
2023156N10067,2023,BIPARJOY,2023-06-16 12:00:00+00:00,24.2,70.4,35.0,986.0,9.0,45.0,0,40.0,-5.0,2023,6,16,12,0
2023156N10067,2023,BIPARJOY,2023-06-16 15:00:00+00:00,24.5,70.7,35.0,987.0,6.0,45.0,0,35.0,0.0,2023,6,16,15,0
2023156N10067,2023,BIPARJOY,2023-06-16 18:00:00+00:00,24.6,70.9,30.0,988.0,4.0,55.0,0,35.0,-5.0,2023,6,16,18,0
2023156N10067,2023,BIPARJOY,2023-06-17 00:00:00+00:00,24.8,71.2,30.0,988.0,5.0,55.0,0,30.0,0.0,2023,6,17,0,0
2023156N10067,2023,BIPARJOY,2023-06-17 03:00:00+00:00,25.0,71.5,30.0,988.0,8.0,50.0,0,30.0,0.0,2023,6,17,3,0
2023156N10067,2023,BIPARJOY,2023-06-17 06:00:00+00:00,25.3,71.9,30.0,989.0,8.0,55.0,0,30.0,0.0,2023,6,17,6,0
2023156N10067,2023,BIPARJOY,2023-06-17 12:00:00+00:00,25.6,72.5,25.0,990.0,4.0,60.0,0,30.0,-5.0,2023,6,17,12,0
2023156N10067,2023,BIPARJOY,2023-06-17 18:00:00+00:00,25.8,72.8,25.0,991.0,3.0,60.0,0,25.0,0.0,2023,6,17,18,0
2023156N10067,2023,BIPARJOY,2023-06-18 00:00:00+00:00,26.0,73.3,25.0,991.0,8.0,65.0,0,25.0,0.0,2023,6,18,0,0
2023156N10067,2023,BIPARJOY,2023-06-18 03:00:00+00:00,26.2,73.8,25.0,992.0,7.0,65.0,0,25.0,0.0,2023,6,18,3,0
2023156N10067,2023,BIPARJOY,2023-06-18 06:00:00+00:00,26.3,74.0,25.0,994.0,5.0,75.0,0,25.0,0.0,2023,6,18,6,0
2023156N10067,2023,BIPARJOY,2023-06-18 12:00:00+00:00,26.3,74.7,20.0,995.0,5.0,90.0,0,25.0,-5.0,2023,6,18,12,0
2023156N10067,2023,BIPARJOY,2023-06-18 18:00:00+00:00,26.3,75.2,20.0,995.0,6.0,90.0,0,20.0,0.0,2023,6,18,18,0
2023212N19090,2023,UNNAMED,2023-08-01 00:00:00+00:00,20.0,91.9,25.0,992.0,13.0,325.0,89,35.0,0.0,2023,8,1,0,1
2023212N19090,2023,UNNAMED,2023-08-01 03:00:00+00:00,20.9,91.3,30.0,990.0,19.0,325.0,89,25.0,5.0,2023,8,1,3,0
2023212N19090,2023,UNNAMED,2023-08-01 06:00:00+00:00,21.6,90.7,30.0,990.0,16.0,315.0,45,30.0,0.0,2023,8,1,6,0
2023212N19090,2023,UNNAMED,2023-08-01 12:00:00+00:00,22.3,89.7,30.0,988.0,10.0,305.0,0,30.0,0.0,2023,8,1,12,0
2023212N19090,2023,UNNAMED,2023-08-01 18:00:00+00:00,22.8,88.8,30.0,988.0,11.0,290.0,0,30.0,0.0,2023,8,1,18,0
2023212N19090,2023,UNNAMED,2023-08-02 00:00:00+00:00,23.1,87.4,30.0,988.0,11.0,285.0,0,30.0,0.0,2023,8,2,0,0
2023212N19090,2023,UNNAMED,2023-08-02 03:00:00+00:00,23.2,86.9,30.0,989.0,11.0,285.0,0,30.0,0.0,2023,8,2,3,0
2023212N19090,2023,UNNAMED,2023-08-02 06:00:00+00:00,23.3,86.2,30.0,989.0,12.0,275.0,0,30.0,0.0,2023,8,2,6,0
2023212N19090,2023,UNNAMED,2023-08-02 12:00:00+00:00,23.3,85.1,25.0,990.0,10.0,270.0,0,30.0,-5.0,2023,8,2,12,0
2023212N19090,2023,UNNAMED,2023-08-02 18:00:00+00:00,23.3,84.1,25.0,990.0,8.0,275.0,0,25.0,0.0,2023,8,2,18,0
2023212N19090,2023,UNNAMED,2023-08-03 00:00:00+00:00,23.4,83.4,25.0,990.0,6.0,285.0,0,25.0,0.0,2023,8,3,0,0
2023212N19090,2023,UNNAMED,2023-08-03 03:00:00+00:00,23.5,83.1,25.0,992.0,3.0,290.0,0,25.0,0.0,2023,8,3,3,0
2023273N16073,2023,UNNAMED,2023-09-30 03:00:00+00:00,15.9,72.8,25.0,1002.0,12.0,30.0,78,35.0,0.0,2023,9,30,3,0
2023273N16073,2023,UNNAMED,2023-09-30 06:00:00+00:00,16.4,73.1,25.0,1002.0,8.0,30.0,24,25.0,0.0,2023,9,30,6,0
2023273N16073,2023,UNNAMED,2023-09-30 12:00:00+00:00,16.6,73.2,25.0,1002.0,2.0,45.0,10,25.0,0.0,2023,9,30,12,0
2023273N16073,2023,UNNAMED,2023-09-30 18:00:00+00:00,16.8,73.5,25.0,1002.0,4.0,65.0,0,25.0,0.0,2023,9,30,18,0
2023292N11063,2023,TEJ,2023-10-20 03:00:00+00:00,9.3,61.8,25.0,1004.0,6.0,250.0,878,35.0,0.0,2023,10,20,3,0
2023292N11063,2023,TEJ,2023-10-20 06:00:00+00:00,9.3,61.6,25.0,1004.0,5.0,265.0,859,25.0,0.0,2023,10,20,6,1
2023292N11063,2023,TEJ,2023-10-20 12:00:00+00:00,9.4,61.1,30.0,1003.0,6.0,285.0,805,25.0,5.0,2023,10,20,12,0
2023292N11063,2023,TEJ,2023-10-20 18:00:00+00:00,9.6,60.3,30.0,1002.0,10.0,285.0,716,30.0,0.0,2023,10,20,18,1
2023292N11063,2023,TEJ,2023-10-21 00:00:00+00:00,9.9,59.2,35.0,1001.0,11.0,285.0,595,30.0,5.0,2023,10,21,0,1
2023292N11063,2023,TEJ,2023-10-21 03:00:00+00:00,10.1,58.7,45.0,998.0,10.0,290.0,536,35.0,10.0,2023,10,21,3,1
2023292N11063,2023,TEJ,2023-10-21 06:00:00+00:00,10.3,58.3,50.0,996.0,9.0,285.0,487,45.0,5.0,2023,10,21,6,0
2023292N11063,2023,TEJ,2023-10-21 09:00:00+00:00,10.3,57.8,50.0,995.0,9.0,295.0,442,50.0,0.0,2023,10,21,9,1
2023292N11063,2023,TEJ,2023-10-21 12:00:00+00:00,10.7,57.4,55.0,992.0,11.0,310.0,380,50.0,5.0,2023,10,21,12,1
2023292N11063,2023,TEJ,2023-10-21 15:00:00+00:00,11.1,57.0,65.0,988.0,11.0,310.0,319,55.0,10.0,2023,10,21,15,1
2023292N11063,2023,TEJ,2023-10-21 18:00:00+00:00,11.4,56.6,75.0,980.0,11.0,310.0,265,65.0,10.0,2023,10,21,18,1
2023292N11063,2023,TEJ,2023-10-21 21:00:00+00:00,11.7,56.1,80.0,976.0,10.0,320.0,201,75.0,5.0,2023,10,21,21,1
2023292N11063,2023,TEJ,2023-10-22 00:00:00+00:00,12.1,55.9,85.0,972.0,9.0,310.0,162,80.0,5.0,2023,10,22,0,1
2023292N11063,2023,TEJ,2023-10-22 03:00:00+00:00,12.4,55.4,95.0,964.0,10.0,305.0,100,85.0,10.0,2023,10,22,3,0
2023292N11063,2023,TEJ,2023-10-22 06:00:00+00:00,12.7,55.1,95.0,964.0,10.0,310.0,66,95.0,0.0,2023,10,22,6,0
2023292N11063,2023,TEJ,2023-10-22 09:00:00+00:00,13.0,54.7,95.0,964.0,10.0,315.0,49,95.0,0.0,2023,10,22,9,0
2023292N11063,2023,TEJ,2023-10-22 12:00:00+00:00,13.4,54.4,95.0,964.0,9.0,320.0,89,95.0,0.0,2023,10,22,12,0
2023292N11063,2023,TEJ,2023-10-22 15:00:00+00:00,13.6,54.1,95.0,964.0,7.0,315.0,111,95.0,0.0,2023,10,22,15,0
2023292N11063,2023,TEJ,2023-10-22 18:00:00+00:00,13.9,53.9,95.0,964.0,7.0,310.0,145,95.0,0.0,2023,10,22,18,0
2023292N11063,2023,TEJ,2023-10-22 21:00:00+00:00,14.1,53.5,95.0,966.0,7.0,315.0,167,95.0,0.0,2023,10,22,21,0
2023292N11063,2023,TEJ,2023-10-23 00:00:00+00:00,14.3,53.4,90.0,968.0,7.0,315.0,190,95.0,-5.0,2023,10,23,0,0
2023292N11063,2023,TEJ,2023-10-23 03:00:00+00:00,14.6,53.1,85.0,972.0,7.0,320.0,147,90.0,-5.0,2023,10,23,3,0
2023292N11063,2023,TEJ,2023-10-23 06:00:00+00:00,14.9,52.9,80.0,976.0,6.0,325.0,108,85.0,-5.0,2023,10,23,6,0
2023292N11063,2023,TEJ,2023-10-23 09:00:00+00:00,15.1,52.7,80.0,978.0,5.0,340.0,77,80.0,0.0,2023,10,23,9,0
2023292N11063,2023,TEJ,2023-10-23 12:00:00+00:00,15.4,52.7,75.0,981.0,6.0,330.0,58,80.0,-5.0,2023,10,23,12,0
2023292N11063,2023,TEJ,2023-10-23 15:00:00+00:00,15.6,52.5,70.0,984.0,5.0,320.0,32,75.0,-5.0,2023,10,23,15,0
2023292N11063,2023,TEJ,2023-10-23 18:00:00+00:00,15.8,52.3,70.0,986.0,3.0,330.0,10,70.0,0.0,2023,10,23,18,0
2023292N11063,2023,TEJ,2023-10-23 21:00:00+00:00,15.8,52.3,65.0,988.0,1.0,345.0,10,70.0,-5.0,2023,10,23,21,0
2023292N11063,2023,TEJ,2023-10-24 00:00:00+00:00,15.9,52.3,60.0,990.0,3.0,270.0,10,65.0,-5.0,2023,10,24,0,0
2023292N11063,2023,TEJ,2023-10-24 03:00:00+00:00,15.8,51.9,50.0,996.0,6.0,275.0,0,60.0,-10.0,2023,10,24,3,0
2023292N11063,2023,TEJ,2023-10-24 06:00:00+00:00,15.9,51.6,40.0,1000.0,5.0,290.0,0,50.0,-10.0,2023,10,24,6,0
2023292N11063,2023,TEJ,2023-10-24 09:00:00+00:00,16.1,51.4,30.0,1002.0,6.0,325.0,0,40.0,-10.0,2023,10,24,9,0
2023293N12089,2023,HAMOON,2023-10-21 18:00:00+00:00,15.1,86.0,25.0,1003.0,4.0,50.0,409,35.0,0.0,2023,10,21,18,0
2023293N12089,2023,HAMOON,2023-10-21 21:00:00+00:00,15.2,86.1,25.0,1003.0,3.0,60.0,407,25.0,0.0,2023,10,21,21,0
2023293N12089,2023,HAMOON,2023-10-22 00:00:00+00:00,15.2,86.2,25.0,1003.0,2.0,45.0,412,25.0,0.0,2023,10,22,0,0
2023293N12089,2023,HAMOON,2023-10-22 03:00:00+00:00,15.3,86.2,25.0,1003.0,3.0,10.0,403,25.0,0.0,2023,10,22,3,0
2023293N12089,2023,HAMOON,2023-10-22 06:00:00+00:00,15.5,86.3,25.0,1003.0,4.0,25.0,391,25.0,0.0,2023,10,22,6,0
2023293N12089,2023,HAMOON,2023-10-22 09:00:00+00:00,15.7,86.4,25.0,1002.0,5.0,40.0,380,25.0,0.0,2023,10,22,9,1
2023293N12089,2023,HAMOON,2023-10-22 12:00:00+00:00,15.9,86.6,30.0,1001.0,5.0,30.0,377,25.0,5.0,2023,10,22,12,0
2023293N12089,2023,HAMOON,2023-10-22 15:00:00+00:00,16.2,86.7,30.0,1001.0,4.0,20.0,362,30.0,0.0,2023,10,22,15,0
2023293N12089,2023,HAMOON,2023-10-22 18:00:00+00:00,16.2,86.8,30.0,1001.0,3.0,25.0,369,30.0,0.0,2023,10,22,18,0
2023293N12089,2023,HAMOON,2023-10-22 21:00:00+00:00,16.4,86.8,30.0,1001.0,6.0,10.0,354,30.0,0.0,2023,10,22,21,0
2023293N12089,2023,HAMOON,2023-10-23 00:00:00+00:00,16.8,86.9,30.0,1001.0,7.0,5.0,330,30.0,0.0,2023,10,23,0,0
2023293N12089,2023,HAMOON,2023-10-23 03:00:00+00:00,17.1,86.9,30.0,1001.0,7.0,10.0,308,30.0,0.0,2023,10,23,3,0
2023293N12089,2023,HAMOON,2023-10-23 06:00:00+00:00,17.5,87.0,30.0,1000.0,9.0,20.0,284,30.0,0.0,2023,10,23,6,0
2023293N12089,2023,HAMOON,2023-10-23 09:00:00+00:00,17.9,87.2,30.0,1000.0,10.0,20.0,249,30.0,0.0,2023,10,23,9,1
2023293N12089,2023,HAMOON,2023-10-23 12:00:00+00:00,18.4,87.4,35.0,999.0,10.0,30.0,207,30.0,5.0,2023,10,23,12,1
2023293N12089,2023,HAMOON,2023-10-23 15:00:00+00:00,18.8,87.8,40.0,998.0,11.0,45.0,198,35.0,5.0,2023,10,23,15,0
2023293N12089,2023,HAMOON,2023-10-23 18:00:00+00:00,19.2,88.2,40.0,998.0,10.0,50.0,199,40.0,0.0,2023,10,23,18,1
2023293N12089,2023,HAMOON,2023-10-23 21:00:00+00:00,19.4,88.6,50.0,994.0,9.0,55.0,221,40.0,10.0,2023,10,23,21,1
2023293N12089,2023,HAMOON,2023-10-24 00:00:00+00:00,19.7,89.0,55.0,990.0,12.0,60.0,212,50.0,5.0,2023,10,24,0,1
2023293N12089,2023,HAMOON,2023-10-24 03:00:00+00:00,20.0,89.6,65.0,984.0,13.0,60.0,186,55.0,10.0,2023,10,24,3,0
2023293N12089,2023,HAMOON,2023-10-24 06:00:00+00:00,20.3,90.2,65.0,985.0,13.0,55.0,156,65.0,0.0,2023,10,24,6,0
2023293N12089,2023,HAMOON,2023-10-24 09:00:00+00:00,20.7,90.8,65.0,986.0,11.0,55.0,137,65.0,0.0,2023,10,24,9,0
2023293N12089,2023,HAMOON,2023-10-24 12:00:00+00:00,21.0,91.2,55.0,988.0,3.0,50.0,91,65.0,-10.0,2023,10,24,12,0
2023293N12089,2023,HAMOON,2023-10-24 15:00:00+00:00,20.9,91.0,55.0,990.0,3.0,255.0,114,55.0,0.0,2023,10,24,15,0
2023293N12089,2023,HAMOON,2023-10-24 18:00:00+00:00,20.9,90.8,50.0,994.0,8.0,35.0,118,55.0,-5.0,2023,10,24,18,0
2023293N12089,2023,HAMOON,2023-10-24 21:00:00+00:00,21.5,91.5,45.0,996.0,19.0,45.0,41,50.0,-5.0,2023,10,24,21,0
2023293N12089,2023,HAMOON,2023-10-25 00:00:00+00:00,22.2,92.2,35.0,999.0,14.0,40.0,0,45.0,-10.0,2023,10,25,0,0
2023293N12089,2023,HAMOON,2023-10-25 03:00:00+00:00,22.5,92.4,30.0,1003.0,6.0,30.0,0,35.0,-5.0,2023,10,25,3,0
2023317N10094,2023,MIDHILI,2023-11-15 03:00:00+00:00,14.3,86.6,25.0,1005.0,10.0,15.0,518,35.0,0.0,2023,11,15,3,0
2023317N10094,2023,MIDHILI,2023-11-15 06:00:00+00:00,14.8,86.7,25.0,1005.0,8.0,5.0,479,25.0,0.0,2023,11,15,6,0
2023317N10094,2023,MIDHILI,2023-11-15 12:00:00+00:00,15.4,86.7,25.0,1004.0,6.0,355.0,426,25.0,0.0,2023,11,15,12,0
2023317N10094,2023,MIDHILI,2023-11-15 18:00:00+00:00,16.1,86.7,25.0,1004.0,9.0,10.0,370,25.0,0.0,2023,11,15,18,1
2023317N10094,2023,MIDHILI,2023-11-16 00:00:00+00:00,17.2,87.0,30.0,1003.0,10.0,20.0,310,25.0,5.0,2023,11,16,0,0
2023317N10094,2023,MIDHILI,2023-11-16 03:00:00+00:00,17.5,87.1,30.0,1003.0,8.0,25.0,288,30.0,0.0,2023,11,16,3,0
2023317N10094,2023,MIDHILI,2023-11-16 06:00:00+00:00,17.9,87.3,30.0,1003.0,8.0,25.0,253,30.0,0.0,2023,11,16,6,0
2023317N10094,2023,MIDHILI,2023-11-16 12:00:00+00:00,18.6,87.6,30.0,1003.0,7.0,30.0,207,30.0,0.0,2023,11,16,12,0
2023317N10094,2023,MIDHILI,2023-11-16 18:00:00+00:00,19.2,88.1,30.0,1002.0,9.0,30.0,191,30.0,0.0,2023,11,16,18,1
2023317N10094,2023,MIDHILI,2023-11-17 00:00:00+00:00,20.2,88.7,35.0,1001.0,14.0,35.0,157,30.0,5.0,2023,11,17,0,1
2023317N10094,2023,MIDHILI,2023-11-17 03:00:00+00:00,20.8,89.2,40.0,1000.0,15.0,40.0,90,35.0,5.0,2023,11,17,3,1
2023317N10094,2023,MIDHILI,2023-11-17 06:00:00+00:00,21.4,89.7,45.0,998.0,17.0,35.0,44,40.0,5.0,2023,11,17,6,1
2023317N10094,2023,MIDHILI,2023-11-17 09:00:00+00:00,22.1,90.3,50.0,996.0,20.0,35.0,0,45.0,5.0,2023,11,17,9,0
2023317N10094,2023,MIDHILI,2023-11-17 12:00:00+00:00,23.0,91.0,40.0,998.0,15.0,35.0,0,50.0,-10.0,2023,11,17,12,0
2023317N10094,2023,MIDHILI,2023-11-17 15:00:00+00:00,23.3,91.2,35.0,1000.0,6.0,45.0,0,40.0,-5.0,2023,11,17,15,0
2023317N10094,2023,MIDHILI,2023-11-17 18:00:00+00:00,23.4,91.4,30.0,1003.0,3.0,45.0,0,35.0,-5.0,2023,11,17,18,0
2023334N08088,2023,MICHAUNG,2023-12-01 00:00:00+00:00,8.8,85.8,20.0,1002.0,6.0,315.0,460,35.0,0.0,2023,12,1,0,0
2023334N08088,2023,MICHAUNG,2023-12-01 03:00:00+00:00,9.0,85.6,20.0,1002.0,6.0,315.0,446,20.0,0.0,2023,12,1,3,1
2023334N08088,2023,MICHAUNG,2023-12-01 06:00:00+00:00,9.2,85.4,25.0,1002.0,6.0,325.0,434,20.0,5.0,2023,12,1,6,0
2023334N08088,2023,MICHAUNG,2023-12-01 12:00:00+00:00,9.7,85.1,25.0,1001.0,4.0,315.0,429,25.0,0.0,2023,12,1,12,0
2023334N08088,2023,MICHAUNG,2023-12-01 18:00:00+00:00,9.9,84.8,25.0,1000.0,5.0,290.0,409,25.0,0.0,2023,12,1,18,1
2023334N08088,2023,MICHAUNG,2023-12-02 00:00:00+00:00,10.1,84.1,30.0,998.0,7.0,290.0,361,25.0,5.0,2023,12,2,0,0
2023334N08088,2023,MICHAUNG,2023-12-02 03:00:00+00:00,10.2,83.8,30.0,997.0,6.0,295.0,331,30.0,0.0,2023,12,2,3,0
2023334N08088,2023,MICHAUNG,2023-12-02 06:00:00+00:00,10.3,83.6,30.0,997.0,4.0,305.0,318,30.0,0.0,2023,12,2,6,0
2023334N08088,2023,MICHAUNG,2023-12-02 12:00:00+00:00,10.5,83.5,30.0,997.0,3.0,320.0,329,30.0,0.0,2023,12,2,12,0
2023334N08088,2023,MICHAUNG,2023-12-02 18:00:00+00:00,10.8,83.1,30.0,996.0,4.0,320.0,312,30.0,0.0,2023,12,2,18,1
2023334N08088,2023,MICHAUNG,2023-12-03 00:00:00+00:00,11.3,82.9,35.0,995.0,6.0,330.0,321,30.0,5.0,2023,12,3,0,0
2023334N08088,2023,MICHAUNG,2023-12-03 03:00:00+00:00,11.5,82.7,35.0,995.0,7.0,325.0,294,35.0,0.0,2023,12,3,3,0
2023334N08088,2023,MICHAUNG,2023-12-03 06:00:00+00:00,11.9,82.5,35.0,995.0,7.0,330.0,259,35.0,0.0,2023,12,3,6,0
2023334N08088,2023,MICHAUNG,2023-12-03 09:00:00+00:00,12.1,82.4,35.0,995.0,5.0,330.0,243,35.0,0.0,2023,12,3,9,0
2023334N08088,2023,MICHAUNG,2023-12-03 12:00:00+00:00,12.3,82.3,35.0,995.0,5.0,325.0,229,35.0,0.0,2023,12,3,12,1
2023334N08088,2023,MICHAUNG,2023-12-03 15:00:00+00:00,12.5,82.1,40.0,994.0,6.0,315.0,206,35.0,5.0,2023,12,3,15,1
2023334N08088,2023,MICHAUNG,2023-12-03 18:00:00+00:00,12.8,81.8,45.0,992.0,7.0,310.0,171,40.0,5.0,2023,12,3,18,0
2023334N08088,2023,MICHAUNG,2023-12-03 21:00:00+00:00,12.9,81.6,45.0,992.0,5.0,305.0,147,45.0,0.0,2023,12,3,21,0
2023334N08088,2023,MICHAUNG,2023-12-04 00:00:00+00:00,13.1,81.4,45.0,992.0,6.0,310.0,121,45.0,0.0,2023,12,4,0,1
2023334N08088,2023,MICHAUNG,2023-12-04 03:00:00+00:00,13.3,81.1,50.0,988.0,6.0,315.0,86,45.0,5.0,2023,12,4,3,0
2023334N08088,2023,MICHAUNG,2023-12-04 06:00:00+00:00,13.5,80.9,50.0,988.0,6.0,320.0,64,50.0,0.0,2023,12,4,6,0
2023334N08088,2023,MICHAUNG,2023-12-04 09:00:00+00:00,13.7,80.7,50.0,988.0,6.0,325.0,43,50.0,0.0,2023,12,4,9,1
2023334N08088,2023,MICHAUNG,2023-12-04 12:00:00+00:00,14.0,80.6,55.0,986.0,6.0,325.0,39,50.0,5.0,2023,12,4,12,0
2023334N08088,2023,MICHAUNG,2023-12-04 15:00:00+00:00,14.2,80.4,55.0,986.0,5.0,325.0,32,55.0,0.0,2023,12,4,15,0
2023334N08088,2023,MICHAUNG,2023-12-04 18:00:00+00:00,14.4,80.3,55.0,986.0,5.0,330.0,21,55.0,0.0,2023,12,4,18,0
2023334N08088,2023,MICHAUNG,2023-12-04 21:00:00+00:00,14.6,80.2,55.0,986.0,5.0,350.0,0,55.0,0.0,2023,12,4,21,0
2023334N08088,2023,MICHAUNG,2023-12-05 00:00:00+00:00,14.9,80.1,50.0,988.0,6.0,0.0,15,55.0,-5.0,2023,12,5,0,0
2023334N08088,2023,MICHAUNG,2023-12-05 03:00:00+00:00,15.2,80.1,50.0,988.0,7.0,5.0,10,50.0,0.0,2023,12,5,3,0
2023334N08088,2023,MICHAUNG,2023-12-05 06:00:00+00:00,15.6,80.2,50.0,988.0,6.0,5.0,0,50.0,0.0,2023,12,5,6,0
2023334N08088,2023,MICHAUNG,2023-12-05 09:00:00+00:00,15.8,80.2,50.0,990.0,5.0,0.0,0,50.0,0.0,2023,12,5,9,0
2023334N08088,2023,MICHAUNG,2023-12-05 12:00:00+00:00,16.0,80.2,40.0,996.0,6.0,10.0,0,50.0,-10.0,2023,12,5,12,0
2023334N08088,2023,MICHAUNG,2023-12-05 15:00:00+00:00,16.4,80.3,35.0,998.0,9.0,15.0,0,40.0,-5.0,2023,12,5,15,0
2023334N08088,2023,MICHAUNG,2023-12-05 18:00:00+00:00,16.9,80.4,30.0,1000.0,7.0,10.0,0,35.0,-5.0,2023,12,5,18,0
2024145N14087,2024,REMAL,2024-05-24 00:00:00+00:00,15.2,88.6,25.0,996.0,11.0,45.0,585,35.0,0.0,2024,5,24,0,0
2024145N14087,2024,REMAL,2024-05-24 03:00:00+00:00,15.5,89.0,25.0,996.0,9.0,40.0,559,25.0,0.0,2024,5,24,3,0
2024145N14087,2024,REMAL,2024-05-24 06:00:00+00:00,15.9,89.3,25.0,996.0,7.0,35.0,524,25.0,0.0,2024,5,24,6,0
2024145N14087,2024,REMAL,2024-05-24 12:00:00+00:00,16.4,89.6,25.0,995.0,6.0,25.0,493,25.0,0.0,2024,5,24,12,0
2024145N14087,2024,REMAL,2024-05-24 18:00:00+00:00,17.0,89.9,25.0,995.0,6.0,20.0,459,25.0,0.0,2024,5,24,18,1
2024145N14087,2024,REMAL,2024-05-25 00:00:00+00:00,17.6,90.0,30.0,993.0,7.0,350.0,413,25.0,5.0,2024,5,25,0,0
2024145N14087,2024,REMAL,2024-05-25 03:00:00+00:00,17.9,89.8,30.0,992.0,7.0,335.0,406,30.0,0.0,2024,5,25,3,0
2024145N14087,2024,REMAL,2024-05-25 06:00:00+00:00,18.2,89.6,30.0,991.0,6.0,325.0,385,30.0,0.0,2024,5,25,6,1
2024145N14087,2024,REMAL,2024-05-25 12:00:00+00:00,18.7,89.3,35.0,989.0,6.0,340.0,325,30.0,5.0,2024,5,25,12,0
2024145N14087,2024,REMAL,2024-05-25 15:00:00+00:00,18.9,89.2,35.0,989.0,6.0,345.0,302,35.0,0.0,2024,5,25,15,1
2024145N14087,2024,REMAL,2024-05-25 18:00:00+00:00,19.2,89.2,40.0,988.0,5.0,355.0,268,35.0,5.0,2024,5,25,18,1
2024145N14087,2024,REMAL,2024-05-25 21:00:00+00:00,19.4,89.2,45.0,986.0,4.0,5.0,246,40.0,5.0,2024,5,25,21,1
2024145N14087,2024,REMAL,2024-05-26 00:00:00+00:00,19.6,89.2,50.0,984.0,5.0,355.0,223,45.0,5.0,2024,5,26,0,0
2024145N14087,2024,REMAL,2024-05-26 03:00:00+00:00,19.9,89.1,50.0,984.0,7.0,350.0,190,50.0,0.0,2024,5,26,3,0
2024145N14087,2024,REMAL,2024-05-26 06:00:00+00:00,20.3,89.1,50.0,983.0,8.0,0.0,145,50.0,0.0,2024,5,26,6,1
2024145N14087,2024,REMAL,2024-05-26 09:00:00+00:00,20.6,89.1,55.0,981.0,9.0,0.0,111,50.0,5.0,2024,5,26,9,1
2024145N14087,2024,REMAL,2024-05-26 12:00:00+00:00,21.2,89.1,60.0,978.0,10.0,350.0,44,55.0,5.0,2024,5,26,12,0
2024145N14087,2024,REMAL,2024-05-26 15:00:00+00:00,21.6,89.0,60.0,978.0,8.0,345.0,0,60.0,0.0,2024,5,26,15,0
2024145N14087,2024,REMAL,2024-05-26 18:00:00+00:00,22.0,88.9,60.0,978.0,6.0,355.0,0,60.0,0.0,2024,5,26,18,0
2024145N14087,2024,REMAL,2024-05-26 21:00:00+00:00,22.2,88.9,55.0,980.0,6.0,15.0,0,60.0,-5.0,2024,5,26,21,0
2024145N14087,2024,REMAL,2024-05-27 00:00:00+00:00,22.6,89.0,45.0,982.0,6.0,15.0,0,55.0,-10.0,2024,5,27,0,0
2024145N14087,2024,REMAL,2024-05-27 03:00:00+00:00,22.8,89.1,40.0,984.0,5.0,15.0,0,45.0,-5.0,2024,5,27,3,0
2024145N14087,2024,REMAL,2024-05-27 06:00:00+00:00,23.1,89.1,35.0,985.0,5.0,25.0,0,40.0,-5.0,2024,5,27,6,0
2024145N14087,2024,REMAL,2024-05-27 09:00:00+00:00,23.3,89.3,35.0,986.0,7.0,40.0,0,35.0,0.0,2024,5,27,9,0
2024145N14087,2024,REMAL,2024-05-27 12:00:00+00:00,23.6,89.6,35.0,987.0,9.0,50.0,0,35.0,0.0,2024,5,27,12,0
2024145N14087,2024,REMAL,2024-05-27 15:00:00+00:00,23.8,90.1,30.0,988.0,10.0,55.0,0,35.0,-5.0,2024,5,27,15,0
2024145N14087,2024,REMAL,2024-05-27 18:00:00+00:00,24.1,90.5,30.0,990.0,8.0,55.0,0,30.0,0.0,2024,5,27,18,0
2024145N14087,2024,REMAL,2024-05-28 00:00:00+00:00,24.5,91.1,20.0,991.0,8.0,60.0,0,30.0,-10.0,2024,5,28,0,0
2024145N14087,2024,REMAL,2024-05-28 03:00:00+00:00,24.7,91.5,20.0,992.0,9.0,50.0,0,20.0,0.0,2024,5,28,3,0
2024201N19086,2024,UNNAMED,2024-07-19 03:00:00+00:00,19.1,86.2,25.0,992.0,4.0,300.0,88,35.0,0.0,2024,7,19,3,0
2024201N19086,2024,UNNAMED,2024-07-19 06:00:00+00:00,19.2,86.0,25.0,992.0,4.0,300.0,70,25.0,0.0,2024,7,19,6,0
2024201N19086,2024,UNNAMED,2024-07-19 12:00:00+00:00,19.4,85.7,25.0,990.0,2.0,310.0,38,25.0,0.0,2024,7,19,12,0
2024201N19086,2024,UNNAMED,2024-07-19 18:00:00+00:00,19.5,85.6,25.0,990.0,1.0,320.0,23,25.0,0.0,2024,7,19,18,0
2024201N19086,2024,UNNAMED,2024-07-20 00:00:00+00:00,19.6,85.5,25.0,991.0,1.0,315.0,10,25.0,0.0,2024,7,20,0,0
2024201N19086,2024,UNNAMED,2024-07-20 03:00:00+00:00,19.6,85.5,25.0,992.0,1.0,315.0,10,25.0,0.0,2024,7,20,3,0
2024216N24085,2024,UNNAMED,2024-08-02 12:00:00+00:00,24.2,85.2,20.0,992.0,3.0,265.0,0,35.0,0.0,2024,8,2,12,0
2024216N24085,2024,UNNAMED,2024-08-02 18:00:00+00:00,24.2,84.9,20.0,992.0,3.0,280.0,0,20.0,0.0,2024,8,2,18,1
2024216N24085,2024,UNNAMED,2024-08-03 00:00:00+00:00,24.3,84.6,25.0,991.0,4.0,295.0,0,20.0,5.0,2024,8,3,0,1
2024216N24085,2024,UNNAMED,2024-08-03 03:00:00+00:00,24.4,84.4,30.0,990.0,4.0,300.0,0,25.0,5.0,2024,8,3,3,0
2024216N24085,2024,UNNAMED,2024-08-03 06:00:00+00:00,24.5,84.2,30.0,988.0,7.0,290.0,0,30.0,0.0,2024,8,3,6,0
2024216N24085,2024,UNNAMED,2024-08-03 12:00:00+00:00,24.8,83.0,30.0,988.0,14.0,275.0,0,30.0,0.0,2024,8,3,12,0
2024216N24085,2024,UNNAMED,2024-08-03 18:00:00+00:00,24.8,81.5,30.0,990.0,9.0,270.0,0,30.0,0.0,2024,8,3,18,0
2024216N24085,2024,UNNAMED,2024-08-04 00:00:00+00:00,24.9,81.0,30.0,990.0,5.0,290.0,0,30.0,0.0,2024,8,4,0,0
2024216N24085,2024,UNNAMED,2024-08-04 03:00:00+00:00,25.0,80.7,30.0,991.0,13.0,290.0,0,30.0,0.0,2024,8,4,3,0
2024216N24085,2024,UNNAMED,2024-08-04 06:00:00+00:00,25.3,79.6,30.0,992.0,18.0,290.0,0,30.0,0.0,2024,8,4,6,0
2024216N24085,2024,UNNAMED,2024-08-04 12:00:00+00:00,25.8,78.4,30.0,992.0,8.0,295.0,0,30.0,0.0,2024,8,4,12,0
2024216N24085,2024,UNNAMED,2024-08-04 18:00:00+00:00,26.0,77.6,30.0,993.0,10.0,285.0,0,30.0,0.0,2024,8,4,18,0
2024216N24085,2024,UNNAMED,2024-08-05 00:00:00+00:00,26.3,76.2,25.0,993.0,12.0,285.0,0,30.0,-5.0,2024,8,5,0,0
2024216N24085,2024,UNNAMED,2024-08-05 03:00:00+00:00,26.5,75.6,25.0,993.0,10.0,300.0,0,25.0,0.0,2024,8,5,3,0
2024216N24085,2024,UNNAMED,2024-08-05 06:00:00+00:00,26.8,75.2,25.0,994.0,12.0,300.0,0,25.0,0.0,2024,8,5,6,0
2024216N24085,2024,UNNAMED,2024-08-05 12:00:00+00:00,27.6,73.5,20.0,994.0,18.0,305.0,0,25.0,-5.0,2024,8,5,12,0
2024238N25077,2024,ASNA,2024-08-25 00:00:00+00:00,24.5,77.3,20.0,997.0,8.0,285.0,0,35.0,0.0,2024,8,25,0,0
2024238N25077,2024,ASNA,2024-08-25 03:00:00+00:00,24.6,76.9,20.0,997.0,7.0,280.0,0,20.0,0.0,2024,8,25,3,0
2024238N25077,2024,ASNA,2024-08-25 06:00:00+00:00,24.6,76.5,20.0,996.0,8.0,265.0,0,20.0,0.0,2024,8,25,6,1
2024238N25077,2024,ASNA,2024-08-25 12:00:00+00:00,24.4,75.6,25.0,996.0,9.0,260.0,0,20.0,5.0,2024,8,25,12,1
2024238N25077,2024,ASNA,2024-08-25 18:00:00+00:00,24.3,74.7,30.0,995.0,7.0,265.0,0,25.0,5.0,2024,8,25,18,0
2024238N25077,2024,ASNA,2024-08-26 00:00:00+00:00,24.2,74.2,30.0,995.0,4.0,245.0,0,30.0,0.0,2024,8,26,0,0
2024238N25077,2024,ASNA,2024-08-26 03:00:00+00:00,24.1,74.0,30.0,995.0,7.0,235.0,0,30.0,0.0,2024,8,26,3,0
2024238N25077,2024,ASNA,2024-08-26 06:00:00+00:00,23.8,73.6,30.0,995.0,8.0,240.0,0,30.0,0.0,2024,8,26,6,0
2024238N25077,2024,ASNA,2024-08-26 12:00:00+00:00,23.8,73.0,30.0,995.0,6.0,275.0,0,30.0,0.0,2024,8,26,12,0
2024238N25077,2024,ASNA,2024-08-26 18:00:00+00:00,23.8,72.4,30.0,995.0,3.0,270.0,0,30.0,0.0,2024,8,26,18,0
2024238N25077,2024,ASNA,2024-08-27 00:00:00+00:00,23.8,72.2,30.0,995.0,3.0,270.0,0,30.0,0.0,2024,8,27,0,0
2024238N25077,2024,ASNA,2024-08-27 03:00:00+00:00,23.8,72.0,30.0,995.0,5.0,260.0,0,30.0,0.0,2024,8,27,3,0
2024238N25077,2024,ASNA,2024-08-27 06:00:00+00:00,23.7,71.7,30.0,995.0,6.0,260.0,0,30.0,0.0,2024,8,27,6,0
2024238N25077,2024,ASNA,2024-08-27 12:00:00+00:00,23.8,70.9,30.0,995.0,7.0,290.0,0,30.0,0.0,2024,8,27,12,0
2024238N25077,2024,ASNA,2024-08-27 18:00:00+00:00,24.0,70.4,30.0,995.0,4.0,285.0,0,30.0,0.0,2024,8,27,18,0
2024238N25077,2024,ASNA,2024-08-28 00:00:00+00:00,24.0,70.0,30.0,995.0,3.0,260.0,0,30.0,0.0,2024,8,28,0,0
2024238N25077,2024,ASNA,2024-08-28 03:00:00+00:00,24.0,69.8,30.0,995.0,2.0,235.0,0,30.0,0.0,2024,8,28,3,0
2024238N25077,2024,ASNA,2024-08-28 06:00:00+00:00,23.9,69.8,30.0,994.0,1.0,175.0,0,30.0,0.0,2024,8,28,6,0
2024238N25077,2024,ASNA,2024-08-28 12:00:00+00:00,23.8,69.8,30.0,994.0,1.0,205.0,0,30.0,0.0,2024,8,28,12,0
2024238N25077,2024,ASNA,2024-08-28 18:00:00+00:00,23.8,69.7,30.0,994.0,2.0,265.0,0,30.0,0.0,2024,8,28,18,0
2024238N25077,2024,ASNA,2024-08-29 00:00:00+00:00,23.8,69.5,30.0,994.0,1.0,250.0,0,30.0,0.0,2024,8,29,0,0
2024238N25077,2024,ASNA,2024-08-29 03:00:00+00:00,23.7,69.4,30.0,994.0,1.0,195.0,0,30.0,0.0,2024,8,29,3,0
2024238N25077,2024,ASNA,2024-08-29 06:00:00+00:00,23.7,69.5,30.0,994.0,1.0,205.0,0,30.0,0.0,2024,8,29,6,0
2024238N25077,2024,ASNA,2024-08-29 12:00:00+00:00,23.6,69.3,30.0,994.0,2.0,245.0,0,30.0,0.0,2024,8,29,12,0
2024238N25077,2024,ASNA,2024-08-29 18:00:00+00:00,23.5,69.0,30.0,994.0,4.0,250.0,0,30.0,0.0,2024,8,29,18,0
2024238N25077,2024,ASNA,2024-08-30 00:00:00+00:00,23.3,68.5,30.0,994.0,5.0,265.0,15,30.0,0.0,2024,8,30,0,0
2024238N25077,2024,ASNA,2024-08-30 03:00:00+00:00,23.3,68.2,30.0,994.0,5.0,275.0,30,30.0,0.0,2024,8,30,3,1
2024238N25077,2024,ASNA,2024-08-30 06:00:00+00:00,23.4,68.0,35.0,993.0,7.0,275.0,30,30.0,5.0,2024,8,30,6,0
2024238N25077,2024,ASNA,2024-08-30 09:00:00+00:00,23.4,67.5,35.0,993.0,7.0,275.0,45,35.0,0.0,2024,8,30,9,0
2024238N25077,2024,ASNA,2024-08-30 12:00:00+00:00,23.4,67.1,35.0,993.0,6.0,280.0,60,35.0,0.0,2024,8,30,12,0
2024238N25077,2024,ASNA,2024-08-30 15:00:00+00:00,23.5,66.9,35.0,992.0,7.0,280.0,75,35.0,0.0,2024,8,30,15,0
2024238N25077,2024,ASNA,2024-08-30 18:00:00+00:00,23.6,66.4,35.0,992.0,7.0,275.0,111,35.0,0.0,2024,8,30,18,0
2024238N25077,2024,ASNA,2024-08-30 21:00:00+00:00,23.5,66.1,35.0,992.0,6.0,265.0,143,35.0,0.0,2024,8,30,21,1
2024238N25077,2024,ASNA,2024-08-31 00:00:00+00:00,23.5,65.7,40.0,991.0,8.0,265.0,177,35.0,5.0,2024,8,31,0,0
2024238N25077,2024,ASNA,2024-08-31 03:00:00+00:00,23.5,65.2,40.0,991.0,8.0,265.0,196,40.0,0.0,2024,8,31,3,0
2024238N25077,2024,ASNA,2024-08-31 06:00:00+00:00,23.5,64.9,40.0,991.0,8.0,270.0,191,40.0,0.0,2024,8,31,6,0
2024238N25077,2024,ASNA,2024-08-31 09:00:00+00:00,23.4,64.4,40.0,991.0,6.0,270.0,201,40.0,0.0,2024,8,31,9,0
2024238N25077,2024,ASNA,2024-08-31 12:00:00+00:00,23.5,64.2,40.0,990.0,7.0,270.0,191,40.0,0.0,2024,8,31,12,0
2024238N25077,2024,ASNA,2024-08-31 15:00:00+00:00,23.4,63.7,40.0,990.0,7.0,260.0,202,40.0,0.0,2024,8,31,15,0
2024238N25077,2024,ASNA,2024-08-31 18:00:00+00:00,23.4,63.5,40.0,990.0,7.0,255.0,201,40.0,0.0,2024,8,31,18,0
2024238N25077,2024,ASNA,2024-08-31 21:00:00+00:00,23.3,63.0,40.0,990.0,9.0,255.0,210,40.0,0.0,2024,8,31,21,0
2024238N25077,2024,ASNA,2024-09-01 00:00:00+00:00,23.1,62.6,40.0,990.0,7.0,240.0,224,40.0,0.0,2024,9,1,0,0
2024238N25077,2024,ASNA,2024-09-01 03:00:00+00:00,22.9,62.3,35.0,992.0,6.0,230.0,240,40.0,-5.0,2024,9,1,3,0
2024238N25077,2024,ASNA,2024-09-01 06:00:00+00:00,22.7,62.1,35.0,993.0,6.0,220.0,238,35.0,0.0,2024,9,1,6,0
2024238N25077,2024,ASNA,2024-09-01 09:00:00+00:00,22.5,61.9,35.0,993.0,6.0,210.0,216,35.0,0.0,2024,9,1,9,0
2024238N25077,2024,ASNA,2024-09-01 12:00:00+00:00,22.2,61.8,30.0,996.0,6.0,200.0,205,35.0,-5.0,2024,9,1,12,0
2024238N25077,2024,ASNA,2024-09-01 18:00:00+00:00,21.7,61.6,30.0,998.0,5.0,200.0,193,30.0,0.0,2024,9,1,18,0
2024238N25077,2024,ASNA,2024-09-02 00:00:00+00:00,21.2,61.4,20.0,999.0,6.0,200.0,199,30.0,-10.0,2024,9,2,0,0
2024244N18085,2024,UNNAMED,2024-08-31 00:00:00+00:00,17.5,84.6,25.0,998.0,4.0,335.0,103,35.0,0.0,2024,8,31,0,0
2024244N18085,2024,UNNAMED,2024-08-31 03:00:00+00:00,17.7,84.5,25.0,997.0,5.0,325.0,79,25.0,0.0,2024,8,31,3,0
2024244N18085,2024,UNNAMED,2024-08-31 06:00:00+00:00,17.9,84.3,25.0,996.0,5.0,315.0,49,25.0,0.0,2024,8,31,6,0
2024244N18085,2024,UNNAMED,2024-08-31 12:00:00+00:00,18.1,84.0,25.0,997.0,2.0,300.0,15,25.0,0.0,2024,8,31,12,0
2024244N18085,2024,UNNAMED,2024-08-31 18:00:00+00:00,18.2,83.8,25.0,997.0,5.0,295.0,0,25.0,0.0,2024,8,31,18,0
2024244N18085,2024,UNNAMED,2024-09-01 00:00:00+00:00,18.5,83.0,25.0,997.0,11.0,290.0,0,25.0,0.0,2024,9,1,0,0
2024244N18085,2024,UNNAMED,2024-09-01 03:00:00+00:00,18.7,82.4,25.0,998.0,9.0,285.0,0,25.0,0.0,2024,9,1,3,0
2024244N18085,2024,UNNAMED,2024-09-01 06:00:00+00:00,18.7,82.1,20.0,999.0,7.0,280.0,0,25.0,-5.0,2024,9,1,6,0
2024244N18085,2024,UNNAMED,2024-09-01 12:00:00+00:00,19.0,81.2,20.0,999.0,9.0,290.0,0,20.0,0.0,2024,9,1,12,0
2024244N18085,2024,UNNAMED,2024-09-01 18:00:00+00:00,19.3,80.4,20.0,999.0,6.0,300.0,0,20.0,0.0,2024,9,1,18,0
2024244N18085,2024,UNNAMED,2024-09-02 00:00:00+00:00,19.6,80.0,20.0,999.0,5.0,295.0,0,20.0,0.0,2024,9,2,0,0
2024244N18085,2024,UNNAMED,2024-09-02 03:00:00+00:00,19.7,79.7,20.0,999.0,5.0,295.0,0,20.0,0.0,2024,9,2,3,0
2024252N18087,2024,UNNAMED,2024-09-08 00:00:00+00:00,17.9,87.0,25.0,998.0,7.0,330.0,242,35.0,0.0,2024,9,8,0,0
2024252N18087,2024,UNNAMED,2024-09-08 03:00:00+00:00,18.2,86.8,25.0,998.0,6.0,330.0,203,25.0,0.0,2024,9,8,3,0
2024252N18087,2024,UNNAMED,2024-09-08 06:00:00+00:00,18.4,86.7,25.0,997.0,4.0,320.0,179,25.0,0.0,2024,9,8,6,0
2024252N18087,2024,UNNAMED,2024-09-08 12:00:00+00:00,18.6,86.4,25.0,995.0,3.0,320.0,148,25.0,0.0,2024,9,8,12,1
2024252N18087,2024,UNNAMED,2024-09-08 18:00:00+00:00,18.9,86.3,30.0,993.0,4.0,345.0,113,25.0,5.0,2024,9,8,18,0
2024252N18087,2024,UNNAMED,2024-09-09 00:00:00+00:00,19.3,86.2,30.0,991.0,5.0,355.0,67,30.0,0.0,2024,9,9,0,0
2024252N18087,2024,UNNAMED,2024-09-09 03:00:00+00:00,19.6,86.2,30.0,991.0,7.0,345.0,35,30.0,0.0,2024,9,9,3,0
2024252N18087,2024,UNNAMED,2024-09-09 06:00:00+00:00,20.0,86.0,30.0,992.0,10.0,325.0,0,30.0,0.0,2024,9,9,6,0
2024252N18087,2024,UNNAMED,2024-09-09 12:00:00+00:00,20.8,85.1,30.0,994.0,10.0,310.0,0,30.0,0.0,2024,9,9,12,0
2024252N18087,2024,UNNAMED,2024-09-09 18:00:00+00:00,21.3,84.4,25.0,995.0,10.0,300.0,0,30.0,-5.0,2024,9,9,18,0
2024252N18087,2024,UNNAMED,2024-09-10 00:00:00+00:00,21.7,83.3,25.0,995.0,10.0,285.0,0,25.0,0.0,2024,9,10,0,0
2024252N18087,2024,UNNAMED,2024-09-10 03:00:00+00:00,21.8,82.8,25.0,996.0,11.0,280.0,0,25.0,0.0,2024,9,10,3,0
2024255N24080,2024,UNNAMED,2024-09-11 03:00:00+00:00,24.0,80.0,20.0,995.0,4.0,335.0,0,35.0,0.0,2024,9,11,3,0
2024255N24080,2024,UNNAMED,2024-09-11 06:00:00+00:00,24.2,79.9,20.0,995.0,6.0,345.0,0,20.0,0.0,2024,9,11,6,1
2024255N24080,2024,UNNAMED,2024-09-11 12:00:00+00:00,25.0,79.6,25.0,994.0,14.0,320.0,0,20.0,5.0,2024,9,11,12,0
2024255N24080,2024,UNNAMED,2024-09-11 18:00:00+00:00,26.2,78.2,25.0,994.0,11.0,320.0,0,25.0,0.0,2024,9,11,18,0
2024255N24080,2024,UNNAMED,2024-09-12 00:00:00+00:00,26.7,78.3,25.0,994.0,6.0,35.0,0,25.0,0.0,2024,9,12,0,0
2024255N24080,2024,UNNAMED,2024-09-12 03:00:00+00:00,27.0,78.5,25.0,994.0,7.0,30.0,0,25.0,0.0,2024,9,12,3,0
2024255N24080,2024,UNNAMED,2024-09-12 06:00:00+00:00,27.3,78.7,25.0,994.0,6.0,40.0,0,25.0,0.0,2024,9,12,6,0
2024255N24080,2024,UNNAMED,2024-09-12 12:00:00+00:00,27.5,79.1,20.0,995.0,4.0,70.0,0,25.0,-5.0,2024,9,12,12,0
2024255N24080,2024,UNNAMED,2024-09-12 18:00:00+00:00,27.7,79.5,20.0,995.0,4.0,15.0,0,20.0,0.0,2024,9,12,18,0
2024258N22091,2024,UNNAMED,2024-09-13 12:00:00+00:00,22.0,90.8,20.0,993.0,5.0,315.0,15,35.0,0.0,2024,9,13,12,1
2024258N22091,2024,UNNAMED,2024-09-13 18:00:00+00:00,22.3,90.4,25.0,992.0,5.0,295.0,0,20.0,5.0,2024,9,13,18,1
2024258N22091,2024,UNNAMED,2024-09-14 00:00:00+00:00,22.5,89.6,30.0,990.0,12.0,285.0,0,25.0,5.0,2024,9,14,0,0
2024258N22091,2024,UNNAMED,2024-09-14 03:00:00+00:00,22.7,88.8,30.0,990.0,12.0,265.0,0,30.0,0.0,2024,9,14,3,0
2024258N22091,2024,UNNAMED,2024-09-14 06:00:00+00:00,22.4,88.3,30.0,990.0,6.0,230.0,0,30.0,0.0,2024,9,14,6,0
2024258N22091,2024,UNNAMED,2024-09-14 12:00:00+00:00,22.4,88.5,30.0,989.0,3.0,55.0,0,30.0,0.0,2024,9,14,12,0
2024258N22091,2024,UNNAMED,2024-09-14 18:00:00+00:00,22.6,88.5,30.0,989.0,3.0,295.0,0,30.0,0.0,2024,9,14,18,0
2024258N22091,2024,UNNAMED,2024-09-15 00:00:00+00:00,22.6,88.0,30.0,989.0,4.0,270.0,0,30.0,0.0,2024,9,15,0,0
2024258N22091,2024,UNNAMED,2024-09-15 03:00:00+00:00,22.6,87.8,30.0,990.0,4.0,285.0,0,30.0,0.0,2024,9,15,3,0
2024258N22091,2024,UNNAMED,2024-09-15 06:00:00+00:00,22.7,87.6,30.0,990.0,3.0,300.0,0,30.0,0.0,2024,9,15,6,0
2024258N22091,2024,UNNAMED,2024-09-15 12:00:00+00:00,22.8,87.4,30.0,990.0,2.0,300.0,0,30.0,0.0,2024,9,15,12,0
2024258N22091,2024,UNNAMED,2024-09-15 18:00:00+00:00,22.9,87.2,30.0,990.0,2.0,300.0,0,30.0,0.0,2024,9,15,18,0
2024258N22091,2024,UNNAMED,2024-09-16 00:00:00+00:00,23.0,87.0,30.0,990.0,4.0,290.0,0,30.0,0.0,2024,9,16,0,0
2024258N22091,2024,UNNAMED,2024-09-16 03:00:00+00:00,23.1,86.7,30.0,990.0,6.0,290.0,0,30.0,0.0,2024,9,16,3,0
2024258N22091,2024,UNNAMED,2024-09-16 06:00:00+00:00,23.2,86.4,30.0,990.0,8.0,280.0,0,30.0,0.0,2024,9,16,6,0
2024258N22091,2024,UNNAMED,2024-09-16 12:00:00+00:00,23.3,85.2,30.0,990.0,9.0,275.0,0,30.0,0.0,2024,9,16,12,0
2024258N22091,2024,UNNAMED,2024-09-16 18:00:00+00:00,23.4,84.6,30.0,991.0,4.0,295.0,0,30.0,0.0,2024,9,16,18,0
2024258N22091,2024,UNNAMED,2024-09-17 00:00:00+00:00,23.6,84.2,25.0,992.0,7.0,285.0,0,30.0,-5.0,2024,9,17,0,0
2024258N22091,2024,UNNAMED,2024-09-17 03:00:00+00:00,23.7,83.7,25.0,993.0,14.0,275.0,0,25.0,0.0,2024,9,17,3,0
2024258N22091,2024,UNNAMED,2024-09-17 06:00:00+00:00,23.7,82.7,20.0,995.0,16.0,275.0,0,25.0,-5.0,2024,9,17,6,0
2024258N22091,2024,UNNAMED,2024-09-17 12:00:00+00:00,24.0,81.3,20.0,995.0,11.0,285.0,0,20.0,0.0,2024,9,17,12,0
2024288N16065,2024,UNNAMED,2024-10-13 12:00:00+00:00,15.6,65.0,20.0,1002.0,3.0,285.0,824,35.0,0.0,2024,10,13,12,0
2024288N16065,2024,UNNAMED,2024-10-13 18:00:00+00:00,15.7,64.7,20.0,1002.0,2.0,300.0,820,20.0,0.0,2024,10,13,18,0
2024288N16065,2024,UNNAMED,2024-10-14 00:00:00+00:00,15.8,64.5,20.0,1002.0,3.0,280.0,795,20.0,0.0,2024,10,14,0,1
2024288N16065,2024,UNNAMED,2024-10-14 03:00:00+00:00,15.8,64.3,25.0,1001.0,5.0,295.0,777,20.0,5.0,2024,10,14,3,0
2024288N16065,2024,UNNAMED,2024-10-14 06:00:00+00:00,16.0,64.0,25.0,1001.0,12.0,285.0,738,25.0,0.0,2024,10,14,6,0
2024288N16065,2024,UNNAMED,2024-10-14 12:00:00+00:00,16.1,62.0,25.0,1001.0,13.0,270.0,550,25.0,0.0,2024,10,14,12,0
2024288N16065,2024,UNNAMED,2024-10-14 18:00:00+00:00,16.1,61.5,25.0,1001.0,4.0,245.0,509,25.0,0.0,2024,10,14,18,0
2024288N16065,2024,UNNAMED,2024-10-15 00:00:00+00:00,16.1,61.0,20.0,1002.0,11.0,320.0,469,25.0,-5.0,2024,10,15,0,0
2024288N16065,2024,UNNAMED,2024-10-15 03:00:00+00:00,16.8,60.5,20.0,1002.0,18.0,320.0,377,20.0,0.0,2024,10,15,3,0
2024288N16065,2024,UNNAMED,2024-10-15 06:00:00+00:00,17.5,59.8,20.0,1002.0,17.0,315.0,269,20.0,0.0,2024,10,15,6,0
2024290N11084,2024,UNNAMED,2024-10-15 12:00:00+00:00,11.4,84.4,20.0,1002.0,6.0,320.0,458,35.0,0.0,2024,10,15,12,0
2024290N11084,2024,UNNAMED,2024-10-15 18:00:00+00:00,11.8,84.0,20.0,1002.0,6.0,305.0,420,20.0,0.0,2024,10,15,18,0
2024290N11084,2024,UNNAMED,2024-10-16 00:00:00+00:00,12.1,83.4,20.0,1002.0,8.0,295.0,350,20.0,0.0,2024,10,16,0,1
2024290N11084,2024,UNNAMED,2024-10-16 03:00:00+00:00,12.3,83.0,25.0,1000.0,8.0,300.0,305,20.0,5.0,2024,10,16,3,0
2024290N11084,2024,UNNAMED,2024-10-16 06:00:00+00:00,12.5,82.7,25.0,1000.0,8.0,300.0,271,25.0,0.0,2024,10,16,6,0
2024290N11084,2024,UNNAMED,2024-10-16 12:00:00+00:00,12.9,81.9,25.0,1000.0,10.0,295.0,179,25.0,0.0,2024,10,16,12,0
2024295N15092,2024,DANA,2024-10-22 00:00:00+00:00,15.2,91.9,20.0,1003.0,2.0,290.0,262,35.0,0.0,2024,10,22,0,0
2024295N15092,2024,DANA,2024-10-22 03:00:00+00:00,15.2,91.8,20.0,1002.0,3.0,295.0,272,20.0,0.0,2024,10,22,3,1
2024295N15092,2024,DANA,2024-10-22 06:00:00+00:00,15.3,91.6,25.0,1000.0,2.0,295.0,289,20.0,5.0,2024,10,22,6,1
2024295N15092,2024,DANA,2024-10-22 12:00:00+00:00,15.4,91.4,30.0,999.0,5.0,290.0,307,25.0,5.0,2024,10,22,12,0
2024295N15092,2024,DANA,2024-10-22 18:00:00+00:00,15.6,90.7,30.0,998.0,8.0,290.0,377,30.0,0.0,2024,10,22,18,1
2024295N15092,2024,DANA,2024-10-23 00:00:00+00:00,16.1,89.9,35.0,997.0,9.0,310.0,459,30.0,5.0,2024,10,23,0,0
2024295N15092,2024,DANA,2024-10-23 03:00:00+00:00,16.4,89.6,35.0,996.0,9.0,315.0,493,35.0,0.0,2024,10,23,3,1
2024295N15092,2024,DANA,2024-10-23 06:00:00+00:00,16.7,89.3,40.0,995.0,7.0,320.0,479,35.0,5.0,2024,10,23,6,1
2024295N15092,2024,DANA,2024-10-23 09:00:00+00:00,16.9,89.1,45.0,994.0,7.0,335.0,448,40.0,5.0,2024,10,23,9,0
2024295N15092,2024,DANA,2024-10-23 12:00:00+00:00,17.3,89.0,45.0,992.0,8.0,340.0,407,45.0,0.0,2024,10,23,12,0
2024295N15092,2024,DANA,2024-10-23 15:00:00+00:00,17.6,88.8,45.0,992.0,8.0,340.0,368,45.0,0.0,2024,10,23,15,1
2024295N15092,2024,DANA,2024-10-23 18:00:00+00:00,18.0,88.7,50.0,990.0,8.0,330.0,329,45.0,5.0,2024,10,23,18,0
2024295N15092,2024,DANA,2024-10-23 21:00:00+00:00,18.3,88.4,50.0,990.0,8.0,330.0,283,50.0,0.0,2024,10,23,21,1
2024295N15092,2024,DANA,2024-10-24 00:00:00+00:00,18.7,88.2,55.0,988.0,8.0,325.0,238,50.0,5.0,2024,10,24,0,0
2024295N15092,2024,DANA,2024-10-24 03:00:00+00:00,19.0,88.0,55.0,988.0,8.0,325.0,199,55.0,0.0,2024,10,24,3,0
2024295N15092,2024,DANA,2024-10-24 06:00:00+00:00,19.3,87.8,55.0,988.0,6.0,325.0,160,55.0,0.0,2024,10,24,6,1
2024295N15092,2024,DANA,2024-10-24 09:00:00+00:00,19.5,87.6,60.0,986.0,6.0,335.0,129,55.0,5.0,2024,10,24,9,0
2024295N15092,2024,DANA,2024-10-24 12:00:00+00:00,19.8,87.5,60.0,986.0,7.0,335.0,100,60.0,0.0,2024,10,24,12,0
2024295N15092,2024,DANA,2024-10-24 15:00:00+00:00,20.1,87.3,60.0,986.0,8.0,330.0,66,60.0,0.0,2024,10,24,15,0
2024295N15092,2024,DANA,2024-10-24 18:00:00+00:00,20.5,87.1,55.0,988.0,6.0,335.0,23,60.0,-5.0,2024,10,24,18,0
2024295N15092,2024,DANA,2024-10-24 21:00:00+00:00,20.7,87.0,55.0,988.0,5.0,330.0,0,55.0,0.0,2024,10,24,21,0
2024295N15092,2024,DANA,2024-10-25 00:00:00+00:00,20.9,86.9,50.0,990.0,4.0,335.0,0,55.0,-5.0,2024,10,25,0,0
2024295N15092,2024,DANA,2024-10-25 03:00:00+00:00,21.1,86.8,45.0,994.0,3.0,335.0,0,50.0,-5.0,2024,10,25,3,0
2024295N15092,2024,DANA,2024-10-25 06:00:00+00:00,21.2,86.7,35.0,997.0,3.0,315.0,0,45.0,-10.0,2024,10,25,6,0
2024295N15092,2024,DANA,2024-10-25 09:00:00+00:00,21.3,86.6,30.0,998.0,2.0,290.0,0,35.0,-5.0,2024,10,25,9,0
2024295N15092,2024,DANA,2024-10-25 12:00:00+00:00,21.3,86.5,30.0,999.0,1.0,260.0,0,30.0,0.0,2024,10,25,12,0
2024329N04089,2024,FENGAL,2024-11-25 03:00:00+00:00,4.4,83.9,20.0,1003.0,4.0,320.0,338,35.0,0.0,2024,11,25,3,0
2024329N04089,2024,FENGAL,2024-11-25 06:00:00+00:00,4.6,83.6,20.0,1003.0,6.0,315.0,299,20.0,0.0,2024,11,25,6,1
2024329N04089,2024,FENGAL,2024-11-25 12:00:00+00:00,5.2,83.3,25.0,1002.0,5.0,330.0,229,20.0,5.0,2024,11,25,12,0
2024329N04089,2024,FENGAL,2024-11-25 18:00:00+00:00,5.6,83.1,25.0,1002.0,5.0,355.0,184,25.0,0.0,2024,11,25,18,0
2024329N04089,2024,FENGAL,2024-11-26 00:00:00+00:00,6.1,83.1,25.0,1002.0,6.0,345.0,161,25.0,0.0,2024,11,26,0,1
2024329N04089,2024,FENGAL,2024-11-26 03:00:00+00:00,6.4,82.9,30.0,1001.0,7.0,345.0,129,25.0,5.0,2024,11,26,3,0
2024329N04089,2024,FENGAL,2024-11-26 06:00:00+00:00,6.8,82.9,30.0,1001.0,6.0,350.0,112,30.0,0.0,2024,11,26,6,0
2024329N04089,2024,FENGAL,2024-11-26 12:00:00+00:00,7.3,82.8,30.0,1001.0,5.0,350.0,104,30.0,0.0,2024,11,26,12,0
2024329N04089,2024,FENGAL,2024-11-26 18:00:00+00:00,7.8,82.6,30.0,1001.0,5.0,340.0,101,30.0,0.0,2024,11,26,18,0
2024329N04089,2024,FENGAL,2024-11-27 00:00:00+00:00,8.3,82.4,30.0,1001.0,5.0,335.0,94,30.0,0.0,2024,11,27,0,0
2024329N04089,2024,FENGAL,2024-11-27 03:00:00+00:00,8.5,82.3,30.0,1001.0,4.0,340.0,95,30.0,0.0,2024,11,27,3,0
2024329N04089,2024,FENGAL,2024-11-27 06:00:00+00:00,8.7,82.3,30.0,1001.0,2.0,340.0,104,30.0,0.0,2024,11,27,6,0
2024329N04089,2024,FENGAL,2024-11-27 12:00:00+00:00,8.8,82.3,30.0,1000.0,3.0,70.0,108,30.0,0.0,2024,11,27,12,0
2024329N04089,2024,FENGAL,2024-11-27 18:00:00+00:00,9.0,82.7,30.0,1000.0,3.0,50.0,158,30.0,0.0,2024,11,27,18,0
2024329N04089,2024,FENGAL,2024-11-28 00:00:00+00:00,9.2,82.8,30.0,1000.0,3.0,55.0,178,30.0,0.0,2024,11,28,0,0
2024329N04089,2024,FENGAL,2024-11-28 03:00:00+00:00,9.2,83.0,30.0,1000.0,4.0,70.0,197,30.0,0.0,2024,11,28,3,0
2024329N04089,2024,FENGAL,2024-11-28 06:00:00+00:00,9.3,83.2,30.0,1000.0,4.0,55.0,222,30.0,0.0,2024,11,28,6,0
2024329N04089,2024,FENGAL,2024-11-28 12:00:00+00:00,9.6,83.4,30.0,1000.0,5.0,25.0,257,30.0,0.0,2024,11,28,12,0
2024329N04089,2024,FENGAL,2024-11-28 18:00:00+00:00,10.2,83.5,30.0,1000.0,6.0,335.0,303,30.0,0.0,2024,11,28,18,0
2024329N04089,2024,FENGAL,2024-11-29 00:00:00+00:00,10.7,82.9,30.0,1000.0,7.0,310.0,278,30.0,0.0,2024,11,29,0,0
2024329N04089,2024,FENGAL,2024-11-29 03:00:00+00:00,10.9,82.7,30.0,1000.0,6.0,325.0,274,30.0,0.0,2024,11,29,3,0
2024329N04089,2024,FENGAL,2024-11-29 06:00:00+00:00,11.2,82.6,30.0,1000.0,7.0,325.0,290,30.0,0.0,2024,11,29,6,1
2024329N04089,2024,FENGAL,2024-11-29 09:00:00+00:00,11.4,82.3,35.0,999.0,7.0,320.0,259,30.0,5.0,2024,11,29,9,0
2024329N04089,2024,FENGAL,2024-11-29 12:00:00+00:00,11.7,82.1,35.0,999.0,6.0,315.0,225,35.0,0.0,2024,11,29,12,0
2024329N04089,2024,FENGAL,2024-11-29 15:00:00+00:00,11.9,81.8,35.0,999.0,5.0,320.0,186,35.0,0.0,2024,11,29,15,0
2024329N04089,2024,FENGAL,2024-11-29 18:00:00+00:00,12.1,81.8,35.0,999.0,4.0,315.0,179,35.0,0.0,2024,11,29,18,1
2024329N04089,2024,FENGAL,2024-11-29 21:00:00+00:00,12.2,81.6,40.0,996.0,5.0,305.0,155,35.0,5.0,2024,11,29,21,1
2024329N04089,2024,FENGAL,2024-11-30 00:00:00+00:00,12.4,81.3,45.0,996.0,5.0,295.0,120,40.0,5.0,2024,11,30,0,0
2024329N04089,2024,FENGAL,2024-11-30 03:00:00+00:00,12.4,81.0,45.0,996.0,4.0,270.0,87,45.0,0.0,2024,11,30,3,0
2024329N04089,2024,FENGAL,2024-11-30 06:00:00+00:00,12.3,80.9,45.0,996.0,4.0,260.0,76,45.0,0.0,2024,11,30,6,0
2024329N04089,2024,FENGAL,2024-11-30 09:00:00+00:00,12.3,80.7,45.0,996.0,3.0,260.0,58,45.0,0.0,2024,11,30,9,0
2024329N04089,2024,FENGAL,2024-11-30 12:00:00+00:00,12.3,80.5,40.0,998.0,3.0,255.0,39,45.0,-5.0,2024,11,30,12,0
2024329N04089,2024,FENGAL,2024-11-30 15:00:00+00:00,12.2,80.3,40.0,998.0,4.0,245.0,31,40.0,0.0,2024,11,30,15,0
2024329N04089,2024,FENGAL,2024-11-30 18:00:00+00:00,12.1,80.1,40.0,998.0,4.0,245.0,15,40.0,0.0,2024,11,30,18,0
2024329N04089,2024,FENGAL,2024-11-30 21:00:00+00:00,12.1,80.0,35.0,999.0,2.0,255.0,10,40.0,-5.0,2024,11,30,21,0
2024329N04089,2024,FENGAL,2024-12-01 00:00:00+00:00,12.1,79.9,35.0,999.0,2.0,260.0,0,35.0,0.0,2024,12,1,0,0
2024329N04089,2024,FENGAL,2024-12-01 03:00:00+00:00,12.0,79.8,35.0,999.0,1.0,270.0,0,35.0,0.0,2024,12,1,3,0
2024329N04089,2024,FENGAL,2024-12-01 06:00:00+00:00,12.1,79.8,30.0,1000.0,2.0,280.0,0,35.0,-5.0,2024,12,1,6,0
2024329N04089,2024,FENGAL,2024-12-01 12:00:00+00:00,12.1,79.5,25.0,1001.0,3.0,285.0,0,30.0,-5.0,2024,12,1,12,0
2024356N14084,2024,UNNAMED,2024-12-20 12:00:00+00:00,13.7,83.5,20.0,1003.0,3.0,25.0,345,35.0,0.0,2024,12,20,12,1
2024356N14084,2024,UNNAMED,2024-12-20 18:00:00+00:00,13.9,83.7,25.0,1003.0,3.0,80.0,337,20.0,5.0,2024,12,20,18,0
2024356N14084,2024,UNNAMED,2024-12-21 00:00:00+00:00,13.9,84.2,25.0,1002.0,6.0,80.0,364,25.0,0.0,2024,12,21,0,0
2024356N14084,2024,UNNAMED,2024-12-21 03:00:00+00:00,14.0,84.5,25.0,1002.0,4.0,65.0,374,25.0,0.0,2024,12,21,3,0
2025144N17073,2025,UNNAMED,2025-05-24 00:00:00+00:00,17.0,73.0,25.0,998.0,4.0,90.0,31,35.0,0.0,2025,5,24,0,0
2025144N17073,2025,UNNAMED,2025-05-24 03:00:00+00:00,17.0,73.2,25.0,998.0,3.0,90.0,10,25.0,0.0,2025,5,24,3,0
2025144N17073,2025,UNNAMED,2025-05-24 06:00:00+00:00,17.0,73.3,25.0,998.0,5.0,80.0,0,25.0,0.0,2025,5,24,6,0
2025144N17073,2025,UNNAMED,2025-05-24 12:00:00+00:00,17.2,74.3,25.0,998.0,11.0,80.0,0,25.0,0.0,2025,5,24,12,0
2025149N21088,2025,UNNAMED,2025-05-29 00:00:00+00:00,20.8,88.3,25.0,988.0,10.0,0.0,89,35.0,0.0,2025,5,29,0,1
2025149N21088,2025,UNNAMED,2025-05-29 03:00:00+00:00,21.3,88.3,30.0,986.0,12.0,5.0,33,25.0,5.0,2025,5,29,3,0
2025149N21088,2025,UNNAMED,2025-05-29 06:00:00+00:00,22.0,88.4,30.0,986.0,9.0,10.0,0,30.0,0.0,2025,5,29,6,0
2025149N21088,2025,UNNAMED,2025-05-29 12:00:00+00:00,22.2,88.6,30.0,987.0,5.0,50.0,0,30.0,0.0,2025,5,29,12,0
2025149N21088,2025,UNNAMED,2025-05-29 18:00:00+00:00,23.0,89.2,30.0,988.0,11.0,20.0,0,30.0,0.0,2025,5,29,18,0
2025149N21088,2025,UNNAMED,2025-05-30 00:00:00+00:00,24.1,89.4,25.0,990.0,8.0,20.0,0,30.0,-5.0,2025,5,30,0,0
2025149N21088,2025,UNNAMED,2025-05-30 03:00:00+00:00,24.3,89.6,20.0,992.0,12.0,35.0,0,25.0,-5.0,2025,5,30,3,0
2025195N23089,2025,UNNAMED,2025-07-14 06:00:00+00:00,23.0,88.8,20.0,996.0,5.0,310.0,0,35.0,0.0,2025,7,14,6,0
2025195N23089,2025,UNNAMED,2025-07-14 12:00:00+00:00,23.3,88.4,20.0,996.0,4.0,305.0,0,20.0,0.0,2025,7,14,12,0
2025195N23089,2025,UNNAMED,2025-07-14 18:00:00+00:00,23.5,88.0,20.0,996.0,8.0,295.0,0,20.0,0.0,2025,7,14,18,0
2025196N27075,2025,UNNAMED,2025-07-15 03:00:00+00:00,27.4,75.4,20.0,993.0,9.0,310.0,0,35.0,0.0,2025,7,15,3,0
2025196N27075,2025,UNNAMED,2025-07-15 06:00:00+00:00,27.7,75.0,20.0,993.0,13.0,315.0,0,20.0,0.0,2025,7,15,6,0
2025196N27075,2025,UNNAMED,2025-07-15 12:00:00+00:00,29.0,73.7,20.0,994.0,12.0,320.0,0,20.0,0.0,2025,7,15,12,0
2025198N25082,2025,UNNAMED,2025-07-17 00:00:00+00:00,25.2,81.8,25.0,993.0,5.0,270.0,0,35.0,0.0,2025,7,17,0,0
2025198N25082,2025,UNNAMED,2025-07-17 03:00:00+00:00,25.2,81.5,25.0,993.0,6.0,280.0,0,25.0,0.0,2025,7,17,3,0
2025198N25082,2025,UNNAMED,2025-07-17 06:00:00+00:00,25.3,81.2,25.0,993.0,7.0,290.0,0,25.0,0.0,2025,7,17,6,0
2025198N25082,2025,UNNAMED,2025-07-17 12:00:00+00:00,25.6,80.3,25.0,993.0,7.0,290.0,0,25.0,0.0,2025,7,17,12,0
2025198N25082,2025,UNNAMED,2025-07-17 18:00:00+00:00,25.8,79.8,25.0,993.0,7.0,305.0,0,25.0,0.0,2025,7,17,18,0
2025198N25082,2025,UNNAMED,2025-07-18 00:00:00+00:00,26.3,79.0,25.0,993.0,9.0,290.0,0,25.0,0.0,2025,7,18,0,0
2025198N25082,2025,UNNAMED,2025-07-18 03:00:00+00:00,26.4,78.5,25.0,993.0,9.0,275.0,0,25.0,0.0,2025,7,18,3,0
2025198N25082,2025,UNNAMED,2025-07-18 06:00:00+00:00,26.4,78.0,25.0,993.0,9.0,290.0,0,25.0,0.0,2025,7,18,6,0
2025198N25082,2025,UNNAMED,2025-07-18 12:00:00+00:00,27.0,77.2,25.0,993.0,8.0,305.0,0,25.0,0.0,2025,7,18,12,0
2025198N25082,2025,UNNAMED,2025-07-18 18:00:00+00:00,27.2,76.5,25.0,993.0,10.0,280.0,0,25.0,0.0,2025,7,18,18,0
2025198N25082,2025,UNNAMED,2025-07-19 00:00:00+00:00,27.4,75.1,25.0,993.0,11.0,280.0,0,25.0,0.0,2025,7,19,0,0
2025198N25082,2025,UNNAMED,2025-07-19 03:00:00+00:00,27.5,74.6,20.0,993.0,8.0,275.0,0,25.0,-5.0,2025,7,19,3,0
2025198N25082,2025,UNNAMED,2025-07-19 06:00:00+00:00,27.5,74.2,20.0,993.0,6.0,270.0,0,20.0,0.0,2025,7,19,6,0
2025198N25082,2025,UNNAMED,2025-07-19 12:00:00+00:00,27.5,73.7,20.0,993.0,5.0,270.0,0,20.0,0.0,2025,7,19,12,0
2025206N21090,2025,UNNAMED,2025-07-25 00:00:00+00:00,21.4,89.5,25.0,988.0,14.0,295.0,35,35.0,0.0,2025,7,25,0,0
2025206N21090,2025,UNNAMED,2025-07-25 03:00:00+00:00,21.7,88.8,25.0,988.0,12.0,300.0,0,25.0,0.0,2025,7,25,3,0
2025206N21090,2025,UNNAMED,2025-07-25 06:00:00+00:00,22.0,88.4,25.0,988.0,10.0,305.0,0,25.0,0.0,2025,7,25,6,0
2025206N21090,2025,UNNAMED,2025-07-25 12:00:00+00:00,22.6,87.4,25.0,988.0,9.0,305.0,0,25.0,0.0,2025,7,25,12,0
2025206N21090,2025,UNNAMED,2025-07-25 18:00:00+00:00,23.0,86.6,25.0,988.0,11.0,290.0,0,25.0,0.0,2025,7,25,18,0
2025206N21090,2025,UNNAMED,2025-07-26 00:00:00+00:00,23.3,85.0,25.0,988.0,17.0,275.0,0,25.0,0.0,2025,7,26,0,0
2025206N21090,2025,UNNAMED,2025-07-26 03:00:00+00:00,23.3,84.0,20.0,990.0,25.0,270.0,0,25.0,-5.0,2025,7,26,3,0
2025206N21090,2025,UNNAMED,2025-07-26 06:00:00+00:00,23.3,82.3,20.0,990.0,21.0,270.0,0,20.0,0.0,2025,7,26,6,0
2025206N21090,2025,UNNAMED,2025-07-26 12:00:00+00:00,23.3,81.7,20.0,990.0,2.0,270.0,0,20.0,0.0,2025,7,26,12,0
2025231N19085,2025,UNNAMED,2025-08-18 12:00:00+00:00,18.9,85.0,20.0,996.0,2.0,300.0,33,35.0,0.0,2025,8,18,12,0
2025231N19085,2025,UNNAMED,2025-08-18 18:00:00+00:00,19.0,84.9,20.0,996.0,1.0,40.0,21,20.0,0.0,2025,8,18,18,0
2025231N19085,2025,UNNAMED,2025-08-19 00:00:00+00:00,19.3,84.8,20.0,996.0,12.0,310.0,0,20.0,0.0,2025,8,19,0,0
2025231N19085,2025,UNNAMED,2025-08-19 03:00:00+00:00,19.8,84.0,20.0,996.0,16.0,295.0,0,20.0,0.0,2025,8,19,3,0
2025233N15126,2025,KAJIKI,2025-08-22 18:00:00+00:00,17.2,117.9,35.0,998.0,15.0,275.0,226,35.0,0.0,2025,8,22,18,1
2025233N15126,2025,KAJIKI,2025-08-23 00:00:00+00:00,17.4,116.6,40.0,994.0,14.0,280.0,362,35.0,5.0,2025,8,23,0,1
2025233N15126,2025,KAJIKI,2025-08-23 06:00:00+00:00,17.6,114.9,45.0,990.0,15.0,275.0,467,40.0,5.0,2025,8,23,6,1
2025233N15126,2025,KAJIKI,2025-08-23 12:00:00+00:00,17.7,113.5,55.0,980.0,13.0,265.0,338,45.0,10.0,2025,8,23,12,1
2025233N15126,2025,KAJIKI,2025-08-23 18:00:00+00:00,17.3,112.2,65.0,970.0,11.0,255.0,245,55.0,10.0,2025,8,23,18,1
2025233N15126,2025,KAJIKI,2025-08-24 00:00:00+00:00,17.2,111.2,70.0,965.0,9.0,275.0,184,65.0,5.0,2025,8,24,0,1
2025233N15126,2025,KAJIKI,2025-08-24 06:00:00+00:00,17.4,110.3,80.0,950.0,10.0,290.0,109,70.0,10.0,2025,8,24,6,0
2025233N15126,2025,KAJIKI,2025-08-24 12:00:00+00:00,17.9,109.3,80.0,950.0,10.0,290.0,39,80.0,0.0,2025,8,24,12,0
2025233N15126,2025,KAJIKI,2025-08-24 18:00:00+00:00,18.1,108.3,80.0,950.0,10.0,280.0,61,80.0,0.0,2025,8,24,18,0
2025233N15126,2025,KAJIKI,2025-08-25 00:00:00+00:00,18.3,107.2,80.0,950.0,10.0,280.0,86,80.0,0.0,2025,8,25,0,0
2025233N15126,2025,KAJIKI,2025-08-25 06:00:00+00:00,18.5,106.2,70.0,970.0,7.0,275.0,23,80.0,-10.0,2025,8,25,6,0
2025233N15126,2025,KAJIKI,2025-08-25 12:00:00+00:00,18.5,105.7,60.0,980.0,6.0,280.0,0,70.0,-10.0,2025,8,25,12,0
2025233N15126,2025,KAJIKI,2025-08-25 18:00:00+00:00,18.7,104.9,45.0,992.0,13.0,280.0,0,60.0,-15.0,2025,8,25,18,0
2025250N25073,2025,UNNAMED,2025-09-06 18:00:00+00:00,25.0,72.5,25.0,998.0,8.0,190.0,0,35.0,0.0,2025,9,6,18,0
2025250N25073,2025,UNNAMED,2025-09-07 00:00:00+00:00,24.3,72.2,25.0,998.0,7.0,235.0,0,25.0,0.0,2025,9,7,0,0
2025250N25073,2025,UNNAMED,2025-09-07 03:00:00+00:00,24.2,71.8,25.0,998.0,7.0,270.0,0,25.0,0.0,2025,9,7,3,1
2025250N25073,2025,UNNAMED,2025-09-07 06:00:00+00:00,24.3,71.4,30.0,996.0,6.0,290.0,0,25.0,5.0,2025,9,7,6,0
2025250N25073,2025,UNNAMED,2025-09-07 12:00:00+00:00,24.5,71.2,30.0,995.0,2.0,320.0,0,30.0,0.0,2025,9,7,12,0
2025250N25073,2025,UNNAMED,2025-09-07 18:00:00+00:00,24.6,71.0,30.0,995.0,3.0,300.0,0,30.0,0.0,2025,9,7,18,0
2025250N25073,2025,UNNAMED,2025-09-08 00:00:00+00:00,24.8,70.7,30.0,995.0,5.0,315.0,0,30.0,0.0,2025,9,8,0,0
2025250N25073,2025,UNNAMED,2025-09-08 03:00:00+00:00,25.0,70.5,30.0,995.0,7.0,320.0,0,30.0,0.0,2025,9,8,3,0
2025250N25073,2025,UNNAMED,2025-09-08 06:00:00+00:00,25.3,70.2,30.0,995.0,8.0,315.0,0,30.0,0.0,2025,9,8,6,0
2025250N25073,2025,UNNAMED,2025-09-08 12:00:00+00:00,25.8,69.5,30.0,995.0,6.0,300.0,0,30.0,0.0,2025,9,8,12,0
2025250N25073,2025,UNNAMED,2025-09-08 18:00:00+00:00,25.9,69.0,25.0,997.0,3.0,275.0,0,30.0,-5.0,2025,9,8,18,0
2025250N25073,2025,UNNAMED,2025-09-09 00:00:00+00:00,25.8,68.7,25.0,998.0,7.0,220.0,0,25.0,0.0,2025,9,9,0,0
2025250N25073,2025,UNNAMED,2025-09-09 03:00:00+00:00,25.4,68.4,25.0,998.0,8.0,215.0,0,25.0,0.0,2025,9,9,3,0
2025250N25073,2025,UNNAMED,2025-09-09 06:00:00+00:00,25.2,68.2,25.0,999.0,5.0,230.0,0,25.0,0.0,2025,9,9,6,0
2025250N25073,2025,UNNAMED,2025-09-09 12:00:00+00:00,25.0,67.7,25.0,999.0,5.0,255.0,0,25.0,0.0,2025,9,9,12,0
2025250N25073,2025,UNNAMED,2025-09-09 18:00:00+00:00,24.9,67.1,25.0,999.0,6.0,260.0,0,25.0,0.0,2025,9,9,18,0
2025250N25073,2025,UNNAMED,2025-09-10 00:00:00+00:00,24.8,66.3,25.0,1000.0,8.0,265.0,40,25.0,0.0,2025,9,10,0,0
2025250N25073,2025,UNNAMED,2025-09-10 03:00:00+00:00,24.8,65.8,25.0,1000.0,9.0,270.0,69,25.0,0.0,2025,9,10,3,0
2025250N25073,2025,UNNAMED,2025-09-10 06:00:00+00:00,24.8,65.3,25.0,1000.0,9.0,270.0,56,25.0,0.0,2025,9,10,6,0
2025250N25073,2025,UNNAMED,2025-09-10 12:00:00+00:00,24.8,64.4,25.0,1000.0,8.0,270.0,44,25.0,0.0,2025,9,10,12,0
2025266N11137,2025,BUALOI,2025-09-23 12:00:00+00:00,10.0,134.5,35.0,1000.0,10.0,255.0,906,35.0,0.0,2025,9,23,12,0
2025266N11137,2025,BUALOI,2025-09-23 18:00:00+00:00,9.7,133.6,35.0,1000.0,8.0,260.0,801,35.0,0.0,2025,9,23,18,1
2025266N11137,2025,BUALOI,2025-09-24 00:00:00+00:00,9.7,132.8,40.0,998.0,9.0,285.0,717,35.0,5.0,2025,9,24,0,1
2025266N11137,2025,BUALOI,2025-09-24 06:00:00+00:00,10.0,131.9,50.0,992.0,9.0,290.0,629,40.0,10.0,2025,9,24,6,1
2025266N11137,2025,BUALOI,2025-09-24 12:00:00+00:00,10.3,131.1,55.0,985.0,9.0,290.0,551,50.0,5.0,2025,9,24,12,1
2025266N11137,2025,BUALOI,2025-09-24 18:00:00+00:00,10.6,130.1,60.0,980.0,10.0,290.0,455,55.0,5.0,2025,9,24,18,1
2025266N11137,2025,BUALOI,2025-09-25 00:00:00+00:00,11.1,129.2,65.0,975.0,10.0,290.0,371,60.0,5.0,2025,9,25,0,0
2025266N11137,2025,BUALOI,2025-09-25 06:00:00+00:00,11.3,128.1,65.0,975.0,12.0,290.0,253,65.0,0.0,2025,9,25,6,0
2025266N11137,2025,BUALOI,2025-09-25 12:00:00+00:00,11.8,126.8,60.0,980.0,16.0,285.0,138,65.0,-5.0,2025,9,25,12,0
2025266N11137,2025,BUALOI,2025-09-25 18:00:00+00:00,12.2,125.0,55.0,985.0,19.0,275.0,0,60.0,-5.0,2025,9,25,18,0
2025266N11137,2025,BUALOI,2025-09-26 00:00:00+00:00,12.3,122.9,55.0,985.0,22.0,275.0,34,55.0,0.0,2025,9,26,0,0
2025266N11137,2025,BUALOI,2025-09-26 06:00:00+00:00,12.7,120.8,50.0,990.0,19.0,280.0,0,55.0,-5.0,2025,9,26,6,1
2025266N11137,2025,BUALOI,2025-09-26 12:00:00+00:00,13.1,119.1,55.0,985.0,17.0,285.0,134,50.0,5.0,2025,9,26,12,1
2025266N11137,2025,BUALOI,2025-09-26 18:00:00+00:00,13.7,117.3,60.0,980.0,20.0,290.0,326,55.0,5.0,2025,9,26,18,0
2025266N11137,2025,BUALOI,2025-09-27 00:00:00+00:00,14.5,115.4,60.0,980.0,19.0,295.0,491,60.0,0.0,2025,9,27,0,1
2025266N11137,2025,BUALOI,2025-09-27 06:00:00+00:00,15.1,113.8,65.0,975.0,17.0,290.0,502,60.0,5.0,2025,9,27,6,0
2025266N11137,2025,BUALOI,2025-09-27 12:00:00+00:00,15.7,112.2,65.0,975.0,16.0,285.0,351,65.0,0.0,2025,9,27,12,0
2025266N11137,2025,BUALOI,2025-09-27 18:00:00+00:00,15.9,110.7,65.0,975.0,13.0,285.0,208,65.0,0.0,2025,9,27,18,0
2025266N11137,2025,BUALOI,2025-09-28 00:00:00+00:00,16.4,109.4,65.0,975.0,14.0,295.0,125,65.0,0.0,2025,9,28,0,0
2025266N11137,2025,BUALOI,2025-09-28 06:00:00+00:00,17.1,108.1,65.0,975.0,13.0,300.0,77,65.0,0.0,2025,9,28,6,0
2025266N11137,2025,BUALOI,2025-09-28 12:00:00+00:00,17.7,107.1,60.0,980.0,11.0,300.0,54,65.0,-5.0,2025,9,28,12,0
2025266N11137,2025,BUALOI,2025-09-28 18:00:00+00:00,18.1,106.1,55.0,980.0,11.0,295.0,0,60.0,-5.0,2025,9,28,18,0
2025266N11137,2025,BUALOI,2025-09-29 00:00:00+00:00,18.7,105.1,50.0,985.0,15.0,305.0,0,55.0,-5.0,2025,9,29,0,0
2025270N19086,2025,UNNAMED,2025-09-26 12:00:00+00:00,19.3,86.1,25.0,998.0,6.0,270.0,64,35.0,0.0,2025,9,26,12,0
2025270N19086,2025,UNNAMED,2025-09-26 18:00:00+00:00,19.3,85.5,25.0,998.0,6.0,270.0,35,25.0,0.0,2025,9,26,18,0
2025270N19086,2025,UNNAMED,2025-09-27 00:00:00+00:00,19.3,84.8,25.0,998.0,10.0,270.0,0,25.0,0.0,2025,9,27,0,0
2025270N19086,2025,UNNAMED,2025-09-27 03:00:00+00:00,19.3,84.2,25.0,998.0,13.0,270.0,0,25.0,0.0,2025,9,27,3,0
2025270N19086,2025,UNNAMED,2025-09-27 06:00:00+00:00,19.3,83.4,25.0,998.0,16.0,275.0,0,25.0,0.0,2025,9,27,6,0
2025270N19086,2025,UNNAMED,2025-09-27 12:00:00+00:00,19.7,81.5,20.0,999.0,19.0,290.0,0,25.0,-5.0,2025,9,27,12,0
2025270N19086,2025,UNNAMED,2025-09-27 18:00:00+00:00,20.3,79.5,20.0,999.0,21.0,280.0,0,20.0,0.0,2025,9,27,18,0
2025274N16087,2025,UNNAMED,2025-10-01 06:00:00+00:00,15.9,86.5,25.0,998.0,8.0,350.0,370,35.0,0.0,2025,10,1,6,0
2025274N16087,2025,UNNAMED,2025-10-01 12:00:00+00:00,16.6,86.3,25.0,997.0,5.0,325.0,300,25.0,0.0,2025,10,1,12,1
2025274N16087,2025,UNNAMED,2025-10-01 18:00:00+00:00,16.8,85.8,30.0,996.0,6.0,305.0,246,25.0,5.0,2025,10,1,18,0
2025274N16087,2025,UNNAMED,2025-10-02 00:00:00+00:00,17.4,85.4,30.0,996.0,9.0,340.0,169,30.0,0.0,2025,10,2,0,0
2025274N16087,2025,UNNAMED,2025-10-02 03:00:00+00:00,17.9,85.2,30.0,995.0,13.0,345.0,115,30.0,0.0,2025,10,2,3,0
2025274N16087,2025,UNNAMED,2025-10-02 06:00:00+00:00,18.6,85.1,30.0,995.0,12.0,350.0,57,30.0,0.0,2025,10,2,6,0
2025274N16087,2025,UNNAMED,2025-10-02 12:00:00+00:00,19.4,84.8,30.0,996.0,6.0,330.0,0,30.0,0.0,2025,10,2,12,0
2025274N16087,2025,UNNAMED,2025-10-02 18:00:00+00:00,19.8,84.4,30.0,997.0,5.0,315.0,0,30.0,0.0,2025,10,2,18,0
2025274N16087,2025,UNNAMED,2025-10-03 00:00:00+00:00,20.2,84.1,25.0,999.0,9.0,325.0,0,30.0,-5.0,2025,10,3,0,0
2025274N16087,2025,UNNAMED,2025-10-03 03:00:00+00:00,20.7,83.7,25.0,1000.0,11.0,335.0,0,25.0,0.0,2025,10,3,3,0
2025275N22068,2025,SHAKHTI,2025-10-01 12:00:00+00:00,22.0,68.3,25.0,1001.0,5.0,190.0,70,35.0,0.0,2025,10,1,12,0
2025275N22068,2025,SHAKHTI,2025-10-01 18:00:00+00:00,21.5,68.2,25.0,1001.0,5.0,195.0,114,25.0,0.0,2025,10,1,18,0
2025275N22068,2025,SHAKHTI,2025-10-02 00:00:00+00:00,21.0,68.0,25.0,1001.0,5.0,205.0,172,25.0,0.0,2025,10,2,0,0
2025275N22068,2025,SHAKHTI,2025-10-02 03:00:00+00:00,20.8,67.9,25.0,1001.0,2.0,205.0,197,25.0,0.0,2025,10,2,3,0
2025275N22068,2025,SHAKHTI,2025-10-02 06:00:00+00:00,20.8,67.9,25.0,1001.0,0.0,0.0,197,25.0,0.0,2025,10,2,6,0
2025275N22068,2025,SHAKHTI,2025-10-02 12:00:00+00:00,20.8,67.9,25.0,1001.0,1.0,240.0,197,25.0,0.0,2025,10,2,12,1
2025275N22068,2025,SHAKHTI,2025-10-02 18:00:00+00:00,20.8,67.7,30.0,1000.0,4.0,305.0,208,25.0,5.0,2025,10,2,18,0
2025275N22068,2025,SHAKHTI,2025-10-03 00:00:00+00:00,21.4,67.2,30.0,1000.0,7.0,320.0,202,30.0,0.0,2025,10,3,0,0
2025275N22068,2025,SHAKHTI,2025-10-03 03:00:00+00:00,21.6,67.0,30.0,999.0,5.0,315.0,210,30.0,0.0,2025,10,3,3,1
2025275N22068,2025,SHAKHTI,2025-10-03 06:00:00+00:00,21.8,66.8,35.0,997.0,5.0,310.0,223,30.0,5.0,2025,10,3,6,0
2025275N22068,2025,SHAKHTI,2025-10-03 09:00:00+00:00,21.9,66.6,35.0,997.0,4.0,305.0,235,35.0,0.0,2025,10,3,9,1
2025275N22068,2025,SHAKHTI,2025-10-03 12:00:00+00:00,22.0,66.4,40.0,996.0,5.0,295.0,235,35.0,5.0,2025,10,3,12,0
2025275N22068,2025,SHAKHTI,2025-10-03 15:00:00+00:00,22.1,66.2,40.0,996.0,6.0,275.0,237,40.0,0.0,2025,10,3,15,1
2025275N22068,2025,SHAKHTI,2025-10-03 18:00:00+00:00,22.1,65.8,45.0,994.0,7.0,275.0,264,40.0,5.0,2025,10,3,18,0
2025275N22068,2025,SHAKHTI,2025-10-03 21:00:00+00:00,22.1,65.4,45.0,994.0,9.0,275.0,294,45.0,0.0,2025,10,3,21,1
2025275N22068,2025,SHAKHTI,2025-10-04 00:00:00+00:00,22.1,64.8,50.0,992.0,9.0,265.0,340,45.0,5.0,2025,10,4,0,1
2025275N22068,2025,SHAKHTI,2025-10-04 03:00:00+00:00,22.1,64.4,55.0,990.0,7.0,250.0,346,50.0,5.0,2025,10,4,3,0
2025275N22068,2025,SHAKHTI,2025-10-04 06:00:00+00:00,21.9,64.1,55.0,990.0,7.0,235.0,370,55.0,0.0,2025,10,4,6,0
2025275N22068,2025,SHAKHTI,2025-10-04 09:00:00+00:00,21.7,63.8,55.0,990.0,8.0,235.0,392,55.0,0.0,2025,10,4,9,0
2025275N22068,2025,SHAKHTI,2025-10-04 12:00:00+00:00,21.4,63.5,55.0,990.0,8.0,240.0,392,55.0,0.0,2025,10,4,12,0
2025275N22068,2025,SHAKHTI,2025-10-04 15:00:00+00:00,21.3,63.0,55.0,990.0,9.0,250.0,345,55.0,0.0,2025,10,4,15,0
2025275N22068,2025,SHAKHTI,2025-10-04 18:00:00+00:00,21.2,62.6,55.0,989.0,10.0,260.0,310,55.0,0.0,2025,10,4,18,0
2025275N22068,2025,SHAKHTI,2025-10-04 21:00:00+00:00,21.1,62.0,55.0,989.0,10.0,260.0,258,55.0,0.0,2025,10,4,21,1
2025275N22068,2025,SHAKHTI,2025-10-05 00:00:00+00:00,21.0,61.5,60.0,987.0,7.0,245.0,220,55.0,5.0,2025,10,5,0,0
2025275N22068,2025,SHAKHTI,2025-10-05 03:00:00+00:00,20.8,61.3,60.0,986.0,5.0,200.0,214,60.0,0.0,2025,10,5,3,0
2025275N22068,2025,SHAKHTI,2025-10-05 06:00:00+00:00,20.6,61.3,60.0,987.0,6.0,210.0,226,60.0,0.0,2025,10,5,6,0
2025275N22068,2025,SHAKHTI,2025-10-05 09:00:00+00:00,20.3,61.0,60.0,988.0,8.0,230.0,215,60.0,0.0,2025,10,5,9,0
2025275N22068,2025,SHAKHTI,2025-10-05 12:00:00+00:00,20.1,60.6,55.0,990.0,7.0,225.0,198,60.0,-5.0,2025,10,5,12,0
2025275N22068,2025,SHAKHTI,2025-10-05 15:00:00+00:00,19.8,60.4,55.0,991.0,5.0,210.0,203,55.0,0.0,2025,10,5,15,0
2025275N22068,2025,SHAKHTI,2025-10-05 18:00:00+00:00,19.7,60.4,50.0,992.0,2.0,170.0,209,55.0,-5.0,2025,10,5,18,0
2025275N22068,2025,SHAKHTI,2025-10-05 21:00:00+00:00,19.7,60.5,50.0,993.0,2.0,55.0,218,50.0,0.0,2025,10,5,21,0
2025275N22068,2025,SHAKHTI,2025-10-06 00:00:00+00:00,19.8,60.6,45.0,994.0,1.0,25.0,222,50.0,-5.0,2025,10,6,0,0
2025275N22068,2025,SHAKHTI,2025-10-06 03:00:00+00:00,19.8,60.5,45.0,994.0,2.0,270.0,213,45.0,0.0,2025,10,6,3,0
2025275N22068,2025,SHAKHTI,2025-10-06 06:00:00+00:00,19.8,60.4,40.0,995.0,2.0,240.0,203,45.0,-5.0,2025,10,6,6,0
2025275N22068,2025,SHAKHTI,2025-10-06 09:00:00+00:00,19.7,60.3,40.0,996.0,2.0,230.0,200,40.0,0.0,2025,10,6,9,0
2025275N22068,2025,SHAKHTI,2025-10-06 12:00:00+00:00,19.6,60.2,35.0,997.0,2.0,245.0,198,40.0,-5.0,2025,10,6,12,0
2025275N22068,2025,SHAKHTI,2025-10-06 15:00:00+00:00,19.6,60.1,35.0,998.0,2.0,215.0,189,35.0,0.0,2025,10,6,15,0
2025275N22068,2025,SHAKHTI,2025-10-06 18:00:00+00:00,19.5,60.1,30.0,999.0,2.0,165.0,195,35.0,-5.0,2025,10,6,18,0
2025275N22068,2025,SHAKHTI,2025-10-07 00:00:00+00:00,19.2,60.3,30.0,999.0,5.0,140.0,231,30.0,0.0,2025,10,7,0,0
2025275N22068,2025,SHAKHTI,2025-10-07 03:00:00+00:00,19.0,60.5,25.0,1001.0,5.0,130.0,261,30.0,-5.0,2025,10,7,3,0
2025295N09068,2025,UNNAMED,2025-10-22 00:00:00+00:00,8.6,67.6,20.0,1002.0,7.0,325.0,914,35.0,0.0,2025,10,22,0,0
2025295N09068,2025,UNNAMED,2025-10-22 03:00:00+00:00,8.9,67.4,20.0,1002.0,7.0,305.0,918,20.0,0.0,2025,10,22,3,0
2025295N09068,2025,UNNAMED,2025-10-22 06:00:00+00:00,9.0,67.0,20.0,1002.0,4.0,310.0,952,20.0,0.0,2025,10,22,6,0
2025295N09068,2025,UNNAMED,2025-10-22 12:00:00+00:00,9.3,67.4,20.0,1002.0,5.0,60.0,898,20.0,0.0,2025,10,22,12,0
2025295N09068,2025,UNNAMED,2025-10-22 18:00:00+00:00,9.5,67.6,20.0,1002.0,2.0,50.0,868,20.0,0.0,2025,10,22,18,0
2025295N09068,2025,UNNAMED,2025-10-23 00:00:00+00:00,9.6,67.7,20.0,1001.0,3.0,30.0,853,20.0,0.0,2025,10,23,0,0
2025295N09068,2025,UNNAMED,2025-10-23 03:00:00+00:00,9.8,67.8,20.0,1001.0,6.0,30.0,834,20.0,0.0,2025,10,23,3,0
2025295N09068,2025,UNNAMED,2025-10-23 06:00:00+00:00,10.1,68.0,20.0,1001.0,11.0,50.0,800,20.0,0.0,2025,10,23,6,0
2025295N09068,2025,UNNAMED,2025-10-23 12:00:00+00:00,11.0,69.4,20.0,1001.0,15.0,50.0,621,20.0,0.0,2025,10,23,12,0
2025295N09068,2025,UNNAMED,2025-10-23 18:00:00+00:00,12.0,70.0,20.0,1001.0,13.0,25.0,529,20.0,0.0,2025,10,23,18,0
2025295N09068,2025,UNNAMED,2025-10-24 00:00:00+00:00,13.3,70.5,20.0,1001.0,14.0,10.0,418,20.0,0.0,2025,10,24,0,0
2025295N09068,2025,UNNAMED,2025-10-24 03:00:00+00:00,14.0,70.6,20.0,1001.0,11.0,10.0,376,20.0,0.0,2025,10,24,3,0
2025295N09068,2025,UNNAMED,2025-10-24 06:00:00+00:00,14.4,70.7,20.0,1001.0,8.0,10.0,349,20.0,0.0,2025,10,24,6,0
2025295N09068,2025,UNNAMED,2025-10-24 12:00:00+00:00,15.2,70.7,20.0,1001.0,9.0,0.0,313,20.0,0.0,2025,10,24,12,0
2025295N09068,2025,UNNAMED,2025-10-24 18:00:00+00:00,16.1,70.7,20.0,1001.0,6.0,345.0,281,20.0,0.0,2025,10,24,18,0
2025295N09068,2025,UNNAMED,2025-10-25 00:00:00+00:00,16.4,70.4,20.0,1001.0,2.0,325.0,309,20.0,0.0,2025,10,25,0,0
2025295N09068,2025,UNNAMED,2025-10-25 03:00:00+00:00,16.5,70.4,20.0,1001.0,12.0,280.0,309,20.0,0.0,2025,10,25,3,0
2025295N09068,2025,UNNAMED,2025-10-25 06:00:00+00:00,16.6,69.2,20.0,1001.0,19.0,275.0,429,20.0,0.0,2025,10,25,6,0
2025295N09068,2025,UNNAMED,2025-10-25 12:00:00+00:00,16.6,68.0,20.0,1001.0,9.0,270.0,545,20.0,0.0,2025,10,25,12,0
2025295N09068,2025,UNNAMED,2025-10-25 18:00:00+00:00,16.6,67.2,20.0,1001.0,5.0,275.0,593,20.0,0.0,2025,10,25,18,0
2025295N09068,2025,UNNAMED,2025-10-26 00:00:00+00:00,16.5,66.8,20.0,1001.0,8.0,215.0,626,20.0,0.0,2025,10,26,0,0
2025295N09068,2025,UNNAMED,2025-10-26 03:00:00+00:00,16.0,66.5,20.0,1001.0,11.0,200.0,691,20.0,0.0,2025,10,26,3,0
2025295N09068,2025,UNNAMED,2025-10-26 06:00:00+00:00,15.5,66.4,20.0,1001.0,8.0,190.0,743,20.0,0.0,2025,10,26,6,0
2025295N09068,2025,UNNAMED,2025-10-26 12:00:00+00:00,15.1,66.4,20.0,1001.0,2.0,165.0,754,20.0,0.0,2025,10,26,12,0
2025295N09068,2025,UNNAMED,2025-10-26 18:00:00+00:00,15.1,66.5,20.0,1001.0,6.0,20.0,744,20.0,0.0,2025,10,26,18,1
2025295N09068,2025,UNNAMED,2025-10-27 00:00:00+00:00,16.1,66.8,25.0,1000.0,9.0,15.0,663,20.0,5.0,2025,10,27,0,0
2025295N09068,2025,UNNAMED,2025-10-27 03:00:00+00:00,16.4,66.9,25.0,1000.0,6.0,40.0,630,25.0,0.0,2025,10,27,3,0
2025295N09068,2025,UNNAMED,2025-10-27 06:00:00+00:00,16.6,67.2,25.0,1000.0,5.0,55.0,593,25.0,0.0,2025,10,27,6,0
2025295N09068,2025,UNNAMED,2025-10-27 12:00:00+00:00,16.7,67.3,25.0,1000.0,0.0,265.0,578,25.0,0.0,2025,10,27,12,0
2025295N09068,2025,UNNAMED,2025-10-27 18:00:00+00:00,16.7,67.3,25.0,1000.0,3.0,60.0,578,25.0,0.0,2025,10,27,18,0
2025295N09068,2025,UNNAMED,2025-10-28 00:00:00+00:00,17.0,67.8,25.0,1000.0,3.0,40.0,520,25.0,0.0,2025,10,28,0,0
2025295N09068,2025,UNNAMED,2025-10-28 03:00:00+00:00,17.1,67.8,25.0,1000.0,3.0,45.0,511,25.0,0.0,2025,10,28,3,0
2025295N09068,2025,UNNAMED,2025-10-28 06:00:00+00:00,17.2,68.0,25.0,1000.0,5.0,65.0,489,25.0,0.0,2025,10,28,6,0
2025295N09068,2025,UNNAMED,2025-10-28 12:00:00+00:00,17.4,68.5,25.0,1000.0,6.0,65.0,441,25.0,0.0,2025,10,28,12,0
2025295N09068,2025,UNNAMED,2025-10-28 18:00:00+00:00,17.7,69.0,25.0,1000.0,4.0,50.0,385,25.0,0.0,2025,10,28,18,0
2025295N09068,2025,UNNAMED,2025-10-29 00:00:00+00:00,17.9,69.2,25.0,1000.0,1.0,35.0,355,25.0,0.0,2025,10,29,0,0
2025295N09068,2025,UNNAMED,2025-10-29 03:00:00+00:00,17.9,69.2,25.0,1000.0,1.0,315.0,355,25.0,0.0,2025,10,29,3,0
2025295N09068,2025,UNNAMED,2025-10-29 06:00:00+00:00,18.0,69.1,25.0,1000.0,2.0,295.0,350,25.0,0.0,2025,10,29,6,0
2025295N09068,2025,UNNAMED,2025-10-29 12:00:00+00:00,17.9,69.0,25.0,1000.0,1.0,230.0,365,25.0,0.0,2025,10,29,12,0
2025295N09068,2025,UNNAMED,2025-10-29 18:00:00+00:00,17.9,68.8,25.0,1000.0,4.0,270.0,377,25.0,0.0,2025,10,29,18,0
2025295N09068,2025,UNNAMED,2025-10-30 00:00:00+00:00,17.9,68.2,25.0,1000.0,3.0,270.0,413,25.0,0.0,2025,10,30,0,0
2025295N09068,2025,UNNAMED,2025-10-30 03:00:00+00:00,17.9,68.2,25.0,1000.0,0.0,0.0,413,25.0,0.0,2025,10,30,3,0
2025295N09068,2025,UNNAMED,2025-10-30 06:00:00+00:00,17.9,68.2,25.0,1000.0,1.0,0.0,413,25.0,0.0,2025,10,30,6,0
2025295N09068,2025,UNNAMED,2025-10-30 12:00:00+00:00,18.1,68.2,25.0,1000.0,2.0,360.0,395,25.0,0.0,2025,10,30,12,0
2025295N09068,2025,UNNAMED,2025-10-30 18:00:00+00:00,18.3,68.2,25.0,1000.0,2.0,25.0,376,25.0,0.0,2025,10,30,18,0
2025295N09068,2025,UNNAMED,2025-10-31 00:00:00+00:00,18.6,68.4,25.0,1000.0,5.0,25.0,337,25.0,0.0,2025,10,31,0,0
2025295N09068,2025,UNNAMED,2025-10-31 03:00:00+00:00,18.9,68.5,25.0,1000.0,3.0,15.0,303,25.0,0.0,2025,10,31,3,0
2025295N09068,2025,UNNAMED,2025-10-31 06:00:00+00:00,18.9,68.5,25.0,1000.0,2.0,55.0,303,25.0,0.0,2025,10,31,6,0
2025295N09068,2025,UNNAMED,2025-10-31 12:00:00+00:00,19.2,69.0,25.0,1000.0,7.0,65.0,246,25.0,0.0,2025,10,31,12,0
2025298N11089,2025,MONTHA,2025-10-25 00:00:00+00:00,10.8,89.0,20.0,1003.0,4.0,270.0,809,35.0,0.0,2025,10,25,0,1
2025298N11089,2025,MONTHA,2025-10-25 03:00:00+00:00,10.8,88.8,25.0,1002.0,4.0,270.0,824,20.0,5.0,2025,10,25,3,0
2025298N11089,2025,MONTHA,2025-10-25 06:00:00+00:00,10.8,88.6,25.0,1002.0,4.0,275.0,828,25.0,0.0,2025,10,25,6,0
2025298N11089,2025,MONTHA,2025-10-25 12:00:00+00:00,10.9,88.1,25.0,1002.0,5.0,285.0,783,25.0,0.0,2025,10,25,12,0
2025298N11089,2025,MONTHA,2025-10-25 18:00:00+00:00,11.0,87.7,25.0,1002.0,4.0,285.0,749,25.0,0.0,2025,10,25,18,1
2025298N11089,2025,MONTHA,2025-10-26 00:00:00+00:00,11.1,87.3,30.0,1000.0,4.0,290.0,714,25.0,5.0,2025,10,26,0,0
2025298N11089,2025,MONTHA,2025-10-26 03:00:00+00:00,11.2,87.1,30.0,998.0,4.0,295.0,699,30.0,0.0,2025,10,26,3,0
2025298N11089,2025,MONTHA,2025-10-26 06:00:00+00:00,11.3,86.9,30.0,998.0,4.0,295.0,684,30.0,0.0,2025,10,26,6,0
2025298N11089,2025,MONTHA,2025-10-26 12:00:00+00:00,11.4,86.4,30.0,998.0,8.0,265.0,642,30.0,0.0,2025,10,26,12,1
2025298N11089,2025,MONTHA,2025-10-26 18:00:00+00:00,11.4,85.6,35.0,997.0,8.0,315.0,569,30.0,5.0,2025,10,26,18,0
2025298N11089,2025,MONTHA,2025-10-26 21:00:00+00:00,11.9,85.4,35.0,997.0,10.0,345.0,569,35.0,0.0,2025,10,26,21,0
2025298N11089,2025,MONTHA,2025-10-27 00:00:00+00:00,12.4,85.3,35.0,997.0,9.0,325.0,551,35.0,0.0,2025,10,27,0,1
2025298N11089,2025,MONTHA,2025-10-27 03:00:00+00:00,12.6,84.8,40.0,996.0,9.0,290.0,494,35.0,5.0,2025,10,27,3,0
2025298N11089,2025,MONTHA,2025-10-27 06:00:00+00:00,12.7,84.4,40.0,996.0,8.0,295.0,449,40.0,0.0,2025,10,27,6,0
2025298N11089,2025,MONTHA,2025-10-27 09:00:00+00:00,13.0,84.1,40.0,995.0,7.0,325.0,413,40.0,0.0,2025,10,27,9,1
2025298N11089,2025,MONTHA,2025-10-27 12:00:00+00:00,13.3,84.0,45.0,994.0,8.0,335.0,400,40.0,5.0,2025,10,27,12,0
2025298N11089,2025,MONTHA,2025-10-27 15:00:00+00:00,13.7,83.8,45.0,994.0,10.0,330.0,362,45.0,0.0,2025,10,27,15,0
2025298N11089,2025,MONTHA,2025-10-27 18:00:00+00:00,14.1,83.5,45.0,993.0,8.0,325.0,307,45.0,0.0,2025,10,27,18,0
2025298N11089,2025,MONTHA,2025-10-27 21:00:00+00:00,14.4,83.3,45.0,992.0,6.0,315.0,267,45.0,0.0,2025,10,27,21,1
2025298N11089,2025,MONTHA,2025-10-28 00:00:00+00:00,14.6,83.1,50.0,991.0,6.0,320.0,238,45.0,5.0,2025,10,28,0,0
2025298N11089,2025,MONTHA,2025-10-28 03:00:00+00:00,14.8,82.9,50.0,991.0,8.0,325.0,208,50.0,0.0,2025,10,28,3,0
2025298N11089,2025,MONTHA,2025-10-28 06:00:00+00:00,15.2,82.6,50.0,991.0,9.0,330.0,153,50.0,0.0,2025,10,28,6,0
2025298N11089,2025,MONTHA,2025-10-28 09:00:00+00:00,15.6,82.4,50.0,990.0,9.0,325.0,104,50.0,0.0,2025,10,28,9,0
2025298N11089,2025,MONTHA,2025-10-28 12:00:00+00:00,15.9,82.1,50.0,990.0,8.0,305.0,59,50.0,0.0,2025,10,28,12,0
2025298N11089,2025,MONTHA,2025-10-28 15:00:00+00:00,16.0,81.8,50.0,990.0,7.0,285.0,35,50.0,0.0,2025,10,28,15,0
2025298N11089,2025,MONTHA,2025-10-28 18:00:00+00:00,16.1,81.5,50.0,990.0,6.0,315.0,30,50.0,0.0,2025,10,28,18,0
2025298N11089,2025,MONTHA,2025-10-28 21:00:00+00:00,16.4,81.4,40.0,992.0,9.0,350.0,0,50.0,-10.0,2025,10,28,21,0
2025298N11089,2025,MONTHA,2025-10-29 00:00:00+00:00,17.0,81.3,35.0,997.0,9.0,350.0,0,40.0,-5.0,2025,10,29,0,0
2025298N11089,2025,MONTHA,2025-10-29 03:00:00+00:00,17.3,81.2,30.0,999.0,8.0,345.0,0,35.0,-5.0,2025,10,29,3,0
2025298N11089,2025,MONTHA,2025-10-29 06:00:00+00:00,17.7,81.1,30.0,999.0,9.0,350.0,0,30.0,0.0,2025,10,29,6,0
2025298N11089,2025,MONTHA,2025-10-29 12:00:00+00:00,18.7,80.9,25.0,1000.0,10.0,350.0,0,30.0,-5.0,2025,10,29,12,0
2025329N05100,2025,SENYAR,2025-11-25 03:00:00+00:00,5.4,99.7,20.0,1004.0,4.0,245.0,74,35.0,0.0,2025,11,25,3,0
2025329N05100,2025,SENYAR,2025-11-25 06:00:00+00:00,5.3,99.5,20.0,1004.0,5.0,245.0,99,20.0,0.0,2025,11,25,6,1
2025329N05100,2025,SENYAR,2025-11-25 12:00:00+00:00,5.0,99.0,25.0,1003.0,6.0,245.0,102,20.0,5.0,2025,11,25,12,1
2025329N05100,2025,SENYAR,2025-11-25 18:00:00+00:00,4.9,98.4,30.0,1002.0,6.0,260.0,50,25.0,5.0,2025,11,25,18,1
2025329N05100,2025,SENYAR,2025-11-26 00:00:00+00:00,4.8,98.0,40.0,999.0,4.0,220.0,11,30.0,10.0,2025,11,26,0,0
2025329N05100,2025,SENYAR,2025-11-26 03:00:00+00:00,4.5,97.9,40.0,999.0,5.0,175.0,0,40.0,0.0,2025,11,26,3,0
2025329N05100,2025,SENYAR,2025-11-26 06:00:00+00:00,4.3,98.0,40.0,999.0,5.0,155.0,0,40.0,0.0,2025,11,26,6,0
2025329N05100,2025,SENYAR,2025-11-26 09:00:00+00:00,4.1,98.1,40.0,999.0,5.0,130.0,0,40.0,0.0,2025,11,26,9,0
2025329N05100,2025,SENYAR,2025-11-26 12:00:00+00:00,4.0,98.4,35.0,1000.0,8.0,115.0,0,40.0,-5.0,2025,11,26,12,0
2025329N05100,2025,SENYAR,2025-11-26 15:00:00+00:00,3.8,98.9,35.0,1000.0,10.0,105.0,11,35.0,0.0,2025,11,26,15,0
2025329N05100,2025,SENYAR,2025-11-26 18:00:00+00:00,3.7,99.4,35.0,1000.0,9.0,100.0,25,35.0,0.0,2025,11,26,18,0
2025329N05100,2025,SENYAR,2025-11-26 21:00:00+00:00,3.7,99.7,35.0,1001.0,6.0,100.0,40,35.0,0.0,2025,11,26,21,0
2025329N05100,2025,SENYAR,2025-11-27 00:00:00+00:00,3.6,100.0,30.0,1002.0,4.0,95.0,50,35.0,-5.0,2025,11,27,0,0
2025329N05100,2025,SENYAR,2025-11-27 03:00:00+00:00,3.6,100.1,30.0,1002.0,3.0,95.0,55,30.0,0.0,2025,11,27,3,0
2025331N06083,2025,DITWAH,2025-11-26 18:00:00+00:00,5.9,82.6,25.0,1004.0,3.0,340.0,120,35.0,0.0,2025,11,26,18,1
2025331N06083,2025,DITWAH,2025-11-27 00:00:00+00:00,6.4,81.9,30.0,1003.0,9.0,320.0,24,25.0,5.0,2025,11,27,0,0
2025331N06083,2025,DITWAH,2025-11-27 03:00:00+00:00,6.7,81.9,30.0,1003.0,6.0,10.0,15,30.0,0.0,2025,11,27,3,1
2025331N06083,2025,DITWAH,2025-11-27 06:00:00+00:00,7.0,82.0,35.0,1002.0,5.0,0.0,11,30.0,5.0,2025,11,27,6,0
2025331N06083,2025,DITWAH,2025-11-27 09:00:00+00:00,7.3,81.9,35.0,1002.0,7.0,330.0,11,35.0,0.0,2025,11,27,9,0
2025331N06083,2025,DITWAH,2025-11-27 12:00:00+00:00,7.6,81.7,35.0,1002.0,7.0,320.0,0,35.0,0.0,2025,11,27,12,0
2025331N06083,2025,DITWAH,2025-11-27 15:00:00+00:00,7.8,81.5,35.0,1002.0,5.0,310.0,0,35.0,0.0,2025,11,27,15,0
2025331N06083,2025,DITWAH,2025-11-27 18:00:00+00:00,7.9,81.3,35.0,1002.0,4.0,315.0,0,35.0,0.0,2025,11,27,18,0
2025331N06083,2025,DITWAH,2025-11-27 21:00:00+00:00,8.0,81.2,35.0,1002.0,3.0,320.0,0,35.0,0.0,2025,11,27,21,0
2025331N06083,2025,DITWAH,2025-11-28 00:00:00+00:00,8.1,81.1,35.0,1002.0,2.0,320.0,0,35.0,0.0,2025,11,28,0,0
2025331N06083,2025,DITWAH,2025-11-28 03:00:00+00:00,8.2,81.0,35.0,1002.0,2.0,335.0,0,35.0,0.0,2025,11,28,3,0
2025331N06083,2025,DITWAH,2025-11-28 06:00:00+00:00,8.3,81.0,35.0,1002.0,2.0,345.0,0,35.0,0.0,2025,11,28,6,0
2025331N06083,2025,DITWAH,2025-11-28 09:00:00+00:00,8.5,81.0,35.0,1002.0,3.0,345.0,0,35.0,0.0,2025,11,28,9,0
2025331N06083,2025,DITWAH,2025-11-28 12:00:00+00:00,8.6,80.9,35.0,1002.0,4.0,340.0,0,35.0,0.0,2025,11,28,12,0
2025331N06083,2025,DITWAH,2025-11-28 15:00:00+00:00,8.8,80.8,35.0,1002.0,4.0,345.0,0,35.0,0.0,2025,11,28,15,0
2025331N06083,2025,DITWAH,2025-11-28 18:00:00+00:00,9.0,80.8,35.0,1002.0,4.0,355.0,0,35.0,0.0,2025,11,28,18,0
2025331N06083,2025,DITWAH,2025-11-28 21:00:00+00:00,9.2,80.8,35.0,1001.0,4.0,355.0,0,35.0,0.0,2025,11,28,21,0
2025331N06083,2025,DITWAH,2025-11-29 00:00:00+00:00,9.4,80.8,35.0,1001.0,4.0,355.0,11,35.0,0.0,2025,11,29,0,1
2025331N06083,2025,DITWAH,2025-11-29 03:00:00+00:00,9.6,80.8,40.0,1000.0,5.0,0.0,31,35.0,5.0,2025,11,29,3,0
2025331N06083,2025,DITWAH,2025-11-29 06:00:00+00:00,9.9,80.8,40.0,1000.0,4.0,355.0,55,40.0,0.0,2025,11,29,6,0
2025331N06083,2025,DITWAH,2025-11-29 09:00:00+00:00,10.1,80.7,40.0,1000.0,4.0,355.0,62,40.0,0.0,2025,11,29,9,0
2025331N06083,2025,DITWAH,2025-11-29 12:00:00+00:00,10.3,80.7,40.0,1000.0,3.0,5.0,80,40.0,0.0,2025,11,29,12,0
2025331N06083,2025,DITWAH,2025-11-29 15:00:00+00:00,10.4,80.7,40.0,1000.0,3.0,0.0,87,40.0,0.0,2025,11,29,15,0
2025331N06083,2025,DITWAH,2025-11-29 18:00:00+00:00,10.6,80.7,40.0,1000.0,4.0,5.0,87,40.0,0.0,2025,11,29,18,0
2025331N06083,2025,DITWAH,2025-11-29 21:00:00+00:00,10.8,80.7,40.0,1000.0,5.0,0.0,87,40.0,0.0,2025,11,29,21,0
2025331N06083,2025,DITWAH,2025-11-30 00:00:00+00:00,11.0,80.7,40.0,1000.0,5.0,0.0,87,40.0,0.0,2025,11,30,0,0
2025331N06083,2025,DITWAH,2025-11-30 03:00:00+00:00,11.2,80.7,40.0,1000.0,3.0,0.0,87,40.0,0.0,2025,11,30,3,0
2025331N06083,2025,DITWAH,2025-11-30 06:00:00+00:00,11.4,80.7,35.0,1001.0,3.0,0.0,90,40.0,-5.0,2025,11,30,6,0
2025331N06083,2025,DITWAH,2025-11-30 09:00:00+00:00,11.6,80.7,35.0,1002.0,4.0,10.0,97,35.0,0.0,2025,11,30,9,0
2025331N06083,2025,DITWAH,2025-11-30 12:00:00+00:00,11.7,80.8,30.0,1003.0,4.0,40.0,103,35.0,-5.0,2025,11,30,12,0
2025331N06083,2025,DITWAH,2025-11-30 18:00:00+00:00,12.0,81.2,30.0,1003.0,5.0,25.0,122,30.0,0.0,2025,11,30,18,0
2025331N06083,2025,DITWAH,2025-12-01 00:00:00+00:00,12.6,81.2,30.0,1003.0,5.0,340.0,108,30.0,0.0,2025,12,1,0,0
2025331N06083,2025,DITWAH,2025-12-01 03:00:00+00:00,12.7,81.0,30.0,1003.0,4.0,330.0,86,30.0,0.0,2025,12,1,3,0
2025331N06083,2025,DITWAH,2025-12-01 06:00:00+00:00,12.9,80.9,30.0,1003.0,3.0,330.0,75,30.0,0.0,2025,12,1,6,0
2025331N06083,2025,DITWAH,2025-12-01 12:00:00+00:00,12.9,80.9,30.0,1003.0,2.0,220.0,75,30.0,0.0,2025,12,1,12,0
2025331N06083,2025,DITWAH,2025-12-01 18:00:00+00:00,12.7,80.7,30.0,1003.0,2.0,230.0,54,30.0,0.0,2025,12,1,18,0
2025331N06083,2025,DITWAH,2025-12-02 00:00:00+00:00,12.6,80.6,25.0,1004.0,2.0,150.0,43,30.0,-5.0,2025,12,2,0,0
2025331N06083,2025,DITWAH,2025-12-02 03:00:00+00:00,12.5,80.7,25.0,1004.0,3.0,155.0,54,25.0,0.0,2025,12,2,3,0
2025331N06083,2025,DITWAH,2025-12-02 06:00:00+00:00,12.4,80.7,25.0,1004.0,3.0,200.0,55,25.0,0.0,2025,12,2,6,0
2025331N06083,2025,DITWAH,2025-12-02 12:00:00+00:00,12.3,80.4,25.0,1004.0,3.0,255.0,31,25.0,0.0,2025,12,2,12,0
